Assuming unrestricted shared filesystem usage.
None
host: UWO-CBS-Heavy11
Building DAG of jobs...
Your conda installation is not configured to use strict channel priorities. This is however important for having robust and correct environments (for details, see https://conda-forge.org/docs/user/tipsandtricks.html). Please consider to configure strict priorities by executing 'conda config --set channel_priority strict'.
Creating conda environment ../autoafids/workflow/envs/resample.yaml...
Downloading and installing remote packages.
Cleaning up conda package tarballs.
Environment for /local/scratch/autoafids/autoafids/workflow/envs/resample.yaml created (location: ../../../../localscratch/.cache/autoafids/conda/fd9ea35b16c4e2c41feeb821ac0ad38d_)
Creating conda environment ../autoafids/workflow/envs/ants.yaml...
Downloading and installing remote packages.
Cleaning up conda package tarballs.
Environment for /local/scratch/autoafids/autoafids/workflow/envs/ants.yaml created (location: ../../../../localscratch/.cache/autoafids/conda/e8ff564ca4e208014aa4e977742ac559_)
Creating conda environment ../autoafids/workflow/envs/nibabel.yaml...
Downloading and installing remote packages.
Cleaning up conda package tarballs.
Environment for /local/scratch/autoafids/autoafids/workflow/rules/../envs/nibabel.yaml created (location: ../../../../localscratch/.cache/autoafids/conda/9b0ebefefdaf8f4c3064162c9af16ee6_)
Creating conda environment ../autoafids/workflow/envs/nnlm.yaml...
Downloading and installing remote packages.
Cleaning up conda package tarballs.
Environment for /local/scratch/autoafids/autoafids/workflow/rules/../envs/nnlm.yaml created (location: ../../../../localscratch/.cache/autoafids/conda/6ee0e8c060cc6e84267c0f99faf11702_)
Creating conda environment ../autoafids/workflow/envs/skimage.yaml...
Downloading and installing remote packages.
Cleaning up conda package tarballs.
Environment for /local/scratch/autoafids/autoafids/workflow/rules/../envs/skimage.yaml created (location: ../../../../localscratch/.cache/autoafids/conda/7e9941e9acc1503fed10fd844ea3118b_)
Using shell: /usr/bin/bash
Provided cores: 12
Rules claiming more threads will be scaled down.
Job stats:
job                    count
-------------------  -------
all                        1
download_nnlm_model        1
n4_bias_correction        26
nnlm_to_fcsv              26
norm_im                   26
resample_im               26
run_nnlm                  26
stereotaxy                26
total                    158

Select jobs to execute...
Execute 12 jobs...
[Thu Aug  6 10:46:05 2026]
localrule download_nnlm_model:
    output: /localscratch/.cache/autoafids/models/nnlm
    log: logs/download_nnlm_model.log
    jobid: 6
    reason: Missing output files: /localscratch/.cache/autoafids/models/nnlm
    resources: tmpdir=/localscratch/tmp
[Thu Aug  6 10:46:05 2026]
localrule n4_bias_correction:
    input: /local/scratch/rawdata/sub-P369/ses-preop/anat/sub-P369_ses-preop_acq-ax_run-01_T1w.nii.gz
    output: work/sub-P369/ses-preop/n4biascorr/sub-P369_ses-preop_acq-ax_run-01_desc-n4corrected_T1w.nii.gz
    jobid: 126
    reason: Missing output files: work/sub-P369/ses-preop/n4biascorr/sub-P369_ses-preop_acq-ax_run-01_desc-n4corrected_T1w.nii.gz
    wildcards: subject=P369, session=preop, acq=ax, run=01
    resources: tmpdir=/localscratch/tmp
[Thu Aug  6 10:46:05 2026]
localrule n4_bias_correction:
    input: /local/scratch/rawdata/sub-P350/ses-preop/anat/sub-P350_ses-preop_acq-ax_run-01_T1w.nii.gz
    output: work/sub-P350/ses-preop/n4biascorr/sub-P350_ses-preop_acq-ax_run-01_desc-n4corrected_T1w.nii.gz
    jobid: 96
    reason: Missing output files: work/sub-P350/ses-preop/n4biascorr/sub-P350_ses-preop_acq-ax_run-01_desc-n4corrected_T1w.nii.gz
    wildcards: subject=P350, session=preop, acq=ax, run=01
    resources: tmpdir=/localscratch/tmp
[Thu Aug  6 10:46:05 2026]
localrule n4_bias_correction:
    input: /local/scratch/rawdata/sub-P289/ses-preop/anat/sub-P289_ses-preop_acq-ax_run-01_T1w.nii.gz
    output: work/sub-P289/ses-preop/n4biascorr/sub-P289_ses-preop_acq-ax_run-01_desc-n4corrected_T1w.nii.gz
    jobid: 71
    reason: Missing output files: work/sub-P289/ses-preop/n4biascorr/sub-P289_ses-preop_acq-ax_run-01_desc-n4corrected_T1w.nii.gz
    wildcards: subject=P289, session=preop, acq=ax, run=01
    resources: tmpdir=/localscratch/tmp
[Thu Aug  6 10:46:05 2026]
localrule n4_bias_correction:
    input: /local/scratch/rawdata/sub-P205/ses-preop/anat/sub-P205_ses-preop_acq-ax_run-01_T1w.nii.gz
    output: work/sub-P205/ses-preop/n4biascorr/sub-P205_ses-preop_acq-ax_run-01_desc-n4corrected_T1w.nii.gz
    jobid: 36
    reason: Missing output files: work/sub-P205/ses-preop/n4biascorr/sub-P205_ses-preop_acq-ax_run-01_desc-n4corrected_T1w.nii.gz
    wildcards: subject=P205, session=preop, acq=ax, run=01
    resources: tmpdir=/localscratch/tmp
[Thu Aug  6 10:46:05 2026]
localrule n4_bias_correction:
    input: /local/scratch/rawdata/sub-P202/ses-preop/anat/sub-P202_ses-preop_acq-ax_run-01_T1w.nii.gz
    output: work/sub-P202/ses-preop/n4biascorr/sub-P202_ses-preop_acq-ax_run-01_desc-n4corrected_T1w.nii.gz
    jobid: 31
    reason: Missing output files: work/sub-P202/ses-preop/n4biascorr/sub-P202_ses-preop_acq-ax_run-01_desc-n4corrected_T1w.nii.gz
    wildcards: subject=P202, session=preop, acq=ax, run=01
    resources: tmpdir=/localscratch/tmp
[Thu Aug  6 10:46:05 2026]
localrule n4_bias_correction:
    input: /local/scratch/rawdata/sub-P182/ses-preop/anat/sub-P182_ses-preop_acq-ax_run-01_T1w.nii.gz
    output: work/sub-P182/ses-preop/n4biascorr/sub-P182_ses-preop_acq-ax_run-01_desc-n4corrected_T1w.nii.gz
    jobid: 21
    reason: Missing output files: work/sub-P182/ses-preop/n4biascorr/sub-P182_ses-preop_acq-ax_run-01_desc-n4corrected_T1w.nii.gz
    wildcards: subject=P182, session=preop, acq=ax, run=01
    resources: tmpdir=/localscratch/tmp
[Thu Aug  6 10:46:05 2026]
localrule n4_bias_correction:
    input: /local/scratch/rawdata/sub-P277/ses-preop/anat/sub-P277_ses-preop_acq-ax_run-01_T1w.nii.gz
    output: work/sub-P277/ses-preop/n4biascorr/sub-P277_ses-preop_acq-ax_run-01_desc-n4corrected_T1w.nii.gz
    jobid: 61
    reason: Missing output files: work/sub-P277/ses-preop/n4biascorr/sub-P277_ses-preop_acq-ax_run-01_desc-n4corrected_T1w.nii.gz
    wildcards: subject=P277, session=preop, acq=ax, run=01
    resources: tmpdir=/localscratch/tmp
[Thu Aug  6 10:46:05 2026]
localrule n4_bias_correction:
    input: /local/scratch/rawdata/sub-P374/ses-preop/anat/sub-P374_ses-preop_acq-ax_run-01_T1w.nii.gz
    output: work/sub-P374/ses-preop/n4biascorr/sub-P374_ses-preop_acq-ax_run-01_desc-n4corrected_T1w.nii.gz
    jobid: 131
    reason: Missing output files: work/sub-P374/ses-preop/n4biascorr/sub-P374_ses-preop_acq-ax_run-01_desc-n4corrected_T1w.nii.gz
    wildcards: subject=P374, session=preop, acq=ax, run=01
    resources: tmpdir=/localscratch/tmp
[Thu Aug  6 10:46:05 2026]
localrule n4_bias_correction:
    input: /local/scratch/rawdata/sub-P353/ses-preop/anat/sub-P353_ses-preop_acq-ax_run-01_T1w.nii.gz
    output: work/sub-P353/ses-preop/n4biascorr/sub-P353_ses-preop_acq-ax_run-01_desc-n4corrected_T1w.nii.gz
    jobid: 106
    reason: Missing output files: work/sub-P353/ses-preop/n4biascorr/sub-P353_ses-preop_acq-ax_run-01_desc-n4corrected_T1w.nii.gz
    wildcards: subject=P353, session=preop, acq=ax, run=01
    resources: tmpdir=/localscratch/tmp
[Thu Aug  6 10:46:05 2026]
localrule n4_bias_correction:
    input: /local/scratch/rawdata/sub-P359/ses-preop/anat/sub-P359_ses-preop_acq-ax_run-01_T1w.nii.gz
    output: work/sub-P359/ses-preop/n4biascorr/sub-P359_ses-preop_acq-ax_run-01_desc-n4corrected_T1w.nii.gz
    jobid: 116
    reason: Missing output files: work/sub-P359/ses-preop/n4biascorr/sub-P359_ses-preop_acq-ax_run-01_desc-n4corrected_T1w.nii.gz
    wildcards: subject=P359, session=preop, acq=ax, run=01
    resources: tmpdir=/localscratch/tmp
[Thu Aug  6 10:46:05 2026]
localrule n4_bias_correction:
    input: /local/scratch/rawdata/sub-P328/ses-preop/anat/sub-P328_ses-preop_acq-ax_run-01_T1w.nii.gz
    output: work/sub-P328/ses-preop/n4biascorr/sub-P328_ses-preop_acq-ax_run-01_desc-n4corrected_T1w.nii.gz
    jobid: 91
    reason: Missing output files: work/sub-P328/ses-preop/n4biascorr/sub-P328_ses-preop_acq-ax_run-01_desc-n4corrected_T1w.nii.gz
    wildcards: subject=P328, session=preop, acq=ax, run=01
    resources: tmpdir=/localscratch/tmp
Select jobs to execute...
Activating conda environment: ../../../../localscratch/.cache/autoafids/conda/e8ff564ca4e208014aa4e977742ac559_
Activating conda environment: ../../../../localscratch/.cache/autoafids/conda/e8ff564ca4e208014aa4e977742ac559_
Activating conda environment: ../../../../localscratch/.cache/autoafids/conda/e8ff564ca4e208014aa4e977742ac559_
Activating conda environment: ../../../../localscratch/.cache/autoafids/conda/e8ff564ca4e208014aa4e977742ac559_
Activating conda environment: ../../../../localscratch/.cache/autoafids/conda/e8ff564ca4e208014aa4e977742ac559_
Activating conda environment: ../../../../localscratch/.cache/autoafids/conda/e8ff564ca4e208014aa4e977742ac559_
Activating conda environment: ../../../../localscratch/.cache/autoafids/conda/e8ff564ca4e208014aa4e977742ac559_
Activating conda environment: ../../../../localscratch/.cache/autoafids/conda/e8ff564ca4e208014aa4e977742ac559_
Activating conda environment: ../../../../localscratch/.cache/autoafids/conda/e8ff564ca4e208014aa4e977742ac559_
Activating conda environment: ../../../../localscratch/.cache/autoafids/conda/e8ff564ca4e208014aa4e977742ac559_
Activating conda environment: ../../../../localscratch/.cache/autoafids/conda/e8ff564ca4e208014aa4e977742ac559_
Activating conda environment: ../../../../localscratch/.cache/autoafids/conda/e8ff564ca4e208014aa4e977742ac559_
Activating conda environment: ../../../../localscratch/.cache/autoafids/conda/e8ff564ca4e208014aa4e977742ac559_
Activating conda environment: ../../../../localscratch/.cache/autoafids/conda/e8ff564ca4e208014aa4e977742ac559_
Activating conda environment: ../../../../localscratch/.cache/autoafids/conda/e8ff564ca4e208014aa4e977742ac559_
Activating conda environment: ../../../../localscratch/.cache/autoafids/conda/e8ff564ca4e208014aa4e977742ac559_
Activating conda environment: ../../../../localscratch/.cache/autoafids/conda/e8ff564ca4e208014aa4e977742ac559_
Activating conda environment: ../../../../localscratch/.cache/autoafids/conda/e8ff564ca4e208014aa4e977742ac559_
Activating conda environment: ../../../../localscratch/.cache/autoafids/conda/e8ff564ca4e208014aa4e977742ac559_
Activating conda environment: ../../../../localscratch/.cache/autoafids/conda/e8ff564ca4e208014aa4e977742ac559_
Activating conda environment: ../../../../localscratch/.cache/autoafids/conda/e8ff564ca4e208014aa4e977742ac559_
Activating conda environment: ../../../../localscratch/.cache/autoafids/conda/e8ff564ca4e208014aa4e977742ac559_
[Thu Aug  6 10:49:25 2026]
Finished jobid: 91 (Rule: n4_bias_correction)
1 of 158 steps (1%) done
Execute 1 jobs...
[Thu Aug  6 10:49:25 2026]
localrule n4_bias_correction:
    input: /local/scratch/rawdata/sub-P310/ses-preop/anat/sub-P310_ses-preop_acq-ax_run-01_T1w.nii.gz
    output: work/sub-P310/ses-preop/n4biascorr/sub-P310_ses-preop_acq-ax_run-01_desc-n4corrected_T1w.nii.gz
    jobid: 86
    reason: Missing output files: work/sub-P310/ses-preop/n4biascorr/sub-P310_ses-preop_acq-ax_run-01_desc-n4corrected_T1w.nii.gz
    wildcards: subject=P310, session=preop, acq=ax, run=01
    resources: tmpdir=/localscratch/tmp
Activating conda environment: ../../../../localscratch/.cache/autoafids/conda/e8ff564ca4e208014aa4e977742ac559_
Select jobs to execute...
[Thu Aug  6 10:49:26 2026]
Finished jobid: 21 (Rule: n4_bias_correction)
2 of 158 steps (1%) done
Execute 1 jobs...
[Thu Aug  6 10:49:26 2026]
localrule n4_bias_correction:
    input: /local/scratch/rawdata/sub-P165/ses-preop/anat/sub-P165_ses-preop_acq-ax_run-01_T1w.nii.gz
    output: work/sub-P165/ses-preop/n4biascorr/sub-P165_ses-preop_acq-ax_run-01_desc-n4corrected_T1w.nii.gz
    jobid: 5
    reason: Missing output files: work/sub-P165/ses-preop/n4biascorr/sub-P165_ses-preop_acq-ax_run-01_desc-n4corrected_T1w.nii.gz
    wildcards: subject=P165, session=preop, acq=ax, run=01
    resources: tmpdir=/localscratch/tmp
Activating conda environment: ../../../../localscratch/.cache/autoafids/conda/e8ff564ca4e208014aa4e977742ac559_
Select jobs to execute...
[Thu Aug  6 10:49:27 2026]
Finished jobid: 36 (Rule: n4_bias_correction)
3 of 158 steps (2%) done
Execute 1 jobs...
[Thu Aug  6 10:49:27 2026]
localrule n4_bias_correction:
    input: /local/scratch/rawdata/sub-P292/ses-preop/anat/sub-P292_ses-preop_acq-ax_run-01_T1w.nii.gz
    output: work/sub-P292/ses-preop/n4biascorr/sub-P292_ses-preop_acq-ax_run-01_desc-n4corrected_T1w.nii.gz
    jobid: 76
    reason: Missing output files: work/sub-P292/ses-preop/n4biascorr/sub-P292_ses-preop_acq-ax_run-01_desc-n4corrected_T1w.nii.gz
    wildcards: subject=P292, session=preop, acq=ax, run=01
    resources: tmpdir=/localscratch/tmp
Activating conda environment: ../../../../localscratch/.cache/autoafids/conda/e8ff564ca4e208014aa4e977742ac559_
Select jobs to execute...
Activating conda environment: ../../../../localscratch/.cache/autoafids/conda/e8ff564ca4e208014aa4e977742ac559_
Activating conda environment: ../../../../localscratch/.cache/autoafids/conda/e8ff564ca4e208014aa4e977742ac559_
Activating conda environment: ../../../../localscratch/.cache/autoafids/conda/e8ff564ca4e208014aa4e977742ac559_
[Thu Aug  6 10:49:33 2026]
Finished jobid: 71 (Rule: n4_bias_correction)
4 of 158 steps (3%) done
Execute 1 jobs...
[Thu Aug  6 10:49:33 2026]
localrule n4_bias_correction:
    input: /local/scratch/rawdata/sub-P193/ses-preop/anat/sub-P193_ses-preop_acq-ax_run-01_T1w.nii.gz
    output: work/sub-P193/ses-preop/n4biascorr/sub-P193_ses-preop_acq-ax_run-01_desc-n4corrected_T1w.nii.gz
    jobid: 26
    reason: Missing output files: work/sub-P193/ses-preop/n4biascorr/sub-P193_ses-preop_acq-ax_run-01_desc-n4corrected_T1w.nii.gz
    wildcards: subject=P193, session=preop, acq=ax, run=01
    resources: tmpdir=/localscratch/tmp
Select jobs to execute...
Activating conda environment: ../../../../localscratch/.cache/autoafids/conda/e8ff564ca4e208014aa4e977742ac559_
Activating conda environment: ../../../../localscratch/.cache/autoafids/conda/e8ff564ca4e208014aa4e977742ac559_
[Thu Aug  6 10:49:36 2026]
Finished jobid: 31 (Rule: n4_bias_correction)
5 of 158 steps (3%) done
Execute 1 jobs...
[Thu Aug  6 10:49:36 2026]
localrule n4_bias_correction:
    input: /local/scratch/rawdata/sub-P175/ses-preop/anat/sub-P175_ses-preop_acq-ax_run-01_T1w.nii.gz
    output: work/sub-P175/ses-preop/n4biascorr/sub-P175_ses-preop_acq-ax_run-01_desc-n4corrected_T1w.nii.gz
    jobid: 16
    reason: Missing output files: work/sub-P175/ses-preop/n4biascorr/sub-P175_ses-preop_acq-ax_run-01_desc-n4corrected_T1w.nii.gz
    wildcards: subject=P175, session=preop, acq=ax, run=01
    resources: tmpdir=/localscratch/tmp
Activating conda environment: ../../../../localscratch/.cache/autoafids/conda/e8ff564ca4e208014aa4e977742ac559_
Select jobs to execute...
Activating conda environment: ../../../../localscratch/.cache/autoafids/conda/e8ff564ca4e208014aa4e977742ac559_
[Thu Aug  6 10:50:01 2026]
Finished jobid: 126 (Rule: n4_bias_correction)
6 of 158 steps (4%) done
Execute 1 jobs...
[Thu Aug  6 10:50:01 2026]
localrule n4_bias_correction:
    input: /local/scratch/rawdata/sub-P167/ses-preop/anat/sub-P167_ses-preop_acq-ax_run-01_T1w.nii.gz
    output: work/sub-P167/ses-preop/n4biascorr/sub-P167_ses-preop_acq-ax_run-01_desc-n4corrected_T1w.nii.gz
    jobid: 11
    reason: Missing output files: work/sub-P167/ses-preop/n4biascorr/sub-P167_ses-preop_acq-ax_run-01_desc-n4corrected_T1w.nii.gz
    wildcards: subject=P167, session=preop, acq=ax, run=01
    resources: tmpdir=/localscratch/tmp
Activating conda environment: ../../../../localscratch/.cache/autoafids/conda/e8ff564ca4e208014aa4e977742ac559_
Select jobs to execute...
Activating conda environment: ../../../../localscratch/.cache/autoafids/conda/e8ff564ca4e208014aa4e977742ac559_
[Thu Aug  6 10:50:52 2026]
Finished jobid: 96 (Rule: n4_bias_correction)
7 of 158 steps (4%) done
Execute 1 jobs...
[Thu Aug  6 10:50:52 2026]
localrule n4_bias_correction:
    input: /local/scratch/rawdata/sub-P256/ses-preop/anat/sub-P256_ses-preop_acq-ax_run-01_T1w.nii.gz
    output: work/sub-P256/ses-preop/n4biascorr/sub-P256_ses-preop_acq-ax_run-01_desc-n4corrected_T1w.nii.gz
    jobid: 56
    reason: Missing output files: work/sub-P256/ses-preop/n4biascorr/sub-P256_ses-preop_acq-ax_run-01_desc-n4corrected_T1w.nii.gz
    wildcards: subject=P256, session=preop, acq=ax, run=01
    resources: tmpdir=/localscratch/tmp
Activating conda environment: ../../../../localscratch/.cache/autoafids/conda/e8ff564ca4e208014aa4e977742ac559_
Select jobs to execute...
Activating conda environment: ../../../../localscratch/.cache/autoafids/conda/e8ff564ca4e208014aa4e977742ac559_
[Thu Aug  6 10:52:24 2026]
Finished jobid: 6 (Rule: download_nnlm_model)
8 of 158 steps (5%) done
Execute 1 jobs...
[Thu Aug  6 10:52:24 2026]
localrule n4_bias_correction:
    input: /local/scratch/rawdata/sub-P281/ses-preop/anat/sub-P281_ses-preop_acq-ax_run-01_T1w.nii.gz
    output: work/sub-P281/ses-preop/n4biascorr/sub-P281_ses-preop_acq-ax_run-01_desc-n4corrected_T1w.nii.gz
    jobid: 66
    reason: Missing output files: work/sub-P281/ses-preop/n4biascorr/sub-P281_ses-preop_acq-ax_run-01_desc-n4corrected_T1w.nii.gz
    wildcards: subject=P281, session=preop, acq=ax, run=01
    resources: tmpdir=/localscratch/tmp
Activating conda environment: ../../../../localscratch/.cache/autoafids/conda/e8ff564ca4e208014aa4e977742ac559_
Select jobs to execute...
Activating conda environment: ../../../../localscratch/.cache/autoafids/conda/e8ff564ca4e208014aa4e977742ac559_
[Thu Aug  6 10:52:58 2026]
Finished jobid: 5 (Rule: n4_bias_correction)
9 of 158 steps (6%) done
Execute 1 jobs...
[Thu Aug  6 10:52:58 2026]
localrule norm_im:
    input: work/sub-P165/ses-preop/n4biascorr/sub-P165_ses-preop_acq-ax_run-01_desc-n4corrected_T1w.nii.gz
    output: work/sub-P165/ses-preop/normalize/sub-P165_ses-preop_acq-ax_run-01_desc-zscore_T1w.nii.gz
    jobid: 4
    reason: Missing output files: work/sub-P165/ses-preop/normalize/sub-P165_ses-preop_acq-ax_run-01_desc-zscore_T1w.nii.gz; Input files updated by another job: work/sub-P165/ses-preop/n4biascorr/sub-P165_ses-preop_acq-ax_run-01_desc-n4corrected_T1w.nii.gz
    wildcards: subject=P165, session=preop, acq=ax, run=01
    resources: tmpdir=/localscratch/tmp
Activating conda environment: ../../../../localscratch/.cache/autoafids/conda/9b0ebefefdaf8f4c3064162c9af16ee6_
Select jobs to execute...
Activating conda environment: ../../../../localscratch/.cache/autoafids/conda/9b0ebefefdaf8f4c3064162c9af16ee6_
[Thu Aug  6 10:53:04 2026]
Finished jobid: 26 (Rule: n4_bias_correction)
10 of 158 steps (6%) done
Execute 1 jobs...
[Thu Aug  6 10:53:04 2026]
localrule norm_im:
    input: work/sub-P350/ses-preop/n4biascorr/sub-P350_ses-preop_acq-ax_run-01_desc-n4corrected_T1w.nii.gz
    output: work/sub-P350/ses-preop/normalize/sub-P350_ses-preop_acq-ax_run-01_desc-zscore_T1w.nii.gz
    jobid: 95
    reason: Missing output files: work/sub-P350/ses-preop/normalize/sub-P350_ses-preop_acq-ax_run-01_desc-zscore_T1w.nii.gz; Input files updated by another job: work/sub-P350/ses-preop/n4biascorr/sub-P350_ses-preop_acq-ax_run-01_desc-n4corrected_T1w.nii.gz
    wildcards: subject=P350, session=preop, acq=ax, run=01
    resources: tmpdir=/localscratch/tmp
Activating conda environment: ../../../../localscratch/.cache/autoafids/conda/9b0ebefefdaf8f4c3064162c9af16ee6_
Select jobs to execute...
Activating conda environment: ../../../../localscratch/.cache/autoafids/conda/9b0ebefefdaf8f4c3064162c9af16ee6_
[Thu Aug  6 10:53:14 2026]
Finished jobid: 16 (Rule: n4_bias_correction)
11 of 158 steps (7%) done
Execute 1 jobs...
[Thu Aug  6 10:53:14 2026]
localrule norm_im:
    input: work/sub-P369/ses-preop/n4biascorr/sub-P369_ses-preop_acq-ax_run-01_desc-n4corrected_T1w.nii.gz
    output: work/sub-P369/ses-preop/normalize/sub-P369_ses-preop_acq-ax_run-01_desc-zscore_T1w.nii.gz
    jobid: 125
    reason: Missing output files: work/sub-P369/ses-preop/normalize/sub-P369_ses-preop_acq-ax_run-01_desc-zscore_T1w.nii.gz; Input files updated by another job: work/sub-P369/ses-preop/n4biascorr/sub-P369_ses-preop_acq-ax_run-01_desc-n4corrected_T1w.nii.gz
    wildcards: subject=P369, session=preop, acq=ax, run=01
    resources: tmpdir=/localscratch/tmp
Activating conda environment: ../../../../localscratch/.cache/autoafids/conda/9b0ebefefdaf8f4c3064162c9af16ee6_
Select jobs to execute...
Activating conda environment: ../../../../localscratch/.cache/autoafids/conda/9b0ebefefdaf8f4c3064162c9af16ee6_
[Thu Aug  6 10:53:27 2026]
Finished jobid: 4 (Rule: norm_im)
12 of 158 steps (8%) done
Execute 1 jobs...
[Thu Aug  6 10:53:27 2026]
localrule norm_im:
    input: work/sub-P193/ses-preop/n4biascorr/sub-P193_ses-preop_acq-ax_run-01_desc-n4corrected_T1w.nii.gz
    output: work/sub-P193/ses-preop/normalize/sub-P193_ses-preop_acq-ax_run-01_desc-zscore_T1w.nii.gz
    jobid: 25
    reason: Missing output files: work/sub-P193/ses-preop/normalize/sub-P193_ses-preop_acq-ax_run-01_desc-zscore_T1w.nii.gz; Input files updated by another job: work/sub-P193/ses-preop/n4biascorr/sub-P193_ses-preop_acq-ax_run-01_desc-n4corrected_T1w.nii.gz
    wildcards: subject=P193, session=preop, acq=ax, run=01
    resources: tmpdir=/localscratch/tmp
Activating conda environment: ../../../../localscratch/.cache/autoafids/conda/9b0ebefefdaf8f4c3064162c9af16ee6_
Select jobs to execute...
Activating conda environment: ../../../../localscratch/.cache/autoafids/conda/9b0ebefefdaf8f4c3064162c9af16ee6_
[Thu Aug  6 10:53:43 2026]
Finished jobid: 95 (Rule: norm_im)
13 of 158 steps (8%) done
Execute 1 jobs...
[Thu Aug  6 10:53:43 2026]
localrule n4_bias_correction:
    input: /local/scratch/rawdata/sub-P221/ses-preop/anat/sub-P221_ses-preop_acq-ax_run-01_T1w.nii.gz
    output: work/sub-P221/ses-preop/n4biascorr/sub-P221_ses-preop_acq-ax_run-01_desc-n4corrected_T1w.nii.gz
    jobid: 51
    reason: Missing output files: work/sub-P221/ses-preop/n4biascorr/sub-P221_ses-preop_acq-ax_run-01_desc-n4corrected_T1w.nii.gz
    wildcards: subject=P221, session=preop, acq=ax, run=01
    resources: tmpdir=/localscratch/tmp
Activating conda environment: ../../../../localscratch/.cache/autoafids/conda/e8ff564ca4e208014aa4e977742ac559_
Select jobs to execute...
[Thu Aug  6 10:53:43 2026]
Finished jobid: 11 (Rule: n4_bias_correction)
14 of 158 steps (9%) done
Execute 1 jobs...
[Thu Aug  6 10:53:43 2026]
localrule norm_im:
    input: work/sub-P289/ses-preop/n4biascorr/sub-P289_ses-preop_acq-ax_run-01_desc-n4corrected_T1w.nii.gz
    output: work/sub-P289/ses-preop/normalize/sub-P289_ses-preop_acq-ax_run-01_desc-zscore_T1w.nii.gz
    jobid: 70
    reason: Missing output files: work/sub-P289/ses-preop/normalize/sub-P289_ses-preop_acq-ax_run-01_desc-zscore_T1w.nii.gz; Input files updated by another job: work/sub-P289/ses-preop/n4biascorr/sub-P289_ses-preop_acq-ax_run-01_desc-n4corrected_T1w.nii.gz
    wildcards: subject=P289, session=preop, acq=ax, run=01
    resources: tmpdir=/localscratch/tmp
Select jobs to execute...
Activating conda environment: ../../../../localscratch/.cache/autoafids/conda/9b0ebefefdaf8f4c3064162c9af16ee6_
[Thu Aug  6 10:53:47 2026]
Finished jobid: 125 (Rule: norm_im)
15 of 158 steps (9%) done
Activating conda environment: ../../../../localscratch/.cache/autoafids/conda/e8ff564ca4e208014aa4e977742ac559_
Execute 1 jobs...
[Thu Aug  6 10:53:47 2026]
localrule n4_bias_correction:
    input: /local/scratch/rawdata/sub-P214/ses-preop/anat/sub-P214_ses-preop_acq-ax_run-01_T1w.nii.gz
    output: work/sub-P214/ses-preop/n4biascorr/sub-P214_ses-preop_acq-ax_run-01_desc-n4corrected_T1w.nii.gz
    jobid: 46
    reason: Missing output files: work/sub-P214/ses-preop/n4biascorr/sub-P214_ses-preop_acq-ax_run-01_desc-n4corrected_T1w.nii.gz
    wildcards: subject=P214, session=preop, acq=ax, run=01
    resources: tmpdir=/localscratch/tmp
Activating conda environment: ../../../../localscratch/.cache/autoafids/conda/e8ff564ca4e208014aa4e977742ac559_
Select jobs to execute...
Activating conda environment: ../../../../localscratch/.cache/autoafids/conda/9b0ebefefdaf8f4c3064162c9af16ee6_
Activating conda environment: ../../../../localscratch/.cache/autoafids/conda/e8ff564ca4e208014aa4e977742ac559_
[Thu Aug  6 10:53:58 2026]
Finished jobid: 25 (Rule: norm_im)
16 of 158 steps (10%) done
Execute 1 jobs...
[Thu Aug  6 10:53:58 2026]
localrule resample_im:
    input: work/sub-P165/ses-preop/normalize/sub-P165_ses-preop_acq-ax_run-01_desc-zscore_T1w.nii.gz
    output: work/sub-P165/ses-preop/resample/sub-P165_ses-preop_acq-ax_run-01_res-100_desc-zscore_T1w.nii.gz
    jobid: 3
    reason: Missing output files: work/sub-P165/ses-preop/resample/sub-P165_ses-preop_acq-ax_run-01_res-100_desc-zscore_T1w.nii.gz; Input files updated by another job: work/sub-P165/ses-preop/normalize/sub-P165_ses-preop_acq-ax_run-01_desc-zscore_T1w.nii.gz
    wildcards: subject=P165, session=preop, acq=ax, run=01
    resources: tmpdir=/localscratch/tmp
Activating conda environment: ../../../../localscratch/.cache/autoafids/conda/fd9ea35b16c4e2c41feeb821ac0ad38d_
Select jobs to execute...
Activating conda environment: ../../../../localscratch/.cache/autoafids/conda/fd9ea35b16c4e2c41feeb821ac0ad38d_
[Thu Aug  6 10:54:16 2026]
Finished jobid: 70 (Rule: norm_im)
17 of 158 steps (11%) done
Execute 1 jobs...
[Thu Aug  6 10:54:16 2026]
localrule resample_im:
    input: work/sub-P289/ses-preop/normalize/sub-P289_ses-preop_acq-ax_run-01_desc-zscore_T1w.nii.gz
    output: work/sub-P289/ses-preop/resample/sub-P289_ses-preop_acq-ax_run-01_res-100_desc-zscore_T1w.nii.gz
    jobid: 69
    reason: Missing output files: work/sub-P289/ses-preop/resample/sub-P289_ses-preop_acq-ax_run-01_res-100_desc-zscore_T1w.nii.gz; Input files updated by another job: work/sub-P289/ses-preop/normalize/sub-P289_ses-preop_acq-ax_run-01_desc-zscore_T1w.nii.gz
    wildcards: subject=P289, session=preop, acq=ax, run=01
    resources: tmpdir=/localscratch/tmp
Activating conda environment: ../../../../localscratch/.cache/autoafids/conda/fd9ea35b16c4e2c41feeb821ac0ad38d_
Select jobs to execute...
Activating conda environment: ../../../../localscratch/.cache/autoafids/conda/fd9ea35b16c4e2c41feeb821ac0ad38d_
[Thu Aug  6 10:54:52 2026]
Finished jobid: 56 (Rule: n4_bias_correction)
18 of 158 steps (11%) done
Execute 1 jobs...
[Thu Aug  6 10:54:52 2026]
localrule n4_bias_correction:
    input: /local/scratch/rawdata/sub-P352/ses-preop/anat/sub-P352_ses-preop_acq-ax_run-01_T1w.nii.gz
    output: work/sub-P352/ses-preop/n4biascorr/sub-P352_ses-preop_acq-ax_run-01_desc-n4corrected_T1w.nii.gz
    jobid: 101
    reason: Missing output files: work/sub-P352/ses-preop/n4biascorr/sub-P352_ses-preop_acq-ax_run-01_desc-n4corrected_T1w.nii.gz
    wildcards: subject=P352, session=preop, acq=ax, run=01
    resources: tmpdir=/localscratch/tmp
Activating conda environment: ../../../../localscratch/.cache/autoafids/conda/e8ff564ca4e208014aa4e977742ac559_
Select jobs to execute...
Activating conda environment: ../../../../localscratch/.cache/autoafids/conda/e8ff564ca4e208014aa4e977742ac559_
[Thu Aug  6 10:55:42 2026]
Finished jobid: 3 (Rule: resample_im)
19 of 158 steps (12%) done
Execute 1 jobs...
[Thu Aug  6 10:55:42 2026]
localrule n4_bias_correction:
    input: /local/scratch/rawdata/sub-P293/ses-preop/anat/sub-P293_ses-preop_acq-ax_run-01_T1w.nii.gz
    output: work/sub-P293/ses-preop/n4biascorr/sub-P293_ses-preop_acq-ax_run-01_desc-n4corrected_T1w.nii.gz
    jobid: 81
    reason: Missing output files: work/sub-P293/ses-preop/n4biascorr/sub-P293_ses-preop_acq-ax_run-01_desc-n4corrected_T1w.nii.gz
    wildcards: subject=P293, session=preop, acq=ax, run=01
    resources: tmpdir=/localscratch/tmp
Activating conda environment: ../../../../localscratch/.cache/autoafids/conda/e8ff564ca4e208014aa4e977742ac559_
Select jobs to execute...
Activating conda environment: ../../../../localscratch/.cache/autoafids/conda/e8ff564ca4e208014aa4e977742ac559_
[Thu Aug  6 10:55:49 2026]
Finished jobid: 106 (Rule: n4_bias_correction)
20 of 158 steps (13%) done
Execute 1 jobs...
[Thu Aug  6 10:55:49 2026]
localrule norm_im:
    input: work/sub-P328/ses-preop/n4biascorr/sub-P328_ses-preop_acq-ax_run-01_desc-n4corrected_T1w.nii.gz
    output: work/sub-P328/ses-preop/normalize/sub-P328_ses-preop_acq-ax_run-01_desc-zscore_T1w.nii.gz
    jobid: 90
    reason: Missing output files: work/sub-P328/ses-preop/normalize/sub-P328_ses-preop_acq-ax_run-01_desc-zscore_T1w.nii.gz; Input files updated by another job: work/sub-P328/ses-preop/n4biascorr/sub-P328_ses-preop_acq-ax_run-01_desc-n4corrected_T1w.nii.gz
    wildcards: subject=P328, session=preop, acq=ax, run=01
    resources: tmpdir=/localscratch/tmp
Activating conda environment: ../../../../localscratch/.cache/autoafids/conda/9b0ebefefdaf8f4c3064162c9af16ee6_
Select jobs to execute...
Activating conda environment: ../../../../localscratch/.cache/autoafids/conda/9b0ebefefdaf8f4c3064162c9af16ee6_
[Thu Aug  6 10:56:08 2026]
Finished jobid: 69 (Rule: resample_im)
21 of 158 steps (13%) done
Execute 1 jobs...
[Thu Aug  6 10:56:09 2026]
localrule norm_im:
    input: work/sub-P182/ses-preop/n4biascorr/sub-P182_ses-preop_acq-ax_run-01_desc-n4corrected_T1w.nii.gz
    output: work/sub-P182/ses-preop/normalize/sub-P182_ses-preop_acq-ax_run-01_desc-zscore_T1w.nii.gz
    jobid: 20
    reason: Missing output files: work/sub-P182/ses-preop/normalize/sub-P182_ses-preop_acq-ax_run-01_desc-zscore_T1w.nii.gz; Input files updated by another job: work/sub-P182/ses-preop/n4biascorr/sub-P182_ses-preop_acq-ax_run-01_desc-n4corrected_T1w.nii.gz
    wildcards: subject=P182, session=preop, acq=ax, run=01
    resources: tmpdir=/localscratch/tmp
Activating conda environment: ../../../../localscratch/.cache/autoafids/conda/9b0ebefefdaf8f4c3064162c9af16ee6_
Select jobs to execute...
Activating conda environment: ../../../../localscratch/.cache/autoafids/conda/9b0ebefefdaf8f4c3064162c9af16ee6_
[Thu Aug  6 10:56:15 2026]
Finished jobid: 90 (Rule: norm_im)
22 of 158 steps (14%) done
Execute 1 jobs...
[Thu Aug  6 10:56:15 2026]
localrule resample_im:
    input: work/sub-P328/ses-preop/normalize/sub-P328_ses-preop_acq-ax_run-01_desc-zscore_T1w.nii.gz
    output: work/sub-P328/ses-preop/resample/sub-P328_ses-preop_acq-ax_run-01_res-100_desc-zscore_T1w.nii.gz
    jobid: 89
    reason: Missing output files: work/sub-P328/ses-preop/resample/sub-P328_ses-preop_acq-ax_run-01_res-100_desc-zscore_T1w.nii.gz; Input files updated by another job: work/sub-P328/ses-preop/normalize/sub-P328_ses-preop_acq-ax_run-01_desc-zscore_T1w.nii.gz
    wildcards: subject=P328, session=preop, acq=ax, run=01
    resources: tmpdir=/localscratch/tmp
Activating conda environment: ../../../../localscratch/.cache/autoafids/conda/fd9ea35b16c4e2c41feeb821ac0ad38d_
Select jobs to execute...
Activating conda environment: ../../../../localscratch/.cache/autoafids/conda/fd9ea35b16c4e2c41feeb821ac0ad38d_
[Thu Aug  6 10:56:41 2026]
Finished jobid: 20 (Rule: norm_im)
23 of 158 steps (15%) done
Execute 1 jobs...
[Thu Aug  6 10:56:41 2026]
localrule norm_im:
    input: work/sub-P175/ses-preop/n4biascorr/sub-P175_ses-preop_acq-ax_run-01_desc-n4corrected_T1w.nii.gz
    output: work/sub-P175/ses-preop/normalize/sub-P175_ses-preop_acq-ax_run-01_desc-zscore_T1w.nii.gz
    jobid: 15
    reason: Missing output files: work/sub-P175/ses-preop/normalize/sub-P175_ses-preop_acq-ax_run-01_desc-zscore_T1w.nii.gz; Input files updated by another job: work/sub-P175/ses-preop/n4biascorr/sub-P175_ses-preop_acq-ax_run-01_desc-n4corrected_T1w.nii.gz
    wildcards: subject=P175, session=preop, acq=ax, run=01
    resources: tmpdir=/localscratch/tmp
Activating conda environment: ../../../../localscratch/.cache/autoafids/conda/9b0ebefefdaf8f4c3064162c9af16ee6_
Select jobs to execute...
Activating conda environment: ../../../../localscratch/.cache/autoafids/conda/9b0ebefefdaf8f4c3064162c9af16ee6_
[Thu Aug  6 10:57:14 2026]
Finished jobid: 46 (Rule: n4_bias_correction)
24 of 158 steps (15%) done
Execute 1 jobs...
[Thu Aug  6 10:57:14 2026]
localrule n4_bias_correction:
    input: /local/scratch/rawdata/sub-P355/ses-preop/anat/sub-P355_ses-preop_acq-ax_run-01_T1w.nii.gz
    output: work/sub-P355/ses-preop/n4biascorr/sub-P355_ses-preop_acq-ax_run-01_desc-n4corrected_T1w.nii.gz
    jobid: 111
    reason: Missing output files: work/sub-P355/ses-preop/n4biascorr/sub-P355_ses-preop_acq-ax_run-01_desc-n4corrected_T1w.nii.gz
    wildcards: subject=P355, session=preop, acq=ax, run=01
    resources: tmpdir=/localscratch/tmp
Activating conda environment: ../../../../localscratch/.cache/autoafids/conda/e8ff564ca4e208014aa4e977742ac559_
Select jobs to execute...
[Thu Aug  6 10:57:16 2026]
Finished jobid: 15 (Rule: norm_im)
25 of 158 steps (16%) done
Execute 1 jobs...
[Thu Aug  6 10:57:16 2026]
localrule norm_im:
    input: work/sub-P256/ses-preop/n4biascorr/sub-P256_ses-preop_acq-ax_run-01_desc-n4corrected_T1w.nii.gz
    output: work/sub-P256/ses-preop/normalize/sub-P256_ses-preop_acq-ax_run-01_desc-zscore_T1w.nii.gz
    jobid: 55
    reason: Missing output files: work/sub-P256/ses-preop/normalize/sub-P256_ses-preop_acq-ax_run-01_desc-zscore_T1w.nii.gz; Input files updated by another job: work/sub-P256/ses-preop/n4biascorr/sub-P256_ses-preop_acq-ax_run-01_desc-n4corrected_T1w.nii.gz
    wildcards: subject=P256, session=preop, acq=ax, run=01
    resources: tmpdir=/localscratch/tmp
Activating conda environment: ../../../../localscratch/.cache/autoafids/conda/9b0ebefefdaf8f4c3064162c9af16ee6_
Select jobs to execute...
Activating conda environment: ../../../../localscratch/.cache/autoafids/conda/e8ff564ca4e208014aa4e977742ac559_
Activating conda environment: ../../../../localscratch/.cache/autoafids/conda/9b0ebefefdaf8f4c3064162c9af16ee6_
[Thu Aug  6 10:57:41 2026]
Finished jobid: 51 (Rule: n4_bias_correction)
26 of 158 steps (16%) done
Execute 1 jobs...
[Thu Aug  6 10:57:41 2026]
localrule norm_im:
    input: work/sub-P214/ses-preop/n4biascorr/sub-P214_ses-preop_acq-ax_run-01_desc-n4corrected_T1w.nii.gz
    output: work/sub-P214/ses-preop/normalize/sub-P214_ses-preop_acq-ax_run-01_desc-zscore_T1w.nii.gz
    jobid: 45
    reason: Missing output files: work/sub-P214/ses-preop/normalize/sub-P214_ses-preop_acq-ax_run-01_desc-zscore_T1w.nii.gz; Input files updated by another job: work/sub-P214/ses-preop/n4biascorr/sub-P214_ses-preop_acq-ax_run-01_desc-n4corrected_T1w.nii.gz
    wildcards: subject=P214, session=preop, acq=ax, run=01
    resources: tmpdir=/localscratch/tmp
Activating conda environment: ../../../../localscratch/.cache/autoafids/conda/9b0ebefefdaf8f4c3064162c9af16ee6_
Select jobs to execute...
Activating conda environment: ../../../../localscratch/.cache/autoafids/conda/9b0ebefefdaf8f4c3064162c9af16ee6_
[Thu Aug  6 10:57:51 2026]
Finished jobid: 55 (Rule: norm_im)
27 of 158 steps (17%) done
Execute 1 jobs...
[Thu Aug  6 10:57:52 2026]
localrule resample_im:
    input: work/sub-P182/ses-preop/normalize/sub-P182_ses-preop_acq-ax_run-01_desc-zscore_T1w.nii.gz
    output: work/sub-P182/ses-preop/resample/sub-P182_ses-preop_acq-ax_run-01_res-100_desc-zscore_T1w.nii.gz
    jobid: 19
    reason: Missing output files: work/sub-P182/ses-preop/resample/sub-P182_ses-preop_acq-ax_run-01_res-100_desc-zscore_T1w.nii.gz; Input files updated by another job: work/sub-P182/ses-preop/normalize/sub-P182_ses-preop_acq-ax_run-01_desc-zscore_T1w.nii.gz
    wildcards: subject=P182, session=preop, acq=ax, run=01
    resources: tmpdir=/localscratch/tmp
Activating conda environment: ../../../../localscratch/.cache/autoafids/conda/fd9ea35b16c4e2c41feeb821ac0ad38d_
Select jobs to execute...
Activating conda environment: ../../../../localscratch/.cache/autoafids/conda/fd9ea35b16c4e2c41feeb821ac0ad38d_
[Thu Aug  6 10:57:59 2026]
Finished jobid: 89 (Rule: resample_im)
28 of 158 steps (18%) done
Execute 1 jobs...
[Thu Aug  6 10:57:59 2026]
localrule norm_im:
    input: work/sub-P353/ses-preop/n4biascorr/sub-P353_ses-preop_acq-ax_run-01_desc-n4corrected_T1w.nii.gz
    output: work/sub-P353/ses-preop/normalize/sub-P353_ses-preop_acq-ax_run-01_desc-zscore_T1w.nii.gz
    jobid: 105
    reason: Missing output files: work/sub-P353/ses-preop/normalize/sub-P353_ses-preop_acq-ax_run-01_desc-zscore_T1w.nii.gz; Input files updated by another job: work/sub-P353/ses-preop/n4biascorr/sub-P353_ses-preop_acq-ax_run-01_desc-n4corrected_T1w.nii.gz
    wildcards: subject=P353, session=preop, acq=ax, run=01
    resources: tmpdir=/localscratch/tmp
Activating conda environment: ../../../../localscratch/.cache/autoafids/conda/9b0ebefefdaf8f4c3064162c9af16ee6_
Select jobs to execute...
Activating conda environment: ../../../../localscratch/.cache/autoafids/conda/9b0ebefefdaf8f4c3064162c9af16ee6_
[Thu Aug  6 10:58:10 2026]
Finished jobid: 45 (Rule: norm_im)
29 of 158 steps (18%) done
Execute 1 jobs...
[Thu Aug  6 10:58:10 2026]
localrule resample_im:
    input: work/sub-P214/ses-preop/normalize/sub-P214_ses-preop_acq-ax_run-01_desc-zscore_T1w.nii.gz
    output: work/sub-P214/ses-preop/resample/sub-P214_ses-preop_acq-ax_run-01_res-100_desc-zscore_T1w.nii.gz
    jobid: 44
    reason: Missing output files: work/sub-P214/ses-preop/resample/sub-P214_ses-preop_acq-ax_run-01_res-100_desc-zscore_T1w.nii.gz; Input files updated by another job: work/sub-P214/ses-preop/normalize/sub-P214_ses-preop_acq-ax_run-01_desc-zscore_T1w.nii.gz
    wildcards: subject=P214, session=preop, acq=ax, run=01
    resources: tmpdir=/localscratch/tmp
Activating conda environment: ../../../../localscratch/.cache/autoafids/conda/fd9ea35b16c4e2c41feeb821ac0ad38d_
Select jobs to execute...
Activating conda environment: ../../../../localscratch/.cache/autoafids/conda/fd9ea35b16c4e2c41feeb821ac0ad38d_
[Thu Aug  6 10:59:33 2026]
Finished jobid: 19 (Rule: resample_im)
30 of 158 steps (19%) done
Execute 1 jobs...
[Thu Aug  6 10:59:33 2026]
localrule resample_im:
    input: work/sub-P256/ses-preop/normalize/sub-P256_ses-preop_acq-ax_run-01_desc-zscore_T1w.nii.gz
    output: work/sub-P256/ses-preop/resample/sub-P256_ses-preop_acq-ax_run-01_res-100_desc-zscore_T1w.nii.gz
    jobid: 54
    reason: Missing output files: work/sub-P256/ses-preop/resample/sub-P256_ses-preop_acq-ax_run-01_res-100_desc-zscore_T1w.nii.gz; Input files updated by another job: work/sub-P256/ses-preop/normalize/sub-P256_ses-preop_acq-ax_run-01_desc-zscore_T1w.nii.gz
    wildcards: subject=P256, session=preop, acq=ax, run=01
    resources: tmpdir=/localscratch/tmp
Activating conda environment: ../../../../localscratch/.cache/autoafids/conda/fd9ea35b16c4e2c41feeb821ac0ad38d_
Select jobs to execute...
[Thu Aug  6 10:59:36 2026]
Finished jobid: 105 (Rule: norm_im)
31 of 158 steps (20%) done
Execute 1 jobs...
[Thu Aug  6 10:59:36 2026]
localrule resample_im:
    input: work/sub-P353/ses-preop/normalize/sub-P353_ses-preop_acq-ax_run-01_desc-zscore_T1w.nii.gz
    output: work/sub-P353/ses-preop/resample/sub-P353_ses-preop_acq-ax_run-01_res-100_desc-zscore_T1w.nii.gz
    jobid: 104
    reason: Missing output files: work/sub-P353/ses-preop/resample/sub-P353_ses-preop_acq-ax_run-01_res-100_desc-zscore_T1w.nii.gz; Input files updated by another job: work/sub-P353/ses-preop/normalize/sub-P353_ses-preop_acq-ax_run-01_desc-zscore_T1w.nii.gz
    wildcards: subject=P353, session=preop, acq=ax, run=01
    resources: tmpdir=/localscratch/tmp
Activating conda environment: ../../../../localscratch/.cache/autoafids/conda/fd9ea35b16c4e2c41feeb821ac0ad38d_
Select jobs to execute...
Activating conda environment: ../../../../localscratch/.cache/autoafids/conda/fd9ea35b16c4e2c41feeb821ac0ad38d_
Activating conda environment: ../../../../localscratch/.cache/autoafids/conda/fd9ea35b16c4e2c41feeb821ac0ad38d_
[Thu Aug  6 10:59:52 2026]
Finished jobid: 44 (Rule: resample_im)
32 of 158 steps (20%) done
Execute 1 jobs...
[Thu Aug  6 10:59:52 2026]
localrule norm_im:
    input: work/sub-P221/ses-preop/n4biascorr/sub-P221_ses-preop_acq-ax_run-01_desc-n4corrected_T1w.nii.gz
    output: work/sub-P221/ses-preop/normalize/sub-P221_ses-preop_acq-ax_run-01_desc-zscore_T1w.nii.gz
    jobid: 50
    reason: Missing output files: work/sub-P221/ses-preop/normalize/sub-P221_ses-preop_acq-ax_run-01_desc-zscore_T1w.nii.gz; Input files updated by another job: work/sub-P221/ses-preop/n4biascorr/sub-P221_ses-preop_acq-ax_run-01_desc-n4corrected_T1w.nii.gz
    wildcards: subject=P221, session=preop, acq=ax, run=01
    resources: tmpdir=/localscratch/tmp
Select jobs to execute...
Activating conda environment: ../../../../localscratch/.cache/autoafids/conda/9b0ebefefdaf8f4c3064162c9af16ee6_
[Thu Aug  6 10:59:53 2026]
Finished jobid: 101 (Rule: n4_bias_correction)
33 of 158 steps (21%) done
Execute 1 jobs...
[Thu Aug  6 10:59:53 2026]
localrule norm_im:
    input: work/sub-P352/ses-preop/n4biascorr/sub-P352_ses-preop_acq-ax_run-01_desc-n4corrected_T1w.nii.gz
    output: work/sub-P352/ses-preop/normalize/sub-P352_ses-preop_acq-ax_run-01_desc-zscore_T1w.nii.gz
    jobid: 100
    reason: Missing output files: work/sub-P352/ses-preop/normalize/sub-P352_ses-preop_acq-ax_run-01_desc-zscore_T1w.nii.gz; Input files updated by another job: work/sub-P352/ses-preop/n4biascorr/sub-P352_ses-preop_acq-ax_run-01_desc-n4corrected_T1w.nii.gz
    wildcards: subject=P352, session=preop, acq=ax, run=01
    resources: tmpdir=/localscratch/tmp
Activating conda environment: ../../../../localscratch/.cache/autoafids/conda/9b0ebefefdaf8f4c3064162c9af16ee6_
Select jobs to execute...
Activating conda environment: ../../../../localscratch/.cache/autoafids/conda/9b0ebefefdaf8f4c3064162c9af16ee6_
Activating conda environment: ../../../../localscratch/.cache/autoafids/conda/9b0ebefefdaf8f4c3064162c9af16ee6_
[Thu Aug  6 11:00:17 2026]
Finished jobid: 50 (Rule: norm_im)
34 of 158 steps (22%) done
Execute 1 jobs...
[Thu Aug  6 11:00:17 2026]
localrule resample_im:
    input: work/sub-P221/ses-preop/normalize/sub-P221_ses-preop_acq-ax_run-01_desc-zscore_T1w.nii.gz
    output: work/sub-P221/ses-preop/resample/sub-P221_ses-preop_acq-ax_run-01_res-100_desc-zscore_T1w.nii.gz
    jobid: 49
    reason: Missing output files: work/sub-P221/ses-preop/resample/sub-P221_ses-preop_acq-ax_run-01_res-100_desc-zscore_T1w.nii.gz; Input files updated by another job: work/sub-P221/ses-preop/normalize/sub-P221_ses-preop_acq-ax_run-01_desc-zscore_T1w.nii.gz
    wildcards: subject=P221, session=preop, acq=ax, run=01
    resources: tmpdir=/localscratch/tmp
Activating conda environment: ../../../../localscratch/.cache/autoafids/conda/fd9ea35b16c4e2c41feeb821ac0ad38d_
Select jobs to execute...
Activating conda environment: ../../../../localscratch/.cache/autoafids/conda/fd9ea35b16c4e2c41feeb821ac0ad38d_
[Thu Aug  6 11:00:27 2026]
Finished jobid: 100 (Rule: norm_im)
35 of 158 steps (22%) done
Execute 1 jobs...
[Thu Aug  6 11:00:27 2026]
localrule resample_im:
    input: work/sub-P352/ses-preop/normalize/sub-P352_ses-preop_acq-ax_run-01_desc-zscore_T1w.nii.gz
    output: work/sub-P352/ses-preop/resample/sub-P352_ses-preop_acq-ax_run-01_res-100_desc-zscore_T1w.nii.gz
    jobid: 99
    reason: Missing output files: work/sub-P352/ses-preop/resample/sub-P352_ses-preop_acq-ax_run-01_res-100_desc-zscore_T1w.nii.gz; Input files updated by another job: work/sub-P352/ses-preop/normalize/sub-P352_ses-preop_acq-ax_run-01_desc-zscore_T1w.nii.gz
    wildcards: subject=P352, session=preop, acq=ax, run=01
    resources: tmpdir=/localscratch/tmp
Activating conda environment: ../../../../localscratch/.cache/autoafids/conda/fd9ea35b16c4e2c41feeb821ac0ad38d_
Select jobs to execute...
Activating conda environment: ../../../../localscratch/.cache/autoafids/conda/fd9ea35b16c4e2c41feeb821ac0ad38d_
[Thu Aug  6 11:00:37 2026]
Finished jobid: 116 (Rule: n4_bias_correction)
36 of 158 steps (23%) done
Execute 1 jobs...
[Thu Aug  6 11:00:37 2026]
localrule norm_im:
    input: work/sub-P359/ses-preop/n4biascorr/sub-P359_ses-preop_acq-ax_run-01_desc-n4corrected_T1w.nii.gz
    output: work/sub-P359/ses-preop/normalize/sub-P359_ses-preop_acq-ax_run-01_desc-zscore_T1w.nii.gz
    jobid: 115
    reason: Missing output files: work/sub-P359/ses-preop/normalize/sub-P359_ses-preop_acq-ax_run-01_desc-zscore_T1w.nii.gz; Input files updated by another job: work/sub-P359/ses-preop/n4biascorr/sub-P359_ses-preop_acq-ax_run-01_desc-n4corrected_T1w.nii.gz
    wildcards: subject=P359, session=preop, acq=ax, run=01
    resources: tmpdir=/localscratch/tmp
Activating conda environment: ../../../../localscratch/.cache/autoafids/conda/9b0ebefefdaf8f4c3064162c9af16ee6_
Select jobs to execute...
[Thu Aug  6 11:00:38 2026]
Finished jobid: 61 (Rule: n4_bias_correction)
37 of 158 steps (23%) done
Execute 1 jobs...
[Thu Aug  6 11:00:38 2026]
localrule norm_im:
    input: work/sub-P277/ses-preop/n4biascorr/sub-P277_ses-preop_acq-ax_run-01_desc-n4corrected_T1w.nii.gz
    output: work/sub-P277/ses-preop/normalize/sub-P277_ses-preop_acq-ax_run-01_desc-zscore_T1w.nii.gz
    jobid: 60
    reason: Missing output files: work/sub-P277/ses-preop/normalize/sub-P277_ses-preop_acq-ax_run-01_desc-zscore_T1w.nii.gz; Input files updated by another job: work/sub-P277/ses-preop/n4biascorr/sub-P277_ses-preop_acq-ax_run-01_desc-n4corrected_T1w.nii.gz
    wildcards: subject=P277, session=preop, acq=ax, run=01
    resources: tmpdir=/localscratch/tmp
Activating conda environment: ../../../../localscratch/.cache/autoafids/conda/9b0ebefefdaf8f4c3064162c9af16ee6_
Select jobs to execute...
[Thu Aug  6 11:00:38 2026]
Finished jobid: 131 (Rule: n4_bias_correction)
38 of 158 steps (24%) done
Execute 1 jobs...
[Thu Aug  6 11:00:38 2026]
localrule norm_im:
    input: work/sub-P374/ses-preop/n4biascorr/sub-P374_ses-preop_acq-ax_run-01_desc-n4corrected_T1w.nii.gz
    output: work/sub-P374/ses-preop/normalize/sub-P374_ses-preop_acq-ax_run-01_desc-zscore_T1w.nii.gz
    jobid: 130
    reason: Missing output files: work/sub-P374/ses-preop/normalize/sub-P374_ses-preop_acq-ax_run-01_desc-zscore_T1w.nii.gz; Input files updated by another job: work/sub-P374/ses-preop/n4biascorr/sub-P374_ses-preop_acq-ax_run-01_desc-n4corrected_T1w.nii.gz
    wildcards: subject=P374, session=preop, acq=ax, run=01
    resources: tmpdir=/localscratch/tmp
Activating conda environment: ../../../../localscratch/.cache/autoafids/conda/9b0ebefefdaf8f4c3064162c9af16ee6_
Select jobs to execute...
Activating conda environment: ../../../../localscratch/.cache/autoafids/conda/9b0ebefefdaf8f4c3064162c9af16ee6_
Activating conda environment: ../../../../localscratch/.cache/autoafids/conda/9b0ebefefdaf8f4c3064162c9af16ee6_
Activating conda environment: ../../../../localscratch/.cache/autoafids/conda/9b0ebefefdaf8f4c3064162c9af16ee6_
[Thu Aug  6 11:00:57 2026]
Finished jobid: 104 (Rule: resample_im)
39 of 158 steps (25%) done
Execute 1 jobs...
[Thu Aug  6 11:00:57 2026]
localrule resample_im:
    input: work/sub-P175/ses-preop/normalize/sub-P175_ses-preop_acq-ax_run-01_desc-zscore_T1w.nii.gz
    output: work/sub-P175/ses-preop/resample/sub-P175_ses-preop_acq-ax_run-01_res-100_desc-zscore_T1w.nii.gz
    jobid: 14
    reason: Missing output files: work/sub-P175/ses-preop/resample/sub-P175_ses-preop_acq-ax_run-01_res-100_desc-zscore_T1w.nii.gz; Input files updated by another job: work/sub-P175/ses-preop/normalize/sub-P175_ses-preop_acq-ax_run-01_desc-zscore_T1w.nii.gz
    wildcards: subject=P175, session=preop, acq=ax, run=01
    resources: tmpdir=/localscratch/tmp
Select jobs to execute...
Activating conda environment: ../../../../localscratch/.cache/autoafids/conda/fd9ea35b16c4e2c41feeb821ac0ad38d_
[Thu Aug  6 11:00:59 2026]
Finished jobid: 54 (Rule: resample_im)
40 of 158 steps (25%) done
Execute 1 jobs...
[Thu Aug  6 11:01:00 2026]
localrule resample_im:
    input: work/sub-P350/ses-preop/normalize/sub-P350_ses-preop_acq-ax_run-01_desc-zscore_T1w.nii.gz
    output: work/sub-P350/ses-preop/resample/sub-P350_ses-preop_acq-ax_run-01_res-100_desc-zscore_T1w.nii.gz
    jobid: 94
    reason: Missing output files: work/sub-P350/ses-preop/resample/sub-P350_ses-preop_acq-ax_run-01_res-100_desc-zscore_T1w.nii.gz; Input files updated by another job: work/sub-P350/ses-preop/normalize/sub-P350_ses-preop_acq-ax_run-01_desc-zscore_T1w.nii.gz
    wildcards: subject=P350, session=preop, acq=ax, run=01
    resources: tmpdir=/localscratch/tmp
Activating conda environment: ../../../../localscratch/.cache/autoafids/conda/fd9ea35b16c4e2c41feeb821ac0ad38d_
Select jobs to execute...
Activating conda environment: ../../../../localscratch/.cache/autoafids/conda/fd9ea35b16c4e2c41feeb821ac0ad38d_
Activating conda environment: ../../../../localscratch/.cache/autoafids/conda/fd9ea35b16c4e2c41feeb821ac0ad38d_
[Thu Aug  6 11:01:33 2026]
Finished jobid: 49 (Rule: resample_im)
41 of 158 steps (26%) done
Execute 1 jobs...
[Thu Aug  6 11:01:33 2026]
localrule n4_bias_correction:
    input: /local/scratch/rawdata/sub-P213/ses-preop/anat/sub-P213_ses-preop_acq-ax_run-01_T1w.nii.gz
    output: work/sub-P213/ses-preop/n4biascorr/sub-P213_ses-preop_acq-ax_run-01_desc-n4corrected_T1w.nii.gz
    jobid: 41
    reason: Missing output files: work/sub-P213/ses-preop/n4biascorr/sub-P213_ses-preop_acq-ax_run-01_desc-n4corrected_T1w.nii.gz
    wildcards: subject=P213, session=preop, acq=ax, run=01
    resources: tmpdir=/localscratch/tmp
Activating conda environment: ../../../../localscratch/.cache/autoafids/conda/e8ff564ca4e208014aa4e977742ac559_
Select jobs to execute...
Activating conda environment: ../../../../localscratch/.cache/autoafids/conda/e8ff564ca4e208014aa4e977742ac559_
[Thu Aug  6 11:01:42 2026]
Finished jobid: 99 (Rule: resample_im)
42 of 158 steps (27%) done
Execute 1 jobs...
[Thu Aug  6 11:01:42 2026]
localrule resample_im:
    input: work/sub-P193/ses-preop/normalize/sub-P193_ses-preop_acq-ax_run-01_desc-zscore_T1w.nii.gz
    output: work/sub-P193/ses-preop/resample/sub-P193_ses-preop_acq-ax_run-01_res-100_desc-zscore_T1w.nii.gz
    jobid: 24
    reason: Missing output files: work/sub-P193/ses-preop/resample/sub-P193_ses-preop_acq-ax_run-01_res-100_desc-zscore_T1w.nii.gz; Input files updated by another job: work/sub-P193/ses-preop/normalize/sub-P193_ses-preop_acq-ax_run-01_desc-zscore_T1w.nii.gz
    wildcards: subject=P193, session=preop, acq=ax, run=01
    resources: tmpdir=/localscratch/tmp
Activating conda environment: ../../../../localscratch/.cache/autoafids/conda/fd9ea35b16c4e2c41feeb821ac0ad38d_
Select jobs to execute...
Activating conda environment: ../../../../localscratch/.cache/autoafids/conda/fd9ea35b16c4e2c41feeb821ac0ad38d_
[Thu Aug  6 11:01:52 2026]
Finished jobid: 60 (Rule: norm_im)
43 of 158 steps (27%) done
Execute 1 jobs...
[Thu Aug  6 11:01:52 2026]
localrule resample_im:
    input: work/sub-P277/ses-preop/normalize/sub-P277_ses-preop_acq-ax_run-01_desc-zscore_T1w.nii.gz
    output: work/sub-P277/ses-preop/resample/sub-P277_ses-preop_acq-ax_run-01_res-100_desc-zscore_T1w.nii.gz
    jobid: 59
    reason: Missing output files: work/sub-P277/ses-preop/resample/sub-P277_ses-preop_acq-ax_run-01_res-100_desc-zscore_T1w.nii.gz; Input files updated by another job: work/sub-P277/ses-preop/normalize/sub-P277_ses-preop_acq-ax_run-01_desc-zscore_T1w.nii.gz
    wildcards: subject=P277, session=preop, acq=ax, run=01
    resources: tmpdir=/localscratch/tmp
Activating conda environment: ../../../../localscratch/.cache/autoafids/conda/fd9ea35b16c4e2c41feeb821ac0ad38d_
Select jobs to execute...
[Thu Aug  6 11:01:55 2026]
Finished jobid: 130 (Rule: norm_im)
44 of 158 steps (28%) done
Execute 1 jobs...
[Thu Aug  6 11:01:55 2026]
localrule resample_im:
    input: work/sub-P374/ses-preop/normalize/sub-P374_ses-preop_acq-ax_run-01_desc-zscore_T1w.nii.gz
    output: work/sub-P374/ses-preop/resample/sub-P374_ses-preop_acq-ax_run-01_res-100_desc-zscore_T1w.nii.gz
    jobid: 129
    reason: Missing output files: work/sub-P374/ses-preop/resample/sub-P374_ses-preop_acq-ax_run-01_res-100_desc-zscore_T1w.nii.gz; Input files updated by another job: work/sub-P374/ses-preop/normalize/sub-P374_ses-preop_acq-ax_run-01_desc-zscore_T1w.nii.gz
    wildcards: subject=P374, session=preop, acq=ax, run=01
    resources: tmpdir=/localscratch/tmp
Activating conda environment: ../../../../localscratch/.cache/autoafids/conda/fd9ea35b16c4e2c41feeb821ac0ad38d_
Select jobs to execute...
Activating conda environment: ../../../../localscratch/.cache/autoafids/conda/fd9ea35b16c4e2c41feeb821ac0ad38d_
Activating conda environment: ../../../../localscratch/.cache/autoafids/conda/fd9ea35b16c4e2c41feeb821ac0ad38d_
[Thu Aug  6 11:02:03 2026]
Finished jobid: 115 (Rule: norm_im)
45 of 158 steps (28%) done
Execute 1 jobs...
[Thu Aug  6 11:02:03 2026]
localrule resample_im:
    input: work/sub-P359/ses-preop/normalize/sub-P359_ses-preop_acq-ax_run-01_desc-zscore_T1w.nii.gz
    output: work/sub-P359/ses-preop/resample/sub-P359_ses-preop_acq-ax_run-01_res-100_desc-zscore_T1w.nii.gz
    jobid: 114
    reason: Missing output files: work/sub-P359/ses-preop/resample/sub-P359_ses-preop_acq-ax_run-01_res-100_desc-zscore_T1w.nii.gz; Input files updated by another job: work/sub-P359/ses-preop/normalize/sub-P359_ses-preop_acq-ax_run-01_desc-zscore_T1w.nii.gz
    wildcards: subject=P359, session=preop, acq=ax, run=01
    resources: tmpdir=/localscratch/tmp
Activating conda environment: ../../../../localscratch/.cache/autoafids/conda/fd9ea35b16c4e2c41feeb821ac0ad38d_
Select jobs to execute...
[Thu Aug  6 11:02:05 2026]
Finished jobid: 14 (Rule: resample_im)
46 of 158 steps (29%) done
Execute 1 jobs...
[Thu Aug  6 11:02:05 2026]
localrule resample_im:
    input: work/sub-P369/ses-preop/normalize/sub-P369_ses-preop_acq-ax_run-01_desc-zscore_T1w.nii.gz
    output: work/sub-P369/ses-preop/resample/sub-P369_ses-preop_acq-ax_run-01_res-100_desc-zscore_T1w.nii.gz
    jobid: 124
    reason: Missing output files: work/sub-P369/ses-preop/resample/sub-P369_ses-preop_acq-ax_run-01_res-100_desc-zscore_T1w.nii.gz; Input files updated by another job: work/sub-P369/ses-preop/normalize/sub-P369_ses-preop_acq-ax_run-01_desc-zscore_T1w.nii.gz
    wildcards: subject=P369, session=preop, acq=ax, run=01
    resources: tmpdir=/localscratch/tmp
Activating conda environment: ../../../../localscratch/.cache/autoafids/conda/fd9ea35b16c4e2c41feeb821ac0ad38d_
Select jobs to execute...
Activating conda environment: ../../../../localscratch/.cache/autoafids/conda/fd9ea35b16c4e2c41feeb821ac0ad38d_
Activating conda environment: ../../../../localscratch/.cache/autoafids/conda/fd9ea35b16c4e2c41feeb821ac0ad38d_
[Thu Aug  6 11:02:11 2026]
Finished jobid: 94 (Rule: resample_im)
47 of 158 steps (30%) done
Execute 1 jobs...
[Thu Aug  6 11:02:11 2026]
localrule n4_bias_correction:
    input: /local/scratch/rawdata/sub-P367/ses-preop/anat/sub-P367_ses-preop_acq-ax_run-01_T1w.nii.gz
    output: work/sub-P367/ses-preop/n4biascorr/sub-P367_ses-preop_acq-ax_run-01_desc-n4corrected_T1w.nii.gz
    jobid: 121
    reason: Missing output files: work/sub-P367/ses-preop/n4biascorr/sub-P367_ses-preop_acq-ax_run-01_desc-n4corrected_T1w.nii.gz
    wildcards: subject=P367, session=preop, acq=ax, run=01
    resources: tmpdir=/localscratch/tmp
Select jobs to execute...
Activating conda environment: ../../../../localscratch/.cache/autoafids/conda/e8ff564ca4e208014aa4e977742ac559_
Activating conda environment: ../../../../localscratch/.cache/autoafids/conda/e8ff564ca4e208014aa4e977742ac559_
[Thu Aug  6 11:02:58 2026]
Finished jobid: 24 (Rule: resample_im)
48 of 158 steps (30%) done
Execute 1 jobs...
[Thu Aug  6 11:02:58 2026]
localrule norm_im:
    input: work/sub-P202/ses-preop/n4biascorr/sub-P202_ses-preop_acq-ax_run-01_desc-n4corrected_T1w.nii.gz
    output: work/sub-P202/ses-preop/normalize/sub-P202_ses-preop_acq-ax_run-01_desc-zscore_T1w.nii.gz
    jobid: 30
    reason: Missing output files: work/sub-P202/ses-preop/normalize/sub-P202_ses-preop_acq-ax_run-01_desc-zscore_T1w.nii.gz; Input files updated by another job: work/sub-P202/ses-preop/n4biascorr/sub-P202_ses-preop_acq-ax_run-01_desc-n4corrected_T1w.nii.gz
    wildcards: subject=P202, session=preop, acq=ax, run=01
    resources: tmpdir=/localscratch/tmp
Select jobs to execute...
Activating conda environment: ../../../../localscratch/.cache/autoafids/conda/9b0ebefefdaf8f4c3064162c9af16ee6_
Activating conda environment: ../../../../localscratch/.cache/autoafids/conda/9b0ebefefdaf8f4c3064162c9af16ee6_
[Thu Aug  6 11:03:23 2026]
Finished jobid: 30 (Rule: norm_im)
49 of 158 steps (31%) done
Execute 1 jobs...
[Thu Aug  6 11:03:23 2026]
localrule resample_im:
    input: work/sub-P202/ses-preop/normalize/sub-P202_ses-preop_acq-ax_run-01_desc-zscore_T1w.nii.gz
    output: work/sub-P202/ses-preop/resample/sub-P202_ses-preop_acq-ax_run-01_res-100_desc-zscore_T1w.nii.gz
    jobid: 29
    reason: Missing output files: work/sub-P202/ses-preop/resample/sub-P202_ses-preop_acq-ax_run-01_res-100_desc-zscore_T1w.nii.gz; Input files updated by another job: work/sub-P202/ses-preop/normalize/sub-P202_ses-preop_acq-ax_run-01_desc-zscore_T1w.nii.gz
    wildcards: subject=P202, session=preop, acq=ax, run=01
    resources: tmpdir=/localscratch/tmp
Activating conda environment: ../../../../localscratch/.cache/autoafids/conda/fd9ea35b16c4e2c41feeb821ac0ad38d_
Select jobs to execute...
[Thu Aug  6 11:03:26 2026]
Finished jobid: 124 (Rule: resample_im)
50 of 158 steps (32%) done
Execute 1 jobs...
[Thu Aug  6 11:03:26 2026]
localrule norm_im:
    input: work/sub-P167/ses-preop/n4biascorr/sub-P167_ses-preop_acq-ax_run-01_desc-n4corrected_T1w.nii.gz
    output: work/sub-P167/ses-preop/normalize/sub-P167_ses-preop_acq-ax_run-01_desc-zscore_T1w.nii.gz
    jobid: 10
    reason: Missing output files: work/sub-P167/ses-preop/normalize/sub-P167_ses-preop_acq-ax_run-01_desc-zscore_T1w.nii.gz; Input files updated by another job: work/sub-P167/ses-preop/n4biascorr/sub-P167_ses-preop_acq-ax_run-01_desc-n4corrected_T1w.nii.gz
    wildcards: subject=P167, session=preop, acq=ax, run=01
    resources: tmpdir=/localscratch/tmp
Select jobs to execute...
Activating conda environment: ../../../../localscratch/.cache/autoafids/conda/9b0ebefefdaf8f4c3064162c9af16ee6_
Activating conda environment: ../../../../localscratch/.cache/autoafids/conda/fd9ea35b16c4e2c41feeb821ac0ad38d_
Activating conda environment: ../../../../localscratch/.cache/autoafids/conda/9b0ebefefdaf8f4c3064162c9af16ee6_
[Thu Aug  6 11:03:48 2026]
Finished jobid: 10 (Rule: norm_im)
51 of 158 steps (32%) done
Execute 1 jobs...
[Thu Aug  6 11:03:48 2026]
localrule norm_im:
    input: work/sub-P205/ses-preop/n4biascorr/sub-P205_ses-preop_acq-ax_run-01_desc-n4corrected_T1w.nii.gz
    output: work/sub-P205/ses-preop/normalize/sub-P205_ses-preop_acq-ax_run-01_desc-zscore_T1w.nii.gz
    jobid: 35
    reason: Missing output files: work/sub-P205/ses-preop/normalize/sub-P205_ses-preop_acq-ax_run-01_desc-zscore_T1w.nii.gz; Input files updated by another job: work/sub-P205/ses-preop/n4biascorr/sub-P205_ses-preop_acq-ax_run-01_desc-n4corrected_T1w.nii.gz
    wildcards: subject=P205, session=preop, acq=ax, run=01
    resources: tmpdir=/localscratch/tmp
Activating conda environment: ../../../../localscratch/.cache/autoafids/conda/9b0ebefefdaf8f4c3064162c9af16ee6_
Select jobs to execute...
[Thu Aug  6 11:03:50 2026]
Finished jobid: 86 (Rule: n4_bias_correction)
52 of 158 steps (33%) done
Execute 1 jobs...
[Thu Aug  6 11:03:50 2026]
localrule norm_im:
    input: work/sub-P310/ses-preop/n4biascorr/sub-P310_ses-preop_acq-ax_run-01_desc-n4corrected_T1w.nii.gz
    output: work/sub-P310/ses-preop/normalize/sub-P310_ses-preop_acq-ax_run-01_desc-zscore_T1w.nii.gz
    jobid: 85
    reason: Missing output files: work/sub-P310/ses-preop/normalize/sub-P310_ses-preop_acq-ax_run-01_desc-zscore_T1w.nii.gz; Input files updated by another job: work/sub-P310/ses-preop/n4biascorr/sub-P310_ses-preop_acq-ax_run-01_desc-n4corrected_T1w.nii.gz
    wildcards: subject=P310, session=preop, acq=ax, run=01
    resources: tmpdir=/localscratch/tmp
Activating conda environment: ../../../../localscratch/.cache/autoafids/conda/9b0ebefefdaf8f4c3064162c9af16ee6_
Select jobs to execute...
Activating conda environment: ../../../../localscratch/.cache/autoafids/conda/9b0ebefefdaf8f4c3064162c9af16ee6_
Activating conda environment: ../../../../localscratch/.cache/autoafids/conda/9b0ebefefdaf8f4c3064162c9af16ee6_
[Thu Aug  6 11:04:03 2026]
Finished jobid: 129 (Rule: resample_im)
53 of 158 steps (34%) done
Execute 1 jobs...
[Thu Aug  6 11:04:03 2026]
localrule resample_im:
    input: work/sub-P167/ses-preop/normalize/sub-P167_ses-preop_acq-ax_run-01_desc-zscore_T1w.nii.gz
    output: work/sub-P167/ses-preop/resample/sub-P167_ses-preop_acq-ax_run-01_res-100_desc-zscore_T1w.nii.gz
    jobid: 9
    reason: Missing output files: work/sub-P167/ses-preop/resample/sub-P167_ses-preop_acq-ax_run-01_res-100_desc-zscore_T1w.nii.gz; Input files updated by another job: work/sub-P167/ses-preop/normalize/sub-P167_ses-preop_acq-ax_run-01_desc-zscore_T1w.nii.gz
    wildcards: subject=P167, session=preop, acq=ax, run=01
    resources: tmpdir=/localscratch/tmp
Select jobs to execute...
Activating conda environment: ../../../../localscratch/.cache/autoafids/conda/fd9ea35b16c4e2c41feeb821ac0ad38d_
[Thu Aug  6 11:04:04 2026]
Finished jobid: 59 (Rule: resample_im)
54 of 158 steps (34%) done
Activating conda environment: ../../../../localscratch/.cache/autoafids/conda/fd9ea35b16c4e2c41feeb821ac0ad38d_
[Thu Aug  6 11:04:10 2026]
Finished jobid: 35 (Rule: norm_im)
55 of 158 steps (35%) done
Execute 1 jobs...
[Thu Aug  6 11:04:10 2026]
localrule resample_im:
    input: work/sub-P205/ses-preop/normalize/sub-P205_ses-preop_acq-ax_run-01_desc-zscore_T1w.nii.gz
    output: work/sub-P205/ses-preop/resample/sub-P205_ses-preop_acq-ax_run-01_res-100_desc-zscore_T1w.nii.gz
    jobid: 34
    reason: Missing output files: work/sub-P205/ses-preop/resample/sub-P205_ses-preop_acq-ax_run-01_res-100_desc-zscore_T1w.nii.gz; Input files updated by another job: work/sub-P205/ses-preop/normalize/sub-P205_ses-preop_acq-ax_run-01_desc-zscore_T1w.nii.gz
    wildcards: subject=P205, session=preop, acq=ax, run=01
    resources: tmpdir=/localscratch/tmp
Select jobs to execute...
Activating conda environment: ../../../../localscratch/.cache/autoafids/conda/fd9ea35b16c4e2c41feeb821ac0ad38d_
Activating conda environment: ../../../../localscratch/.cache/autoafids/conda/fd9ea35b16c4e2c41feeb821ac0ad38d_
[Thu Aug  6 11:04:17 2026]
Finished jobid: 41 (Rule: n4_bias_correction)
56 of 158 steps (35%) done
Execute 1 jobs...
[Thu Aug  6 11:04:17 2026]
localrule norm_im:
    input: work/sub-P213/ses-preop/n4biascorr/sub-P213_ses-preop_acq-ax_run-01_desc-n4corrected_T1w.nii.gz
    output: work/sub-P213/ses-preop/normalize/sub-P213_ses-preop_acq-ax_run-01_desc-zscore_T1w.nii.gz
    jobid: 40
    reason: Missing output files: work/sub-P213/ses-preop/normalize/sub-P213_ses-preop_acq-ax_run-01_desc-zscore_T1w.nii.gz; Input files updated by another job: work/sub-P213/ses-preop/n4biascorr/sub-P213_ses-preop_acq-ax_run-01_desc-n4corrected_T1w.nii.gz
    wildcards: subject=P213, session=preop, acq=ax, run=01
    resources: tmpdir=/localscratch/tmp
Select jobs to execute...
Activating conda environment: ../../../../localscratch/.cache/autoafids/conda/9b0ebefefdaf8f4c3064162c9af16ee6_
[Thu Aug  6 11:04:18 2026]
Finished jobid: 114 (Rule: resample_im)
57 of 158 steps (36%) done
Activating conda environment: ../../../../localscratch/.cache/autoafids/conda/9b0ebefefdaf8f4c3064162c9af16ee6_
[Thu Aug  6 11:04:37 2026]
Finished jobid: 40 (Rule: norm_im)
58 of 158 steps (37%) done
Execute 1 jobs...
[Thu Aug  6 11:04:38 2026]
localrule resample_im:
    input: work/sub-P213/ses-preop/normalize/sub-P213_ses-preop_acq-ax_run-01_desc-zscore_T1w.nii.gz
    output: work/sub-P213/ses-preop/resample/sub-P213_ses-preop_acq-ax_run-01_res-100_desc-zscore_T1w.nii.gz
    jobid: 39
    reason: Missing output files: work/sub-P213/ses-preop/resample/sub-P213_ses-preop_acq-ax_run-01_res-100_desc-zscore_T1w.nii.gz; Input files updated by another job: work/sub-P213/ses-preop/normalize/sub-P213_ses-preop_acq-ax_run-01_desc-zscore_T1w.nii.gz
    wildcards: subject=P213, session=preop, acq=ax, run=01
    resources: tmpdir=/localscratch/tmp
Select jobs to execute...
Activating conda environment: ../../../../localscratch/.cache/autoafids/conda/fd9ea35b16c4e2c41feeb821ac0ad38d_
Activating conda environment: ../../../../localscratch/.cache/autoafids/conda/fd9ea35b16c4e2c41feeb821ac0ad38d_
[Thu Aug  6 11:04:48 2026]
Finished jobid: 29 (Rule: resample_im)
59 of 158 steps (37%) done
[Thu Aug  6 11:05:01 2026]
Finished jobid: 66 (Rule: n4_bias_correction)
60 of 158 steps (38%) done
Execute 1 jobs...
[Thu Aug  6 11:05:01 2026]
localrule run_nnlm:
    input: work/sub-P353/ses-preop/resample/sub-P353_ses-preop_acq-ax_run-01_res-100_desc-zscore_T1w.nii.gz, /localscratch/.cache/autoafids/models/nnlm
    output: work/sub-P353/ses-preop/afids-nnlm/sub-P353_ses-preop_acq-ax_run-01_dseg.nii.gz, work/sub-P353/ses-preop/afids-nnlm/sub-P353_ses-preop_acq-ax_run-01_coords.json
    log: logs/sub-P353/ses-preop/sub-P353_ses-preop_acq-ax_run-01_nnlm.log
    jobid: 103
    reason: Missing output files: work/sub-P353/ses-preop/afids-nnlm/sub-P353_ses-preop_acq-ax_run-01_coords.json; Input files updated by another job: /localscratch/.cache/autoafids/models/nnlm, work/sub-P353/ses-preop/resample/sub-P353_ses-preop_acq-ax_run-01_res-100_desc-zscore_T1w.nii.gz
    wildcards: subject=P353, session=preop, acq=ax, run=01
    threads: 4
    resources: tmpdir=/localscratch/tmp, gpus=0, mem_mb=16000, mem_mib=15259
Activating conda environment: ../../../../localscratch/.cache/autoafids/conda/6ee0e8c060cc6e84267c0f99faf11702_
Select jobs to execute...
[Thu Aug  6 11:05:01 2026]
Finished jobid: 121 (Rule: n4_bias_correction)
61 of 158 steps (39%) done
Execute 1 jobs...
[Thu Aug  6 11:05:02 2026]
localrule norm_im:
    input: work/sub-P367/ses-preop/n4biascorr/sub-P367_ses-preop_acq-ax_run-01_desc-n4corrected_T1w.nii.gz
    output: work/sub-P367/ses-preop/normalize/sub-P367_ses-preop_acq-ax_run-01_desc-zscore_T1w.nii.gz
    jobid: 120
    reason: Missing output files: work/sub-P367/ses-preop/normalize/sub-P367_ses-preop_acq-ax_run-01_desc-zscore_T1w.nii.gz; Input files updated by another job: work/sub-P367/ses-preop/n4biascorr/sub-P367_ses-preop_acq-ax_run-01_desc-n4corrected_T1w.nii.gz
    wildcards: subject=P367, session=preop, acq=ax, run=01
    resources: tmpdir=/localscratch/tmp
Select jobs to execute...
Activating conda environment: ../../../../localscratch/.cache/autoafids/conda/9b0ebefefdaf8f4c3064162c9af16ee6_
Activating conda environment: ../../../../localscratch/.cache/autoafids/conda/9b0ebefefdaf8f4c3064162c9af16ee6_
[Thu Aug  6 11:05:09 2026]
Finished jobid: 9 (Rule: resample_im)
62 of 158 steps (39%) done
Execute 1 jobs...
[Thu Aug  6 11:05:10 2026]
localrule norm_im:
    input: work/sub-P281/ses-preop/n4biascorr/sub-P281_ses-preop_acq-ax_run-01_desc-n4corrected_T1w.nii.gz
    output: work/sub-P281/ses-preop/normalize/sub-P281_ses-preop_acq-ax_run-01_desc-zscore_T1w.nii.gz
    jobid: 65
    reason: Missing output files: work/sub-P281/ses-preop/normalize/sub-P281_ses-preop_acq-ax_run-01_desc-zscore_T1w.nii.gz; Input files updated by another job: work/sub-P281/ses-preop/n4biascorr/sub-P281_ses-preop_acq-ax_run-01_desc-n4corrected_T1w.nii.gz
    wildcards: subject=P281, session=preop, acq=ax, run=01
    resources: tmpdir=/localscratch/tmp
Activating conda environment: ../../../../localscratch/.cache/autoafids/conda/9b0ebefefdaf8f4c3064162c9af16ee6_
Select jobs to execute...
[Thu Aug  6 11:05:10 2026]
Finished jobid: 34 (Rule: resample_im)
63 of 158 steps (40%) done
Activating conda environment: ../../../../localscratch/.cache/autoafids/conda/9b0ebefefdaf8f4c3064162c9af16ee6_
[Thu Aug  6 11:05:12 2026]
Finished jobid: 85 (Rule: norm_im)
64 of 158 steps (41%) done
Execute 1 jobs...
[Thu Aug  6 11:05:12 2026]
localrule resample_im:
    input: work/sub-P310/ses-preop/normalize/sub-P310_ses-preop_acq-ax_run-01_desc-zscore_T1w.nii.gz
    output: work/sub-P310/ses-preop/resample/sub-P310_ses-preop_acq-ax_run-01_res-100_desc-zscore_T1w.nii.gz
    jobid: 84
    reason: Missing output files: work/sub-P310/ses-preop/resample/sub-P310_ses-preop_acq-ax_run-01_res-100_desc-zscore_T1w.nii.gz; Input files updated by another job: work/sub-P310/ses-preop/normalize/sub-P310_ses-preop_acq-ax_run-01_desc-zscore_T1w.nii.gz
    wildcards: subject=P310, session=preop, acq=ax, run=01
    resources: tmpdir=/localscratch/tmp
Select jobs to execute...
Activating conda environment: ../../../../localscratch/.cache/autoafids/conda/fd9ea35b16c4e2c41feeb821ac0ad38d_
Activating conda environment: ../../../../localscratch/.cache/autoafids/conda/fd9ea35b16c4e2c41feeb821ac0ad38d_
[Thu Aug  6 11:05:14 2026]
Finished jobid: 120 (Rule: norm_im)
65 of 158 steps (41%) done
Execute 1 jobs...
[Thu Aug  6 11:05:14 2026]
localrule resample_im:
    input: work/sub-P367/ses-preop/normalize/sub-P367_ses-preop_acq-ax_run-01_desc-zscore_T1w.nii.gz
    output: work/sub-P367/ses-preop/resample/sub-P367_ses-preop_acq-ax_run-01_res-100_desc-zscore_T1w.nii.gz
    jobid: 119
    reason: Missing output files: work/sub-P367/ses-preop/resample/sub-P367_ses-preop_acq-ax_run-01_res-100_desc-zscore_T1w.nii.gz; Input files updated by another job: work/sub-P367/ses-preop/normalize/sub-P367_ses-preop_acq-ax_run-01_desc-zscore_T1w.nii.gz
    wildcards: subject=P367, session=preop, acq=ax, run=01
    resources: tmpdir=/localscratch/tmp
Select jobs to execute...
Activating conda environment: ../../../../localscratch/.cache/autoafids/conda/fd9ea35b16c4e2c41feeb821ac0ad38d_
Activating conda environment: ../../../../localscratch/.cache/autoafids/conda/fd9ea35b16c4e2c41feeb821ac0ad38d_
[Thu Aug  6 11:05:25 2026]
Finished jobid: 39 (Rule: resample_im)
66 of 158 steps (42%) done
[Thu Aug  6 11:05:27 2026]
Finished jobid: 76 (Rule: n4_bias_correction)
67 of 158 steps (42%) done
Execute 1 jobs...
[Thu Aug  6 11:05:27 2026]
localrule norm_im:
    input: work/sub-P292/ses-preop/n4biascorr/sub-P292_ses-preop_acq-ax_run-01_desc-n4corrected_T1w.nii.gz
    output: work/sub-P292/ses-preop/normalize/sub-P292_ses-preop_acq-ax_run-01_desc-zscore_T1w.nii.gz
    jobid: 75
    reason: Missing output files: work/sub-P292/ses-preop/normalize/sub-P292_ses-preop_acq-ax_run-01_desc-zscore_T1w.nii.gz; Input files updated by another job: work/sub-P292/ses-preop/n4biascorr/sub-P292_ses-preop_acq-ax_run-01_desc-n4corrected_T1w.nii.gz
    wildcards: subject=P292, session=preop, acq=ax, run=01
    resources: tmpdir=/localscratch/tmp
Select jobs to execute...
Activating conda environment: ../../../../localscratch/.cache/autoafids/conda/9b0ebefefdaf8f4c3064162c9af16ee6_
Activating conda environment: ../../../../localscratch/.cache/autoafids/conda/9b0ebefefdaf8f4c3064162c9af16ee6_
[Thu Aug  6 11:05:46 2026]
Finished jobid: 119 (Rule: resample_im)
68 of 158 steps (43%) done
[Thu Aug  6 11:05:50 2026]
Finished jobid: 65 (Rule: norm_im)
69 of 158 steps (44%) done
Execute 1 jobs...
[Thu Aug  6 11:05:50 2026]
localrule run_nnlm:
    input: work/sub-P214/ses-preop/resample/sub-P214_ses-preop_acq-ax_run-01_res-100_desc-zscore_T1w.nii.gz, /localscratch/.cache/autoafids/models/nnlm
    output: work/sub-P214/ses-preop/afids-nnlm/sub-P214_ses-preop_acq-ax_run-01_dseg.nii.gz, work/sub-P214/ses-preop/afids-nnlm/sub-P214_ses-preop_acq-ax_run-01_coords.json
    log: logs/sub-P214/ses-preop/sub-P214_ses-preop_acq-ax_run-01_nnlm.log
    jobid: 43
    reason: Missing output files: work/sub-P214/ses-preop/afids-nnlm/sub-P214_ses-preop_acq-ax_run-01_coords.json; Input files updated by another job: work/sub-P214/ses-preop/resample/sub-P214_ses-preop_acq-ax_run-01_res-100_desc-zscore_T1w.nii.gz, /localscratch/.cache/autoafids/models/nnlm
    wildcards: subject=P214, session=preop, acq=ax, run=01
    threads: 4
    resources: tmpdir=/localscratch/tmp, gpus=0, mem_mb=16000, mem_mib=15259
Activating conda environment: ../../../../localscratch/.cache/autoafids/conda/6ee0e8c060cc6e84267c0f99faf11702_
Select jobs to execute...
[Thu Aug  6 11:06:02 2026]
Finished jobid: 81 (Rule: n4_bias_correction)
70 of 158 steps (44%) done
Execute 1 jobs...
[Thu Aug  6 11:06:02 2026]
localrule resample_im:
    input: work/sub-P281/ses-preop/normalize/sub-P281_ses-preop_acq-ax_run-01_desc-zscore_T1w.nii.gz
    output: work/sub-P281/ses-preop/resample/sub-P281_ses-preop_acq-ax_run-01_res-100_desc-zscore_T1w.nii.gz
    jobid: 64
    reason: Missing output files: work/sub-P281/ses-preop/resample/sub-P281_ses-preop_acq-ax_run-01_res-100_desc-zscore_T1w.nii.gz; Input files updated by another job: work/sub-P281/ses-preop/normalize/sub-P281_ses-preop_acq-ax_run-01_desc-zscore_T1w.nii.gz
    wildcards: subject=P281, session=preop, acq=ax, run=01
    resources: tmpdir=/localscratch/tmp
Select jobs to execute...
Activating conda environment: ../../../../localscratch/.cache/autoafids/conda/fd9ea35b16c4e2c41feeb821ac0ad38d_
Activating conda environment: ../../../../localscratch/.cache/autoafids/conda/fd9ea35b16c4e2c41feeb821ac0ad38d_
[Thu Aug  6 11:06:04 2026]
Finished jobid: 84 (Rule: resample_im)
71 of 158 steps (45%) done
Execute 1 jobs...
[Thu Aug  6 11:06:04 2026]
localrule norm_im:
    input: work/sub-P293/ses-preop/n4biascorr/sub-P293_ses-preop_acq-ax_run-01_desc-n4corrected_T1w.nii.gz
    output: work/sub-P293/ses-preop/normalize/sub-P293_ses-preop_acq-ax_run-01_desc-zscore_T1w.nii.gz
    jobid: 80
    reason: Missing output files: work/sub-P293/ses-preop/normalize/sub-P293_ses-preop_acq-ax_run-01_desc-zscore_T1w.nii.gz; Input files updated by another job: work/sub-P293/ses-preop/n4biascorr/sub-P293_ses-preop_acq-ax_run-01_desc-n4corrected_T1w.nii.gz
    wildcards: subject=P293, session=preop, acq=ax, run=01
    resources: tmpdir=/localscratch/tmp
Activating conda environment: ../../../../localscratch/.cache/autoafids/conda/9b0ebefefdaf8f4c3064162c9af16ee6_
Select jobs to execute...
Activating conda environment: ../../../../localscratch/.cache/autoafids/conda/9b0ebefefdaf8f4c3064162c9af16ee6_
[Thu Aug  6 11:06:09 2026]
Finished jobid: 75 (Rule: norm_im)
72 of 158 steps (46%) done
Execute 1 jobs...
[Thu Aug  6 11:06:09 2026]
localrule resample_im:
    input: work/sub-P292/ses-preop/normalize/sub-P292_ses-preop_acq-ax_run-01_desc-zscore_T1w.nii.gz
    output: work/sub-P292/ses-preop/resample/sub-P292_ses-preop_acq-ax_run-01_res-100_desc-zscore_T1w.nii.gz
    jobid: 74
    reason: Missing output files: work/sub-P292/ses-preop/resample/sub-P292_ses-preop_acq-ax_run-01_res-100_desc-zscore_T1w.nii.gz; Input files updated by another job: work/sub-P292/ses-preop/normalize/sub-P292_ses-preop_acq-ax_run-01_desc-zscore_T1w.nii.gz
    wildcards: subject=P292, session=preop, acq=ax, run=01
    resources: tmpdir=/localscratch/tmp
Activating conda environment: ../../../../localscratch/.cache/autoafids/conda/fd9ea35b16c4e2c41feeb821ac0ad38d_
Select jobs to execute...
Activating conda environment: ../../../../localscratch/.cache/autoafids/conda/fd9ea35b16c4e2c41feeb821ac0ad38d_
[Thu Aug  6 11:06:25 2026]
Finished jobid: 111 (Rule: n4_bias_correction)
73 of 158 steps (46%) done
Execute 1 jobs...
[Thu Aug  6 11:06:25 2026]
localrule norm_im:
    input: work/sub-P355/ses-preop/n4biascorr/sub-P355_ses-preop_acq-ax_run-01_desc-n4corrected_T1w.nii.gz
    output: work/sub-P355/ses-preop/normalize/sub-P355_ses-preop_acq-ax_run-01_desc-zscore_T1w.nii.gz
    jobid: 110
    reason: Missing output files: work/sub-P355/ses-preop/normalize/sub-P355_ses-preop_acq-ax_run-01_desc-zscore_T1w.nii.gz; Input files updated by another job: work/sub-P355/ses-preop/n4biascorr/sub-P355_ses-preop_acq-ax_run-01_desc-n4corrected_T1w.nii.gz
    wildcards: subject=P355, session=preop, acq=ax, run=01
    resources: tmpdir=/localscratch/tmp
Activating conda environment: ../../../../localscratch/.cache/autoafids/conda/9b0ebefefdaf8f4c3064162c9af16ee6_
Select jobs to execute...
Activating conda environment: ../../../../localscratch/.cache/autoafids/conda/9b0ebefefdaf8f4c3064162c9af16ee6_
[Thu Aug  6 11:06:32 2026]
Finished jobid: 80 (Rule: norm_im)
74 of 158 steps (47%) done
Execute 1 jobs...
[Thu Aug  6 11:06:32 2026]
localrule resample_im:
    input: work/sub-P293/ses-preop/normalize/sub-P293_ses-preop_acq-ax_run-01_desc-zscore_T1w.nii.gz
    output: work/sub-P293/ses-preop/resample/sub-P293_ses-preop_acq-ax_run-01_res-100_desc-zscore_T1w.nii.gz
    jobid: 79
    reason: Missing output files: work/sub-P293/ses-preop/resample/sub-P293_ses-preop_acq-ax_run-01_res-100_desc-zscore_T1w.nii.gz; Input files updated by another job: work/sub-P293/ses-preop/normalize/sub-P293_ses-preop_acq-ax_run-01_desc-zscore_T1w.nii.gz
    wildcards: subject=P293, session=preop, acq=ax, run=01
    resources: tmpdir=/localscratch/tmp
Select jobs to execute...
Activating conda environment: ../../../../localscratch/.cache/autoafids/conda/fd9ea35b16c4e2c41feeb821ac0ad38d_
Activating conda environment: ../../../../localscratch/.cache/autoafids/conda/fd9ea35b16c4e2c41feeb821ac0ad38d_
[Thu Aug  6 11:06:40 2026]
Finished jobid: 64 (Rule: resample_im)
75 of 158 steps (47%) done
[Thu Aug  6 11:06:50 2026]
Finished jobid: 110 (Rule: norm_im)
76 of 158 steps (48%) done
Execute 1 jobs...
[Thu Aug  6 11:06:50 2026]
localrule resample_im:
    input: work/sub-P355/ses-preop/normalize/sub-P355_ses-preop_acq-ax_run-01_desc-zscore_T1w.nii.gz
    output: work/sub-P355/ses-preop/resample/sub-P355_ses-preop_acq-ax_run-01_res-100_desc-zscore_T1w.nii.gz
    jobid: 109
    reason: Missing output files: work/sub-P355/ses-preop/resample/sub-P355_ses-preop_acq-ax_run-01_res-100_desc-zscore_T1w.nii.gz; Input files updated by another job: work/sub-P355/ses-preop/normalize/sub-P355_ses-preop_acq-ax_run-01_desc-zscore_T1w.nii.gz
    wildcards: subject=P355, session=preop, acq=ax, run=01
    resources: tmpdir=/localscratch/tmp
Select jobs to execute...
Activating conda environment: ../../../../localscratch/.cache/autoafids/conda/fd9ea35b16c4e2c41feeb821ac0ad38d_
Activating conda environment: ../../../../localscratch/.cache/autoafids/conda/fd9ea35b16c4e2c41feeb821ac0ad38d_
[Thu Aug  6 11:06:59 2026]
Finished jobid: 74 (Rule: resample_im)
77 of 158 steps (49%) done
[Thu Aug  6 11:07:09 2026]
Finished jobid: 79 (Rule: resample_im)
78 of 158 steps (49%) done
[Thu Aug  6 11:07:26 2026]
Finished jobid: 109 (Rule: resample_im)
79 of 158 steps (50%) done
Execute 1 jobs...
[Thu Aug  6 11:07:26 2026]
localrule run_nnlm:
    input: work/sub-P355/ses-preop/resample/sub-P355_ses-preop_acq-ax_run-01_res-100_desc-zscore_T1w.nii.gz, /localscratch/.cache/autoafids/models/nnlm
    output: work/sub-P355/ses-preop/afids-nnlm/sub-P355_ses-preop_acq-ax_run-01_dseg.nii.gz, work/sub-P355/ses-preop/afids-nnlm/sub-P355_ses-preop_acq-ax_run-01_coords.json
    log: logs/sub-P355/ses-preop/sub-P355_ses-preop_acq-ax_run-01_nnlm.log
    jobid: 108
    reason: Missing output files: work/sub-P355/ses-preop/afids-nnlm/sub-P355_ses-preop_acq-ax_run-01_coords.json; Input files updated by another job: work/sub-P355/ses-preop/resample/sub-P355_ses-preop_acq-ax_run-01_res-100_desc-zscore_T1w.nii.gz, /localscratch/.cache/autoafids/models/nnlm
    wildcards: subject=P355, session=preop, acq=ax, run=01
    threads: 4
    resources: tmpdir=/localscratch/tmp, gpus=0, mem_mb=16000, mem_mib=15259
Select jobs to execute...
Activating conda environment: ../../../../localscratch/.cache/autoafids/conda/6ee0e8c060cc6e84267c0f99faf11702_
[Thu Aug  6 11:10:54 2026]
Finished jobid: 103 (Rule: run_nnlm)
80 of 158 steps (51%) done
Execute 1 jobs...
[Thu Aug  6 11:10:54 2026]
localrule run_nnlm:
    input: work/sub-P292/ses-preop/resample/sub-P292_ses-preop_acq-ax_run-01_res-100_desc-zscore_T1w.nii.gz, /localscratch/.cache/autoafids/models/nnlm
    output: work/sub-P292/ses-preop/afids-nnlm/sub-P292_ses-preop_acq-ax_run-01_dseg.nii.gz, work/sub-P292/ses-preop/afids-nnlm/sub-P292_ses-preop_acq-ax_run-01_coords.json
    log: logs/sub-P292/ses-preop/sub-P292_ses-preop_acq-ax_run-01_nnlm.log
    jobid: 73
    reason: Missing output files: work/sub-P292/ses-preop/afids-nnlm/sub-P292_ses-preop_acq-ax_run-01_coords.json; Input files updated by another job: /localscratch/.cache/autoafids/models/nnlm, work/sub-P292/ses-preop/resample/sub-P292_ses-preop_acq-ax_run-01_res-100_desc-zscore_T1w.nii.gz
    wildcards: subject=P292, session=preop, acq=ax, run=01
    threads: 4
    resources: tmpdir=/localscratch/tmp, gpus=0, mem_mb=16000, mem_mib=15259
Activating conda environment: ../../../../localscratch/.cache/autoafids/conda/6ee0e8c060cc6e84267c0f99faf11702_
Select jobs to execute...
[Thu Aug  6 11:14:47 2026]
Finished jobid: 43 (Rule: run_nnlm)
81 of 158 steps (51%) done
Execute 1 jobs...
[Thu Aug  6 11:14:47 2026]
localrule run_nnlm:
    input: work/sub-P310/ses-preop/resample/sub-P310_ses-preop_acq-ax_run-01_res-100_desc-zscore_T1w.nii.gz, /localscratch/.cache/autoafids/models/nnlm
    output: work/sub-P310/ses-preop/afids-nnlm/sub-P310_ses-preop_acq-ax_run-01_dseg.nii.gz, work/sub-P310/ses-preop/afids-nnlm/sub-P310_ses-preop_acq-ax_run-01_coords.json
    log: logs/sub-P310/ses-preop/sub-P310_ses-preop_acq-ax_run-01_nnlm.log
    jobid: 83
    reason: Missing output files: work/sub-P310/ses-preop/afids-nnlm/sub-P310_ses-preop_acq-ax_run-01_coords.json; Input files updated by another job: /localscratch/.cache/autoafids/models/nnlm, work/sub-P310/ses-preop/resample/sub-P310_ses-preop_acq-ax_run-01_res-100_desc-zscore_T1w.nii.gz
    wildcards: subject=P310, session=preop, acq=ax, run=01
    threads: 4
    resources: tmpdir=/localscratch/tmp, gpus=0, mem_mb=16000, mem_mib=15259
Activating conda environment: ../../../../localscratch/.cache/autoafids/conda/6ee0e8c060cc6e84267c0f99faf11702_
Select jobs to execute...
[Thu Aug  6 11:16:11 2026]
Finished jobid: 108 (Rule: run_nnlm)
82 of 158 steps (52%) done
Execute 1 jobs...
[Thu Aug  6 11:16:11 2026]
localrule run_nnlm:
    input: work/sub-P256/ses-preop/resample/sub-P256_ses-preop_acq-ax_run-01_res-100_desc-zscore_T1w.nii.gz, /localscratch/.cache/autoafids/models/nnlm
    output: work/sub-P256/ses-preop/afids-nnlm/sub-P256_ses-preop_acq-ax_run-01_dseg.nii.gz, work/sub-P256/ses-preop/afids-nnlm/sub-P256_ses-preop_acq-ax_run-01_coords.json
    log: logs/sub-P256/ses-preop/sub-P256_ses-preop_acq-ax_run-01_nnlm.log
    jobid: 53
    reason: Missing output files: work/sub-P256/ses-preop/afids-nnlm/sub-P256_ses-preop_acq-ax_run-01_coords.json; Input files updated by another job: work/sub-P256/ses-preop/resample/sub-P256_ses-preop_acq-ax_run-01_res-100_desc-zscore_T1w.nii.gz, /localscratch/.cache/autoafids/models/nnlm
    wildcards: subject=P256, session=preop, acq=ax, run=01
    threads: 4
    resources: tmpdir=/localscratch/tmp, gpus=0, mem_mb=16000, mem_mib=15259
Activating conda environment: ../../../../localscratch/.cache/autoafids/conda/6ee0e8c060cc6e84267c0f99faf11702_
Select jobs to execute...
[Thu Aug  6 11:19:51 2026]
Finished jobid: 73 (Rule: run_nnlm)
83 of 158 steps (53%) done
Execute 1 jobs...
[Thu Aug  6 11:19:51 2026]
localrule run_nnlm:
    input: work/sub-P367/ses-preop/resample/sub-P367_ses-preop_acq-ax_run-01_res-100_desc-zscore_T1w.nii.gz, /localscratch/.cache/autoafids/models/nnlm
    output: work/sub-P367/ses-preop/afids-nnlm/sub-P367_ses-preop_acq-ax_run-01_dseg.nii.gz, work/sub-P367/ses-preop/afids-nnlm/sub-P367_ses-preop_acq-ax_run-01_coords.json
    log: logs/sub-P367/ses-preop/sub-P367_ses-preop_acq-ax_run-01_nnlm.log
    jobid: 118
    reason: Missing output files: work/sub-P367/ses-preop/afids-nnlm/sub-P367_ses-preop_acq-ax_run-01_coords.json; Input files updated by another job: /localscratch/.cache/autoafids/models/nnlm, work/sub-P367/ses-preop/resample/sub-P367_ses-preop_acq-ax_run-01_res-100_desc-zscore_T1w.nii.gz
    wildcards: subject=P367, session=preop, acq=ax, run=01
    threads: 4
    resources: tmpdir=/localscratch/tmp, gpus=0, mem_mb=16000, mem_mib=15259
Activating conda environment: ../../../../localscratch/.cache/autoafids/conda/6ee0e8c060cc6e84267c0f99faf11702_
Select jobs to execute...
[Thu Aug  6 11:23:50 2026]
Finished jobid: 83 (Rule: run_nnlm)
84 of 158 steps (53%) done
Execute 1 jobs...
[Thu Aug  6 11:23:50 2026]
localrule run_nnlm:
    input: work/sub-P182/ses-preop/resample/sub-P182_ses-preop_acq-ax_run-01_res-100_desc-zscore_T1w.nii.gz, /localscratch/.cache/autoafids/models/nnlm
    output: work/sub-P182/ses-preop/afids-nnlm/sub-P182_ses-preop_acq-ax_run-01_dseg.nii.gz, work/sub-P182/ses-preop/afids-nnlm/sub-P182_ses-preop_acq-ax_run-01_coords.json
    log: logs/sub-P182/ses-preop/sub-P182_ses-preop_acq-ax_run-01_nnlm.log
    jobid: 18
    reason: Missing output files: work/sub-P182/ses-preop/afids-nnlm/sub-P182_ses-preop_acq-ax_run-01_coords.json; Input files updated by another job: /localscratch/.cache/autoafids/models/nnlm, work/sub-P182/ses-preop/resample/sub-P182_ses-preop_acq-ax_run-01_res-100_desc-zscore_T1w.nii.gz
    wildcards: subject=P182, session=preop, acq=ax, run=01
    threads: 4
    resources: tmpdir=/localscratch/tmp, gpus=0, mem_mb=16000, mem_mib=15259
Activating conda environment: ../../../../localscratch/.cache/autoafids/conda/6ee0e8c060cc6e84267c0f99faf11702_
Select jobs to execute...
[Thu Aug  6 11:25:00 2026]
Finished jobid: 53 (Rule: run_nnlm)
85 of 158 steps (54%) done
Execute 1 jobs...
[Thu Aug  6 11:25:00 2026]
localrule run_nnlm:
    input: work/sub-P359/ses-preop/resample/sub-P359_ses-preop_acq-ax_run-01_res-100_desc-zscore_T1w.nii.gz, /localscratch/.cache/autoafids/models/nnlm
    output: work/sub-P359/ses-preop/afids-nnlm/sub-P359_ses-preop_acq-ax_run-01_dseg.nii.gz, work/sub-P359/ses-preop/afids-nnlm/sub-P359_ses-preop_acq-ax_run-01_coords.json
    log: logs/sub-P359/ses-preop/sub-P359_ses-preop_acq-ax_run-01_nnlm.log
    jobid: 113
    reason: Missing output files: work/sub-P359/ses-preop/afids-nnlm/sub-P359_ses-preop_acq-ax_run-01_coords.json; Input files updated by another job: /localscratch/.cache/autoafids/models/nnlm, work/sub-P359/ses-preop/resample/sub-P359_ses-preop_acq-ax_run-01_res-100_desc-zscore_T1w.nii.gz
    wildcards: subject=P359, session=preop, acq=ax, run=01
    threads: 4
    resources: tmpdir=/localscratch/tmp, gpus=0, mem_mb=16000, mem_mib=15259
Activating conda environment: ../../../../localscratch/.cache/autoafids/conda/6ee0e8c060cc6e84267c0f99faf11702_
Select jobs to execute...
[Thu Aug  6 11:32:26 2026]
Finished jobid: 118 (Rule: run_nnlm)
86 of 158 steps (54%) done
Execute 1 jobs...
[Thu Aug  6 11:32:26 2026]
localrule run_nnlm:
    input: work/sub-P221/ses-preop/resample/sub-P221_ses-preop_acq-ax_run-01_res-100_desc-zscore_T1w.nii.gz, /localscratch/.cache/autoafids/models/nnlm
    output: work/sub-P221/ses-preop/afids-nnlm/sub-P221_ses-preop_acq-ax_run-01_dseg.nii.gz, work/sub-P221/ses-preop/afids-nnlm/sub-P221_ses-preop_acq-ax_run-01_coords.json
    log: logs/sub-P221/ses-preop/sub-P221_ses-preop_acq-ax_run-01_nnlm.log
    jobid: 48
    reason: Missing output files: work/sub-P221/ses-preop/afids-nnlm/sub-P221_ses-preop_acq-ax_run-01_coords.json; Input files updated by another job: /localscratch/.cache/autoafids/models/nnlm, work/sub-P221/ses-preop/resample/sub-P221_ses-preop_acq-ax_run-01_res-100_desc-zscore_T1w.nii.gz
    wildcards: subject=P221, session=preop, acq=ax, run=01
    threads: 4
    resources: tmpdir=/localscratch/tmp, gpus=0, mem_mb=16000, mem_mib=15259
Activating conda environment: ../../../../localscratch/.cache/autoafids/conda/6ee0e8c060cc6e84267c0f99faf11702_
Select jobs to execute...
[Thu Aug  6 11:32:27 2026]
Finished jobid: 18 (Rule: run_nnlm)
87 of 158 steps (55%) done
Execute 1 jobs...
[Thu Aug  6 11:32:27 2026]
localrule run_nnlm:
    input: work/sub-P289/ses-preop/resample/sub-P289_ses-preop_acq-ax_run-01_res-100_desc-zscore_T1w.nii.gz, /localscratch/.cache/autoafids/models/nnlm
    output: work/sub-P289/ses-preop/afids-nnlm/sub-P289_ses-preop_acq-ax_run-01_dseg.nii.gz, work/sub-P289/ses-preop/afids-nnlm/sub-P289_ses-preop_acq-ax_run-01_coords.json
    log: logs/sub-P289/ses-preop/sub-P289_ses-preop_acq-ax_run-01_nnlm.log
    jobid: 68
    reason: Missing output files: work/sub-P289/ses-preop/afids-nnlm/sub-P289_ses-preop_acq-ax_run-01_coords.json; Input files updated by another job: work/sub-P289/ses-preop/resample/sub-P289_ses-preop_acq-ax_run-01_res-100_desc-zscore_T1w.nii.gz, /localscratch/.cache/autoafids/models/nnlm
    wildcards: subject=P289, session=preop, acq=ax, run=01
    threads: 4
    resources: tmpdir=/localscratch/tmp, gpus=0, mem_mb=16000, mem_mib=15259
Activating conda environment: ../../../../localscratch/.cache/autoafids/conda/6ee0e8c060cc6e84267c0f99faf11702_
Select jobs to execute...
[Thu Aug  6 11:33:10 2026]
Finished jobid: 113 (Rule: run_nnlm)
88 of 158 steps (56%) done
Execute 1 jobs...
[Thu Aug  6 11:33:10 2026]
localrule run_nnlm:
    input: work/sub-P167/ses-preop/resample/sub-P167_ses-preop_acq-ax_run-01_res-100_desc-zscore_T1w.nii.gz, /localscratch/.cache/autoafids/models/nnlm
    output: work/sub-P167/ses-preop/afids-nnlm/sub-P167_ses-preop_acq-ax_run-01_dseg.nii.gz, work/sub-P167/ses-preop/afids-nnlm/sub-P167_ses-preop_acq-ax_run-01_coords.json
    log: logs/sub-P167/ses-preop/sub-P167_ses-preop_acq-ax_run-01_nnlm.log
    jobid: 8
    reason: Missing output files: work/sub-P167/ses-preop/afids-nnlm/sub-P167_ses-preop_acq-ax_run-01_coords.json; Input files updated by another job: /localscratch/.cache/autoafids/models/nnlm, work/sub-P167/ses-preop/resample/sub-P167_ses-preop_acq-ax_run-01_res-100_desc-zscore_T1w.nii.gz
    wildcards: subject=P167, session=preop, acq=ax, run=01
    threads: 4
    resources: tmpdir=/localscratch/tmp, gpus=0, mem_mb=16000, mem_mib=15259
Activating conda environment: ../../../../localscratch/.cache/autoafids/conda/6ee0e8c060cc6e84267c0f99faf11702_
Select jobs to execute...
[Thu Aug  6 11:40:19 2026]
Finished jobid: 48 (Rule: run_nnlm)
89 of 158 steps (56%) done
Execute 1 jobs...
[Thu Aug  6 11:40:19 2026]
localrule run_nnlm:
    input: work/sub-P328/ses-preop/resample/sub-P328_ses-preop_acq-ax_run-01_res-100_desc-zscore_T1w.nii.gz, /localscratch/.cache/autoafids/models/nnlm
    output: work/sub-P328/ses-preop/afids-nnlm/sub-P328_ses-preop_acq-ax_run-01_dseg.nii.gz, work/sub-P328/ses-preop/afids-nnlm/sub-P328_ses-preop_acq-ax_run-01_coords.json
    log: logs/sub-P328/ses-preop/sub-P328_ses-preop_acq-ax_run-01_nnlm.log
    jobid: 88
    reason: Missing output files: work/sub-P328/ses-preop/afids-nnlm/sub-P328_ses-preop_acq-ax_run-01_coords.json; Input files updated by another job: work/sub-P328/ses-preop/resample/sub-P328_ses-preop_acq-ax_run-01_res-100_desc-zscore_T1w.nii.gz, /localscratch/.cache/autoafids/models/nnlm
    wildcards: subject=P328, session=preop, acq=ax, run=01
    threads: 4
    resources: tmpdir=/localscratch/tmp, gpus=0, mem_mb=16000, mem_mib=15259
Activating conda environment: ../../../../localscratch/.cache/autoafids/conda/6ee0e8c060cc6e84267c0f99faf11702_
Select jobs to execute...
[Thu Aug  6 11:40:20 2026]
Finished jobid: 68 (Rule: run_nnlm)
90 of 158 steps (57%) done
Execute 1 jobs...
[Thu Aug  6 11:40:20 2026]
localrule run_nnlm:
    input: work/sub-P374/ses-preop/resample/sub-P374_ses-preop_acq-ax_run-01_res-100_desc-zscore_T1w.nii.gz, /localscratch/.cache/autoafids/models/nnlm
    output: work/sub-P374/ses-preop/afids-nnlm/sub-P374_ses-preop_acq-ax_run-01_dseg.nii.gz, work/sub-P374/ses-preop/afids-nnlm/sub-P374_ses-preop_acq-ax_run-01_coords.json
    log: logs/sub-P374/ses-preop/sub-P374_ses-preop_acq-ax_run-01_nnlm.log
    jobid: 128
    reason: Missing output files: work/sub-P374/ses-preop/afids-nnlm/sub-P374_ses-preop_acq-ax_run-01_coords.json; Input files updated by another job: work/sub-P374/ses-preop/resample/sub-P374_ses-preop_acq-ax_run-01_res-100_desc-zscore_T1w.nii.gz, /localscratch/.cache/autoafids/models/nnlm
    wildcards: subject=P374, session=preop, acq=ax, run=01
    threads: 4
    resources: tmpdir=/localscratch/tmp, gpus=0, mem_mb=16000, mem_mib=15259
Activating conda environment: ../../../../localscratch/.cache/autoafids/conda/6ee0e8c060cc6e84267c0f99faf11702_
Select jobs to execute...
[Thu Aug  6 11:42:10 2026]
Finished jobid: 8 (Rule: run_nnlm)
91 of 158 steps (58%) done
Execute 1 jobs...
[Thu Aug  6 11:42:10 2026]
localrule run_nnlm:
    input: work/sub-P213/ses-preop/resample/sub-P213_ses-preop_acq-ax_run-01_res-100_desc-zscore_T1w.nii.gz, /localscratch/.cache/autoafids/models/nnlm
    output: work/sub-P213/ses-preop/afids-nnlm/sub-P213_ses-preop_acq-ax_run-01_dseg.nii.gz, work/sub-P213/ses-preop/afids-nnlm/sub-P213_ses-preop_acq-ax_run-01_coords.json
    log: logs/sub-P213/ses-preop/sub-P213_ses-preop_acq-ax_run-01_nnlm.log
    jobid: 38
    reason: Missing output files: work/sub-P213/ses-preop/afids-nnlm/sub-P213_ses-preop_acq-ax_run-01_coords.json; Input files updated by another job: /localscratch/.cache/autoafids/models/nnlm, work/sub-P213/ses-preop/resample/sub-P213_ses-preop_acq-ax_run-01_res-100_desc-zscore_T1w.nii.gz
    wildcards: subject=P213, session=preop, acq=ax, run=01
    threads: 4
    resources: tmpdir=/localscratch/tmp, gpus=0, mem_mb=16000, mem_mib=15259
Select jobs to execute...
Activating conda environment: ../../../../localscratch/.cache/autoafids/conda/6ee0e8c060cc6e84267c0f99faf11702_
[Thu Aug  6 11:46:56 2026]
Finished jobid: 88 (Rule: run_nnlm)
92 of 158 steps (58%) done
Execute 1 jobs...
[Thu Aug  6 11:46:56 2026]
localrule run_nnlm:
    input: work/sub-P202/ses-preop/resample/sub-P202_ses-preop_acq-ax_run-01_res-100_desc-zscore_T1w.nii.gz, /localscratch/.cache/autoafids/models/nnlm
    output: work/sub-P202/ses-preop/afids-nnlm/sub-P202_ses-preop_acq-ax_run-01_dseg.nii.gz, work/sub-P202/ses-preop/afids-nnlm/sub-P202_ses-preop_acq-ax_run-01_coords.json
    log: logs/sub-P202/ses-preop/sub-P202_ses-preop_acq-ax_run-01_nnlm.log
    jobid: 28
    reason: Missing output files: work/sub-P202/ses-preop/afids-nnlm/sub-P202_ses-preop_acq-ax_run-01_coords.json; Input files updated by another job: /localscratch/.cache/autoafids/models/nnlm, work/sub-P202/ses-preop/resample/sub-P202_ses-preop_acq-ax_run-01_res-100_desc-zscore_T1w.nii.gz
    wildcards: subject=P202, session=preop, acq=ax, run=01
    threads: 4
    resources: tmpdir=/localscratch/tmp, gpus=0, mem_mb=16000, mem_mib=15259
Activating conda environment: ../../../../localscratch/.cache/autoafids/conda/6ee0e8c060cc6e84267c0f99faf11702_
Select jobs to execute...
[Thu Aug  6 11:47:03 2026]
Finished jobid: 128 (Rule: run_nnlm)
93 of 158 steps (59%) done
Execute 1 jobs...
[Thu Aug  6 11:47:03 2026]
localrule run_nnlm:
    input: work/sub-P352/ses-preop/resample/sub-P352_ses-preop_acq-ax_run-01_res-100_desc-zscore_T1w.nii.gz, /localscratch/.cache/autoafids/models/nnlm
    output: work/sub-P352/ses-preop/afids-nnlm/sub-P352_ses-preop_acq-ax_run-01_dseg.nii.gz, work/sub-P352/ses-preop/afids-nnlm/sub-P352_ses-preop_acq-ax_run-01_coords.json
    log: logs/sub-P352/ses-preop/sub-P352_ses-preop_acq-ax_run-01_nnlm.log
    jobid: 98
    reason: Missing output files: work/sub-P352/ses-preop/afids-nnlm/sub-P352_ses-preop_acq-ax_run-01_coords.json; Input files updated by another job: /localscratch/.cache/autoafids/models/nnlm, work/sub-P352/ses-preop/resample/sub-P352_ses-preop_acq-ax_run-01_res-100_desc-zscore_T1w.nii.gz
    wildcards: subject=P352, session=preop, acq=ax, run=01
    threads: 4
    resources: tmpdir=/localscratch/tmp, gpus=0, mem_mb=16000, mem_mib=15259
Activating conda environment: ../../../../localscratch/.cache/autoafids/conda/6ee0e8c060cc6e84267c0f99faf11702_
Select jobs to execute...
[Thu Aug  6 11:48:31 2026]
Finished jobid: 38 (Rule: run_nnlm)
94 of 158 steps (59%) done
Execute 1 jobs...
[Thu Aug  6 11:48:31 2026]
localrule run_nnlm:
    input: work/sub-P277/ses-preop/resample/sub-P277_ses-preop_acq-ax_run-01_res-100_desc-zscore_T1w.nii.gz, /localscratch/.cache/autoafids/models/nnlm
    output: work/sub-P277/ses-preop/afids-nnlm/sub-P277_ses-preop_acq-ax_run-01_dseg.nii.gz, work/sub-P277/ses-preop/afids-nnlm/sub-P277_ses-preop_acq-ax_run-01_coords.json
    log: logs/sub-P277/ses-preop/sub-P277_ses-preop_acq-ax_run-01_nnlm.log
    jobid: 58
    reason: Missing output files: work/sub-P277/ses-preop/afids-nnlm/sub-P277_ses-preop_acq-ax_run-01_coords.json; Input files updated by another job: work/sub-P277/ses-preop/resample/sub-P277_ses-preop_acq-ax_run-01_res-100_desc-zscore_T1w.nii.gz, /localscratch/.cache/autoafids/models/nnlm
    wildcards: subject=P277, session=preop, acq=ax, run=01
    threads: 4
    resources: tmpdir=/localscratch/tmp, gpus=0, mem_mb=16000, mem_mib=15259
Activating conda environment: ../../../../localscratch/.cache/autoafids/conda/6ee0e8c060cc6e84267c0f99faf11702_
Select jobs to execute...
[Thu Aug  6 11:53:41 2026]
Finished jobid: 98 (Rule: run_nnlm)
95 of 158 steps (60%) done
Execute 1 jobs...
[Thu Aug  6 11:53:41 2026]
localrule run_nnlm:
    input: work/sub-P175/ses-preop/resample/sub-P175_ses-preop_acq-ax_run-01_res-100_desc-zscore_T1w.nii.gz, /localscratch/.cache/autoafids/models/nnlm
    output: work/sub-P175/ses-preop/afids-nnlm/sub-P175_ses-preop_acq-ax_run-01_dseg.nii.gz, work/sub-P175/ses-preop/afids-nnlm/sub-P175_ses-preop_acq-ax_run-01_coords.json
    log: logs/sub-P175/ses-preop/sub-P175_ses-preop_acq-ax_run-01_nnlm.log
    jobid: 13
    reason: Missing output files: work/sub-P175/ses-preop/afids-nnlm/sub-P175_ses-preop_acq-ax_run-01_coords.json; Input files updated by another job: work/sub-P175/ses-preop/resample/sub-P175_ses-preop_acq-ax_run-01_res-100_desc-zscore_T1w.nii.gz, /localscratch/.cache/autoafids/models/nnlm
    wildcards: subject=P175, session=preop, acq=ax, run=01
    threads: 4
    resources: tmpdir=/localscratch/tmp, gpus=0, mem_mb=16000, mem_mib=15259
Activating conda environment: ../../../../localscratch/.cache/autoafids/conda/6ee0e8c060cc6e84267c0f99faf11702_
Select jobs to execute...
[Thu Aug  6 11:55:15 2026]
Finished jobid: 28 (Rule: run_nnlm)
96 of 158 steps (61%) done
Execute 1 jobs...
[Thu Aug  6 11:55:15 2026]
localrule run_nnlm:
    input: work/sub-P193/ses-preop/resample/sub-P193_ses-preop_acq-ax_run-01_res-100_desc-zscore_T1w.nii.gz, /localscratch/.cache/autoafids/models/nnlm
    output: work/sub-P193/ses-preop/afids-nnlm/sub-P193_ses-preop_acq-ax_run-01_dseg.nii.gz, work/sub-P193/ses-preop/afids-nnlm/sub-P193_ses-preop_acq-ax_run-01_coords.json
    log: logs/sub-P193/ses-preop/sub-P193_ses-preop_acq-ax_run-01_nnlm.log
    jobid: 23
    reason: Missing output files: work/sub-P193/ses-preop/afids-nnlm/sub-P193_ses-preop_acq-ax_run-01_coords.json; Input files updated by another job: work/sub-P193/ses-preop/resample/sub-P193_ses-preop_acq-ax_run-01_res-100_desc-zscore_T1w.nii.gz, /localscratch/.cache/autoafids/models/nnlm
    wildcards: subject=P193, session=preop, acq=ax, run=01
    threads: 4
    resources: tmpdir=/localscratch/tmp, gpus=0, mem_mb=16000, mem_mib=15259
Activating conda environment: ../../../../localscratch/.cache/autoafids/conda/6ee0e8c060cc6e84267c0f99faf11702_
Select jobs to execute...
[Thu Aug  6 11:55:20 2026]
Finished jobid: 58 (Rule: run_nnlm)
97 of 158 steps (61%) done
Execute 1 jobs...
[Thu Aug  6 11:55:20 2026]
localrule run_nnlm:
    input: work/sub-P350/ses-preop/resample/sub-P350_ses-preop_acq-ax_run-01_res-100_desc-zscore_T1w.nii.gz, /localscratch/.cache/autoafids/models/nnlm
    output: work/sub-P350/ses-preop/afids-nnlm/sub-P350_ses-preop_acq-ax_run-01_dseg.nii.gz, work/sub-P350/ses-preop/afids-nnlm/sub-P350_ses-preop_acq-ax_run-01_coords.json
    log: logs/sub-P350/ses-preop/sub-P350_ses-preop_acq-ax_run-01_nnlm.log
    jobid: 93
    reason: Missing output files: work/sub-P350/ses-preop/afids-nnlm/sub-P350_ses-preop_acq-ax_run-01_coords.json; Input files updated by another job: work/sub-P350/ses-preop/resample/sub-P350_ses-preop_acq-ax_run-01_res-100_desc-zscore_T1w.nii.gz, /localscratch/.cache/autoafids/models/nnlm
    wildcards: subject=P350, session=preop, acq=ax, run=01
    threads: 4
    resources: tmpdir=/localscratch/tmp, gpus=0, mem_mb=16000, mem_mib=15259
Activating conda environment: ../../../../localscratch/.cache/autoafids/conda/6ee0e8c060cc6e84267c0f99faf11702_
Select jobs to execute...
[Thu Aug  6 12:00:05 2026]
Finished jobid: 13 (Rule: run_nnlm)
98 of 158 steps (62%) done
Execute 1 jobs...
[Thu Aug  6 12:00:05 2026]
localrule run_nnlm:
    input: work/sub-P293/ses-preop/resample/sub-P293_ses-preop_acq-ax_run-01_res-100_desc-zscore_T1w.nii.gz, /localscratch/.cache/autoafids/models/nnlm
    output: work/sub-P293/ses-preop/afids-nnlm/sub-P293_ses-preop_acq-ax_run-01_dseg.nii.gz, work/sub-P293/ses-preop/afids-nnlm/sub-P293_ses-preop_acq-ax_run-01_coords.json
    log: logs/sub-P293/ses-preop/sub-P293_ses-preop_acq-ax_run-01_nnlm.log
    jobid: 78
    reason: Missing output files: work/sub-P293/ses-preop/afids-nnlm/sub-P293_ses-preop_acq-ax_run-01_coords.json; Input files updated by another job: work/sub-P293/ses-preop/resample/sub-P293_ses-preop_acq-ax_run-01_res-100_desc-zscore_T1w.nii.gz, /localscratch/.cache/autoafids/models/nnlm
    wildcards: subject=P293, session=preop, acq=ax, run=01
    threads: 4
    resources: tmpdir=/localscratch/tmp, gpus=0, mem_mb=16000, mem_mib=15259
Activating conda environment: ../../../../localscratch/.cache/autoafids/conda/6ee0e8c060cc6e84267c0f99faf11702_
Select jobs to execute...
[Thu Aug  6 12:00:31 2026]
Finished jobid: 93 (Rule: run_nnlm)
99 of 158 steps (63%) done
Execute 1 jobs...
[Thu Aug  6 12:00:31 2026]
localrule run_nnlm:
    input: work/sub-P165/ses-preop/resample/sub-P165_ses-preop_acq-ax_run-01_res-100_desc-zscore_T1w.nii.gz, /localscratch/.cache/autoafids/models/nnlm
    output: work/sub-P165/ses-preop/afids-nnlm/sub-P165_ses-preop_acq-ax_run-01_dseg.nii.gz, work/sub-P165/ses-preop/afids-nnlm/sub-P165_ses-preop_acq-ax_run-01_coords.json
    log: logs/sub-P165/ses-preop/sub-P165_ses-preop_acq-ax_run-01_nnlm.log
    jobid: 2
    reason: Missing output files: work/sub-P165/ses-preop/afids-nnlm/sub-P165_ses-preop_acq-ax_run-01_coords.json; Input files updated by another job: work/sub-P165/ses-preop/resample/sub-P165_ses-preop_acq-ax_run-01_res-100_desc-zscore_T1w.nii.gz, /localscratch/.cache/autoafids/models/nnlm
    wildcards: subject=P165, session=preop, acq=ax, run=01
    threads: 4
    resources: tmpdir=/localscratch/tmp, gpus=0, mem_mb=16000, mem_mib=15259
Activating conda environment: ../../../../localscratch/.cache/autoafids/conda/6ee0e8c060cc6e84267c0f99faf11702_
Select jobs to execute...
[Thu Aug  6 12:01:52 2026]
Finished jobid: 23 (Rule: run_nnlm)
100 of 158 steps (63%) done
Execute 1 jobs...
[Thu Aug  6 12:01:52 2026]
localrule run_nnlm:
    input: work/sub-P205/ses-preop/resample/sub-P205_ses-preop_acq-ax_run-01_res-100_desc-zscore_T1w.nii.gz, /localscratch/.cache/autoafids/models/nnlm
    output: work/sub-P205/ses-preop/afids-nnlm/sub-P205_ses-preop_acq-ax_run-01_dseg.nii.gz, work/sub-P205/ses-preop/afids-nnlm/sub-P205_ses-preop_acq-ax_run-01_coords.json
    log: logs/sub-P205/ses-preop/sub-P205_ses-preop_acq-ax_run-01_nnlm.log
    jobid: 33
    reason: Missing output files: work/sub-P205/ses-preop/afids-nnlm/sub-P205_ses-preop_acq-ax_run-01_coords.json; Input files updated by another job: /localscratch/.cache/autoafids/models/nnlm, work/sub-P205/ses-preop/resample/sub-P205_ses-preop_acq-ax_run-01_res-100_desc-zscore_T1w.nii.gz
    wildcards: subject=P205, session=preop, acq=ax, run=01
    threads: 4
    resources: tmpdir=/localscratch/tmp, gpus=0, mem_mb=16000, mem_mib=15259
Activating conda environment: ../../../../localscratch/.cache/autoafids/conda/6ee0e8c060cc6e84267c0f99faf11702_
Select jobs to execute...
[Thu Aug  6 12:06:50 2026]
Finished jobid: 78 (Rule: run_nnlm)
101 of 158 steps (64%) done
Execute 4 jobs...
[Thu Aug  6 12:06:50 2026]
localrule nnlm_to_fcsv:
    input: work/sub-P202/ses-preop/afids-nnlm/sub-P202_ses-preop_acq-ax_run-01_coords.json, work/sub-P202/ses-preop/resample/sub-P202_ses-preop_acq-ax_run-01_res-100_desc-zscore_T1w.nii.gz
    output: sub-P202/ses-preop/afids-cnn/sub-P202_ses-preop_acq-ax_run-01_desc-afidscnn-nnlm_afids.fcsv
    jobid: 27
    reason: Missing output files: sub-P202/ses-preop/afids-cnn/sub-P202_ses-preop_acq-ax_run-01_desc-afidscnn-nnlm_afids.fcsv; Input files updated by another job: work/sub-P202/ses-preop/afids-nnlm/sub-P202_ses-preop_acq-ax_run-01_coords.json, work/sub-P202/ses-preop/resample/sub-P202_ses-preop_acq-ax_run-01_res-100_desc-zscore_T1w.nii.gz
    wildcards: subject=P202, session=preop, acq=ax, run=01
    resources: tmpdir=/localscratch/tmp
[Thu Aug  6 12:06:50 2026]
localrule nnlm_to_fcsv:
    input: work/sub-P289/ses-preop/afids-nnlm/sub-P289_ses-preop_acq-ax_run-01_coords.json, work/sub-P289/ses-preop/resample/sub-P289_ses-preop_acq-ax_run-01_res-100_desc-zscore_T1w.nii.gz
    output: sub-P289/ses-preop/afids-cnn/sub-P289_ses-preop_acq-ax_run-01_desc-afidscnn-nnlm_afids.fcsv
    jobid: 67
    reason: Missing output files: sub-P289/ses-preop/afids-cnn/sub-P289_ses-preop_acq-ax_run-01_desc-afidscnn-nnlm_afids.fcsv; Input files updated by another job: work/sub-P289/ses-preop/resample/sub-P289_ses-preop_acq-ax_run-01_res-100_desc-zscore_T1w.nii.gz, work/sub-P289/ses-preop/afids-nnlm/sub-P289_ses-preop_acq-ax_run-01_coords.json
    wildcards: subject=P289, session=preop, acq=ax, run=01
    resources: tmpdir=/localscratch/tmp
[Thu Aug  6 12:06:50 2026]
localrule nnlm_to_fcsv:
    input: work/sub-P350/ses-preop/afids-nnlm/sub-P350_ses-preop_acq-ax_run-01_coords.json, work/sub-P350/ses-preop/resample/sub-P350_ses-preop_acq-ax_run-01_res-100_desc-zscore_T1w.nii.gz
    output: sub-P350/ses-preop/afids-cnn/sub-P350_ses-preop_acq-ax_run-01_desc-afidscnn-nnlm_afids.fcsv
    jobid: 92
    reason: Missing output files: sub-P350/ses-preop/afids-cnn/sub-P350_ses-preop_acq-ax_run-01_desc-afidscnn-nnlm_afids.fcsv; Input files updated by another job: work/sub-P350/ses-preop/resample/sub-P350_ses-preop_acq-ax_run-01_res-100_desc-zscore_T1w.nii.gz, work/sub-P350/ses-preop/afids-nnlm/sub-P350_ses-preop_acq-ax_run-01_coords.json
    wildcards: subject=P350, session=preop, acq=ax, run=01
    resources: tmpdir=/localscratch/tmp
Activating conda environment: ../../../../localscratch/.cache/autoafids/conda/9b0ebefefdaf8f4c3064162c9af16ee6_
Activating conda environment: ../../../../localscratch/.cache/autoafids/conda/9b0ebefefdaf8f4c3064162c9af16ee6_
[Thu Aug  6 12:06:50 2026]
localrule nnlm_to_fcsv:
    input: work/sub-P353/ses-preop/afids-nnlm/sub-P353_ses-preop_acq-ax_run-01_coords.json, work/sub-P353/ses-preop/resample/sub-P353_ses-preop_acq-ax_run-01_res-100_desc-zscore_T1w.nii.gz
    output: sub-P353/ses-preop/afids-cnn/sub-P353_ses-preop_acq-ax_run-01_desc-afidscnn-nnlm_afids.fcsv
    jobid: 102
    reason: Missing output files: sub-P353/ses-preop/afids-cnn/sub-P353_ses-preop_acq-ax_run-01_desc-afidscnn-nnlm_afids.fcsv; Input files updated by another job: work/sub-P353/ses-preop/resample/sub-P353_ses-preop_acq-ax_run-01_res-100_desc-zscore_T1w.nii.gz, work/sub-P353/ses-preop/afids-nnlm/sub-P353_ses-preop_acq-ax_run-01_coords.json
    wildcards: subject=P353, session=preop, acq=ax, run=01
    resources: tmpdir=/localscratch/tmp
Activating conda environment: ../../../../localscratch/.cache/autoafids/conda/9b0ebefefdaf8f4c3064162c9af16ee6_
Select jobs to execute...
Activating conda environment: ../../../../localscratch/.cache/autoafids/conda/9b0ebefefdaf8f4c3064162c9af16ee6_
Activating conda environment: ../../../../localscratch/.cache/autoafids/conda/9b0ebefefdaf8f4c3064162c9af16ee6_
Activating conda environment: ../../../../localscratch/.cache/autoafids/conda/9b0ebefefdaf8f4c3064162c9af16ee6_
Activating conda environment: ../../../../localscratch/.cache/autoafids/conda/9b0ebefefdaf8f4c3064162c9af16ee6_
Activating conda environment: ../../../../localscratch/.cache/autoafids/conda/9b0ebefefdaf8f4c3064162c9af16ee6_
[Thu Aug  6 12:06:52 2026]
Finished jobid: 92 (Rule: nnlm_to_fcsv)
102 of 158 steps (65%) done
Execute 1 jobs...
[Thu Aug  6 12:06:52 2026]
localrule nnlm_to_fcsv:
    input: work/sub-P374/ses-preop/afids-nnlm/sub-P374_ses-preop_acq-ax_run-01_coords.json, work/sub-P374/ses-preop/resample/sub-P374_ses-preop_acq-ax_run-01_res-100_desc-zscore_T1w.nii.gz
    output: sub-P374/ses-preop/afids-cnn/sub-P374_ses-preop_acq-ax_run-01_desc-afidscnn-nnlm_afids.fcsv
    jobid: 127
    reason: Missing output files: sub-P374/ses-preop/afids-cnn/sub-P374_ses-preop_acq-ax_run-01_desc-afidscnn-nnlm_afids.fcsv; Input files updated by another job: work/sub-P374/ses-preop/resample/sub-P374_ses-preop_acq-ax_run-01_res-100_desc-zscore_T1w.nii.gz, work/sub-P374/ses-preop/afids-nnlm/sub-P374_ses-preop_acq-ax_run-01_coords.json
    wildcards: subject=P374, session=preop, acq=ax, run=01
    resources: tmpdir=/localscratch/tmp
[Thu Aug  6 12:06:52 2026]
Finished jobid: 102 (Rule: nnlm_to_fcsv)
103 of 158 steps (65%) done
[Thu Aug  6 12:06:52 2026]
Finished jobid: 27 (Rule: nnlm_to_fcsv)
104 of 158 steps (66%) done
Select jobs to execute...
Activating conda environment: ../../../../localscratch/.cache/autoafids/conda/9b0ebefefdaf8f4c3064162c9af16ee6_
Execute 2 jobs...
[Thu Aug  6 12:06:52 2026]
localrule nnlm_to_fcsv:
    input: work/sub-P328/ses-preop/afids-nnlm/sub-P328_ses-preop_acq-ax_run-01_coords.json, work/sub-P328/ses-preop/resample/sub-P328_ses-preop_acq-ax_run-01_res-100_desc-zscore_T1w.nii.gz
    output: sub-P328/ses-preop/afids-cnn/sub-P328_ses-preop_acq-ax_run-01_desc-afidscnn-nnlm_afids.fcsv
    jobid: 87
    reason: Missing output files: sub-P328/ses-preop/afids-cnn/sub-P328_ses-preop_acq-ax_run-01_desc-afidscnn-nnlm_afids.fcsv; Input files updated by another job: work/sub-P328/ses-preop/resample/sub-P328_ses-preop_acq-ax_run-01_res-100_desc-zscore_T1w.nii.gz, work/sub-P328/ses-preop/afids-nnlm/sub-P328_ses-preop_acq-ax_run-01_coords.json
    wildcards: subject=P328, session=preop, acq=ax, run=01
    resources: tmpdir=/localscratch/tmp
[Thu Aug  6 12:06:52 2026]
localrule nnlm_to_fcsv:
    input: work/sub-P277/ses-preop/afids-nnlm/sub-P277_ses-preop_acq-ax_run-01_coords.json, work/sub-P277/ses-preop/resample/sub-P277_ses-preop_acq-ax_run-01_res-100_desc-zscore_T1w.nii.gz
    output: sub-P277/ses-preop/afids-cnn/sub-P277_ses-preop_acq-ax_run-01_desc-afidscnn-nnlm_afids.fcsv
    jobid: 57
    reason: Missing output files: sub-P277/ses-preop/afids-cnn/sub-P277_ses-preop_acq-ax_run-01_desc-afidscnn-nnlm_afids.fcsv; Input files updated by another job: work/sub-P277/ses-preop/resample/sub-P277_ses-preop_acq-ax_run-01_res-100_desc-zscore_T1w.nii.gz, work/sub-P277/ses-preop/afids-nnlm/sub-P277_ses-preop_acq-ax_run-01_coords.json
    wildcards: subject=P277, session=preop, acq=ax, run=01
    resources: tmpdir=/localscratch/tmp
Activating conda environment: ../../../../localscratch/.cache/autoafids/conda/9b0ebefefdaf8f4c3064162c9af16ee6_
Activating conda environment: ../../../../localscratch/.cache/autoafids/conda/9b0ebefefdaf8f4c3064162c9af16ee6_
[Thu Aug  6 12:06:52 2026]
Finished jobid: 67 (Rule: nnlm_to_fcsv)
105 of 158 steps (66%) done
Select jobs to execute...
Execute 1 jobs...
[Thu Aug  6 12:06:52 2026]
localrule nnlm_to_fcsv:
    input: work/sub-P359/ses-preop/afids-nnlm/sub-P359_ses-preop_acq-ax_run-01_coords.json, work/sub-P359/ses-preop/resample/sub-P359_ses-preop_acq-ax_run-01_res-100_desc-zscore_T1w.nii.gz
    output: sub-P359/ses-preop/afids-cnn/sub-P359_ses-preop_acq-ax_run-01_desc-afidscnn-nnlm_afids.fcsv
    jobid: 112
    reason: Missing output files: sub-P359/ses-preop/afids-cnn/sub-P359_ses-preop_acq-ax_run-01_desc-afidscnn-nnlm_afids.fcsv; Input files updated by another job: work/sub-P359/ses-preop/afids-nnlm/sub-P359_ses-preop_acq-ax_run-01_coords.json, work/sub-P359/ses-preop/resample/sub-P359_ses-preop_acq-ax_run-01_res-100_desc-zscore_T1w.nii.gz
    wildcards: subject=P359, session=preop, acq=ax, run=01
    resources: tmpdir=/localscratch/tmp
Select jobs to execute...
Activating conda environment: ../../../../localscratch/.cache/autoafids/conda/9b0ebefefdaf8f4c3064162c9af16ee6_
Activating conda environment: ../../../../localscratch/.cache/autoafids/conda/9b0ebefefdaf8f4c3064162c9af16ee6_
Activating conda environment: ../../../../localscratch/.cache/autoafids/conda/9b0ebefefdaf8f4c3064162c9af16ee6_
Activating conda environment: ../../../../localscratch/.cache/autoafids/conda/9b0ebefefdaf8f4c3064162c9af16ee6_
Activating conda environment: ../../../../localscratch/.cache/autoafids/conda/9b0ebefefdaf8f4c3064162c9af16ee6_
[Thu Aug  6 12:06:53 2026]
Finished jobid: 87 (Rule: nnlm_to_fcsv)
106 of 158 steps (67%) done
Execute 1 jobs...
[Thu Aug  6 12:06:53 2026]
localrule nnlm_to_fcsv:
    input: work/sub-P293/ses-preop/afids-nnlm/sub-P293_ses-preop_acq-ax_run-01_coords.json, work/sub-P293/ses-preop/resample/sub-P293_ses-preop_acq-ax_run-01_res-100_desc-zscore_T1w.nii.gz
    output: sub-P293/ses-preop/afids-cnn/sub-P293_ses-preop_acq-ax_run-01_desc-afidscnn-nnlm_afids.fcsv
    jobid: 77
    reason: Missing output files: sub-P293/ses-preop/afids-cnn/sub-P293_ses-preop_acq-ax_run-01_desc-afidscnn-nnlm_afids.fcsv; Input files updated by another job: work/sub-P293/ses-preop/afids-nnlm/sub-P293_ses-preop_acq-ax_run-01_coords.json, work/sub-P293/ses-preop/resample/sub-P293_ses-preop_acq-ax_run-01_res-100_desc-zscore_T1w.nii.gz
    wildcards: subject=P293, session=preop, acq=ax, run=01
    resources: tmpdir=/localscratch/tmp
Select jobs to execute...
Activating conda environment: ../../../../localscratch/.cache/autoafids/conda/9b0ebefefdaf8f4c3064162c9af16ee6_
[Thu Aug  6 12:06:53 2026]
Finished jobid: 57 (Rule: nnlm_to_fcsv)
107 of 158 steps (68%) done
Execute 1 jobs...
[Thu Aug  6 12:06:53 2026]
localrule stereotaxy:
    input: sub-P202/ses-preop/afids-cnn/sub-P202_ses-preop_acq-ax_run-01_desc-afidscnn-nnlm_afids.fcsv
    output: sub-P202/ses-preop/stereotaxy/sub-P202_ses-preop_acq-ax_run-01_desc-cZI_native.fcsv, sub-P202/ses-preop/stereotaxy/sub-P202_ses-preop_acq-ax_run-01_desc-cZI_mcp.fcsv, work/sub-P202/ses-preop/ACPCtransforms/sub-P202_ses-preop_acq-ax_run-01_desc-transform_ACPC.txt
    jobid: 137
    reason: Missing output files: sub-P202/ses-preop/stereotaxy/sub-P202_ses-preop_acq-ax_run-01_desc-cZI_native.fcsv; Input files updated by another job: sub-P202/ses-preop/afids-cnn/sub-P202_ses-preop_acq-ax_run-01_desc-afidscnn-nnlm_afids.fcsv
    wildcards: subject=P202, session=preop, acq=ax, run=01
    resources: tmpdir=/localscratch/tmp
Activating conda environment: ../../../../localscratch/.cache/autoafids/conda/7e9941e9acc1503fed10fd844ea3118b_
[Thu Aug  6 12:06:53 2026]
Finished jobid: 127 (Rule: nnlm_to_fcsv)
108 of 158 steps (68%) done
Select jobs to execute...
Execute 1 jobs...
[Thu Aug  6 12:06:54 2026]
localrule nnlm_to_fcsv:
    input: work/sub-P221/ses-preop/afids-nnlm/sub-P221_ses-preop_acq-ax_run-01_coords.json, work/sub-P221/ses-preop/resample/sub-P221_ses-preop_acq-ax_run-01_res-100_desc-zscore_T1w.nii.gz
    output: sub-P221/ses-preop/afids-cnn/sub-P221_ses-preop_acq-ax_run-01_desc-afidscnn-nnlm_afids.fcsv
    jobid: 47
    reason: Missing output files: sub-P221/ses-preop/afids-cnn/sub-P221_ses-preop_acq-ax_run-01_desc-afidscnn-nnlm_afids.fcsv; Input files updated by another job: work/sub-P221/ses-preop/resample/sub-P221_ses-preop_acq-ax_run-01_res-100_desc-zscore_T1w.nii.gz, work/sub-P221/ses-preop/afids-nnlm/sub-P221_ses-preop_acq-ax_run-01_coords.json
    wildcards: subject=P221, session=preop, acq=ax, run=01
    resources: tmpdir=/localscratch/tmp
Activating conda environment: ../../../../localscratch/.cache/autoafids/conda/9b0ebefefdaf8f4c3064162c9af16ee6_
Select jobs to execute...
[Thu Aug  6 12:06:54 2026]
Finished jobid: 112 (Rule: nnlm_to_fcsv)
109 of 158 steps (69%) done
Execute 1 jobs...
[Thu Aug  6 12:06:54 2026]
localrule nnlm_to_fcsv:
    input: work/sub-P193/ses-preop/afids-nnlm/sub-P193_ses-preop_acq-ax_run-01_coords.json, work/sub-P193/ses-preop/resample/sub-P193_ses-preop_acq-ax_run-01_res-100_desc-zscore_T1w.nii.gz
    output: sub-P193/ses-preop/afids-cnn/sub-P193_ses-preop_acq-ax_run-01_desc-afidscnn-nnlm_afids.fcsv
    jobid: 22
    reason: Missing output files: sub-P193/ses-preop/afids-cnn/sub-P193_ses-preop_acq-ax_run-01_desc-afidscnn-nnlm_afids.fcsv; Input files updated by another job: work/sub-P193/ses-preop/resample/sub-P193_ses-preop_acq-ax_run-01_res-100_desc-zscore_T1w.nii.gz, work/sub-P193/ses-preop/afids-nnlm/sub-P193_ses-preop_acq-ax_run-01_coords.json
    wildcards: subject=P193, session=preop, acq=ax, run=01
    resources: tmpdir=/localscratch/tmp
Activating conda environment: ../../../../localscratch/.cache/autoafids/conda/9b0ebefefdaf8f4c3064162c9af16ee6_
Select jobs to execute...
Activating conda environment: ../../../../localscratch/.cache/autoafids/conda/9b0ebefefdaf8f4c3064162c9af16ee6_
Activating conda environment: ../../../../localscratch/.cache/autoafids/conda/7e9941e9acc1503fed10fd844ea3118b_
Activating conda environment: ../../../../localscratch/.cache/autoafids/conda/9b0ebefefdaf8f4c3064162c9af16ee6_
Activating conda environment: ../../../../localscratch/.cache/autoafids/conda/9b0ebefefdaf8f4c3064162c9af16ee6_
[Thu Aug  6 12:06:55 2026]
Finished jobid: 77 (Rule: nnlm_to_fcsv)
110 of 158 steps (70%) done
Execute 1 jobs...
[Thu Aug  6 12:06:55 2026]
localrule stereotaxy:
    input: sub-P353/ses-preop/afids-cnn/sub-P353_ses-preop_acq-ax_run-01_desc-afidscnn-nnlm_afids.fcsv
    output: sub-P353/ses-preop/stereotaxy/sub-P353_ses-preop_acq-ax_run-01_desc-cZI_native.fcsv, sub-P353/ses-preop/stereotaxy/sub-P353_ses-preop_acq-ax_run-01_desc-cZI_mcp.fcsv, work/sub-P353/ses-preop/ACPCtransforms/sub-P353_ses-preop_acq-ax_run-01_desc-transform_ACPC.txt
    jobid: 152
    reason: Missing output files: sub-P353/ses-preop/stereotaxy/sub-P353_ses-preop_acq-ax_run-01_desc-cZI_native.fcsv; Input files updated by another job: sub-P353/ses-preop/afids-cnn/sub-P353_ses-preop_acq-ax_run-01_desc-afidscnn-nnlm_afids.fcsv
    wildcards: subject=P353, session=preop, acq=ax, run=01
    resources: tmpdir=/localscratch/tmp
Activating conda environment: ../../../../localscratch/.cache/autoafids/conda/7e9941e9acc1503fed10fd844ea3118b_
Select jobs to execute...
[Thu Aug  6 12:06:55 2026]
Finished jobid: 47 (Rule: nnlm_to_fcsv)
111 of 158 steps (70%) done
Execute 1 jobs...
[Thu Aug  6 12:06:55 2026]
localrule stereotaxy:
    input: sub-P289/ses-preop/afids-cnn/sub-P289_ses-preop_acq-ax_run-01_desc-afidscnn-nnlm_afids.fcsv
    output: sub-P289/ses-preop/stereotaxy/sub-P289_ses-preop_acq-ax_run-01_desc-cZI_native.fcsv, sub-P289/ses-preop/stereotaxy/sub-P289_ses-preop_acq-ax_run-01_desc-cZI_mcp.fcsv, work/sub-P289/ses-preop/ACPCtransforms/sub-P289_ses-preop_acq-ax_run-01_desc-transform_ACPC.txt
    jobid: 145
    reason: Missing output files: sub-P289/ses-preop/stereotaxy/sub-P289_ses-preop_acq-ax_run-01_desc-cZI_native.fcsv; Input files updated by another job: sub-P289/ses-preop/afids-cnn/sub-P289_ses-preop_acq-ax_run-01_desc-afidscnn-nnlm_afids.fcsv
    wildcards: subject=P289, session=preop, acq=ax, run=01
    resources: tmpdir=/localscratch/tmp
Select jobs to execute...
Activating conda environment: ../../../../localscratch/.cache/autoafids/conda/7e9941e9acc1503fed10fd844ea3118b_
[Thu Aug  6 12:06:56 2026]
Finished jobid: 22 (Rule: nnlm_to_fcsv)
112 of 158 steps (71%) done
Activating conda environment: ../../../../localscratch/.cache/autoafids/conda/7e9941e9acc1503fed10fd844ea3118b_
Execute 1 jobs...
[Thu Aug  6 12:06:56 2026]
localrule nnlm_to_fcsv:
    input: work/sub-P352/ses-preop/afids-nnlm/sub-P352_ses-preop_acq-ax_run-01_coords.json, work/sub-P352/ses-preop/resample/sub-P352_ses-preop_acq-ax_run-01_res-100_desc-zscore_T1w.nii.gz
    output: sub-P352/ses-preop/afids-cnn/sub-P352_ses-preop_acq-ax_run-01_desc-afidscnn-nnlm_afids.fcsv
    jobid: 97
    reason: Missing output files: sub-P352/ses-preop/afids-cnn/sub-P352_ses-preop_acq-ax_run-01_desc-afidscnn-nnlm_afids.fcsv; Input files updated by another job: work/sub-P352/ses-preop/afids-nnlm/sub-P352_ses-preop_acq-ax_run-01_coords.json, work/sub-P352/ses-preop/resample/sub-P352_ses-preop_acq-ax_run-01_res-100_desc-zscore_T1w.nii.gz
    wildcards: subject=P352, session=preop, acq=ax, run=01
    resources: tmpdir=/localscratch/tmp
Select jobs to execute...
Activating conda environment: ../../../../localscratch/.cache/autoafids/conda/9b0ebefefdaf8f4c3064162c9af16ee6_
Activating conda environment: ../../../../localscratch/.cache/autoafids/conda/7e9941e9acc1503fed10fd844ea3118b_
RuleException:
CalledProcessError in file "/local/scratch/autoafids/autoafids/workflow/rules/stereotaxy.smk", line 54:
Command 'source /local/scratch/autoafids/.pixi/envs/default/bin/activate '/localscratch/.cache/autoafids/conda/7e9941e9acc1503fed10fd844ea3118b_'; set -euo pipefail;  python /local/scratch/autoafids/patient_nnlm_outputs/.snakemake/scripts/tmpvdu4hpw_.stereotaxy.py' returned non-zero exit status 1.
[Thu Aug  6 12:06:56 2026]
Error in rule stereotaxy:
    message: None
    jobid: 137
    input: sub-P202/ses-preop/afids-cnn/sub-P202_ses-preop_acq-ax_run-01_desc-afidscnn-nnlm_afids.fcsv
    output: sub-P202/ses-preop/stereotaxy/sub-P202_ses-preop_acq-ax_run-01_desc-cZI_native.fcsv, sub-P202/ses-preop/stereotaxy/sub-P202_ses-preop_acq-ax_run-01_desc-cZI_mcp.fcsv, work/sub-P202/ses-preop/ACPCtransforms/sub-P202_ses-preop_acq-ax_run-01_desc-transform_ACPC.txt
    conda-env: /localscratch/.cache/autoafids/conda/7e9941e9acc1503fed10fd844ea3118b_
Removing output files of failed job stereotaxy since they might be corrupted:
work/sub-P202/ses-preop/ACPCtransforms/sub-P202_ses-preop_acq-ax_run-01_desc-transform_ACPC.txt
Activating conda environment: ../../../../localscratch/.cache/autoafids/conda/9b0ebefefdaf8f4c3064162c9af16ee6_
RuleException:
CalledProcessError in file "/local/scratch/autoafids/autoafids/workflow/rules/stereotaxy.smk", line 54:
Command 'source /local/scratch/autoafids/.pixi/envs/default/bin/activate '/localscratch/.cache/autoafids/conda/7e9941e9acc1503fed10fd844ea3118b_'; set -euo pipefail;  python /local/scratch/autoafids/patient_nnlm_outputs/.snakemake/scripts/tmp8zcs8c7z.stereotaxy.py' returned non-zero exit status 1.
[Thu Aug  6 12:06:57 2026]
Error in rule stereotaxy:
    message: None
    jobid: 145
    input: sub-P289/ses-preop/afids-cnn/sub-P289_ses-preop_acq-ax_run-01_desc-afidscnn-nnlm_afids.fcsv
    output: sub-P289/ses-preop/stereotaxy/sub-P289_ses-preop_acq-ax_run-01_desc-cZI_native.fcsv, sub-P289/ses-preop/stereotaxy/sub-P289_ses-preop_acq-ax_run-01_desc-cZI_mcp.fcsv, work/sub-P289/ses-preop/ACPCtransforms/sub-P289_ses-preop_acq-ax_run-01_desc-transform_ACPC.txt
    conda-env: /localscratch/.cache/autoafids/conda/7e9941e9acc1503fed10fd844ea3118b_
Removing output files of failed job stereotaxy since they might be corrupted:
work/sub-P289/ses-preop/ACPCtransforms/sub-P289_ses-preop_acq-ax_run-01_desc-transform_ACPC.txt
RuleException:
CalledProcessError in file "/local/scratch/autoafids/autoafids/workflow/rules/stereotaxy.smk", line 54:
Command 'source /local/scratch/autoafids/.pixi/envs/default/bin/activate '/localscratch/.cache/autoafids/conda/7e9941e9acc1503fed10fd844ea3118b_'; set -euo pipefail;  python /local/scratch/autoafids/patient_nnlm_outputs/.snakemake/scripts/tmpq9vf6wff.stereotaxy.py' returned non-zero exit status 1.
[Thu Aug  6 12:06:57 2026]
Error in rule stereotaxy:
    message: None
    jobid: 152
    input: sub-P353/ses-preop/afids-cnn/sub-P353_ses-preop_acq-ax_run-01_desc-afidscnn-nnlm_afids.fcsv
    output: sub-P353/ses-preop/stereotaxy/sub-P353_ses-preop_acq-ax_run-01_desc-cZI_native.fcsv, sub-P353/ses-preop/stereotaxy/sub-P353_ses-preop_acq-ax_run-01_desc-cZI_mcp.fcsv, work/sub-P353/ses-preop/ACPCtransforms/sub-P353_ses-preop_acq-ax_run-01_desc-transform_ACPC.txt
    conda-env: /localscratch/.cache/autoafids/conda/7e9941e9acc1503fed10fd844ea3118b_
Removing output files of failed job stereotaxy since they might be corrupted:
work/sub-P353/ses-preop/ACPCtransforms/sub-P353_ses-preop_acq-ax_run-01_desc-transform_ACPC.txt
[Thu Aug  6 12:06:57 2026]
Finished jobid: 97 (Rule: nnlm_to_fcsv)
113 of 158 steps (72%) done
[Thu Aug  6 12:07:03 2026]
Finished jobid: 2 (Rule: run_nnlm)
114 of 158 steps (72%) done
[Thu Aug  6 12:07:46 2026]
Finished jobid: 33 (Rule: run_nnlm)
115 of 158 steps (73%) done
Shutting down, this might take some time.
Exiting because a job execution failed. Look below for error messages
[Thu Aug  6 12:07:46 2026]
Error in rule stereotaxy:
    message: None
    jobid: 152
    input: sub-P353/ses-preop/afids-cnn/sub-P353_ses-preop_acq-ax_run-01_desc-afidscnn-nnlm_afids.fcsv
    output: sub-P353/ses-preop/stereotaxy/sub-P353_ses-preop_acq-ax_run-01_desc-cZI_native.fcsv, sub-P353/ses-preop/stereotaxy/sub-P353_ses-preop_acq-ax_run-01_desc-cZI_mcp.fcsv, work/sub-P353/ses-preop/ACPCtransforms/sub-P353_ses-preop_acq-ax_run-01_desc-transform_ACPC.txt
    conda-env: /localscratch/.cache/autoafids/conda/7e9941e9acc1503fed10fd844ea3118b_
[Thu Aug  6 12:07:46 2026]
Error in rule stereotaxy:
    message: None
    jobid: 137
    input: sub-P202/ses-preop/afids-cnn/sub-P202_ses-preop_acq-ax_run-01_desc-afidscnn-nnlm_afids.fcsv
    output: sub-P202/ses-preop/stereotaxy/sub-P202_ses-preop_acq-ax_run-01_desc-cZI_native.fcsv, sub-P202/ses-preop/stereotaxy/sub-P202_ses-preop_acq-ax_run-01_desc-cZI_mcp.fcsv, work/sub-P202/ses-preop/ACPCtransforms/sub-P202_ses-preop_acq-ax_run-01_desc-transform_ACPC.txt
    conda-env: /localscratch/.cache/autoafids/conda/7e9941e9acc1503fed10fd844ea3118b_
[Thu Aug  6 12:07:46 2026]
Error in rule stereotaxy:
    message: None
    jobid: 145
    input: sub-P289/ses-preop/afids-cnn/sub-P289_ses-preop_acq-ax_run-01_desc-afidscnn-nnlm_afids.fcsv
    output: sub-P289/ses-preop/stereotaxy/sub-P289_ses-preop_acq-ax_run-01_desc-cZI_native.fcsv, sub-P289/ses-preop/stereotaxy/sub-P289_ses-preop_acq-ax_run-01_desc-cZI_mcp.fcsv, work/sub-P289/ses-preop/ACPCtransforms/sub-P289_ses-preop_acq-ax_run-01_desc-transform_ACPC.txt
    conda-env: /localscratch/.cache/autoafids/conda/7e9941e9acc1503fed10fd844ea3118b_
Complete log(s): /local/scratch/autoafids/patient_nnlm_outputs/.snakemake/log/2026-08-06T103247.657334.snakemake.log
WorkflowError:
At least one job did not complete successfully.
