Assuming unrestricted shared filesystem usage.
None
host: UWO-CBS-Heavy11
Building DAG of jobs...
Your conda installation is not configured to use strict channel priorities. This is however important for having robust and correct environments (for details, see https://conda-forge.org/docs/user/tipsandtricks.html). Please consider to configure strict priorities by executing 'conda config --set channel_priority strict'.
Creating conda environment ../autoafids/workflow/envs/resample.yaml...
Downloading and installing remote packages.
CreateCondaEnvironmentException:
Could not create conda environment from /local/scratch/autoafids/autoafids/workflow/envs/resample.yaml:
Command:
conda env create --quiet --no-default-packages --file "/localscratch/.cache/autoafids/conda/fd9ea35b16c4e2c41feeb821ac0ad38d_.yaml" --prefix "/localscratch/.cache/autoafids/conda/fd9ea35b16c4e2c41feeb821ac0ad38d_"
Output:
Channels:
 - conda-forge
 - defaults
Platform: linux-64
Collecting package metadata (repodata.json): ...working... done
Solving environment: ...working... done
Preparing transaction: ...working... done
Verifying transaction: ...working... failed

SafetyError: The package for libgfortran5 located at /local/scratch/autoafids/.pixi/envs/default/pkgs/libgfortran5-16.1.0-h79bb938_1
appears to be corrupted. The path 'lib/libgfortran.so.5.0.0'
has an incorrect size.
  reported size: 11586824 bytes
  actual size: 7028736 bytes

CondaVerificationError: The package for python located at /local/scratch/autoafids/.pixi/envs/default/pkgs/python-3.9.23-hc30ae73_0_cpython
appears to be corrupted. The path 'bin/2to3'
specified in the package manifest cannot be found.

CondaVerificationError: The package for python located at /local/scratch/autoafids/.pixi/envs/default/pkgs/python-3.9.23-hc30ae73_0_cpython
appears to be corrupted. The path 'bin/idle3'
specified in the package manifest cannot be found.

CondaVerificationError: The package for python located at /local/scratch/autoafids/.pixi/envs/default/pkgs/python-3.9.23-hc30ae73_0_cpython
appears to be corrupted. The path 'bin/idle3.9'
specified in the package manifest cannot be found.

CondaVerificationError: The package for python located at /local/scratch/autoafids/.pixi/envs/default/pkgs/python-3.9.23-hc30ae73_0_cpython
appears to be corrupted. The path 'bin/pydoc3'
specified in the package manifest cannot be found.

CondaVerificationError: The package for python located at /local/scratch/autoafids/.pixi/envs/default/pkgs/python-3.9.23-hc30ae73_0_cpython
appears to be corrupted. The path 'bin/python3'
specified in the package manifest cannot be found.

CondaVerificationError: The package for python located at /local/scratch/autoafids/.pixi/envs/default/pkgs/python-3.9.23-hc30ae73_0_cpython
appears to be corrupted. The path 'bin/python3-config'
specified in the package manifest cannot be found.

CondaVerificationError: The package for python located at /local/scratch/autoafids/.pixi/envs/default/pkgs/python-3.9.23-hc30ae73_0_cpython
appears to be corrupted. The path 'bin/python3.9-config'
specified in the package manifest cannot be found.

CondaVerificationError: The package for python located at /local/scratch/autoafids/.pixi/envs/default/pkgs/python-3.9.23-hc30ae73_0_cpython
appears to be corrupted. The path 'compiler_compat/README'
specified in the package manifest cannot be found.

CondaVerificationError: The package for python located at /local/scratch/autoafids/.pixi/envs/default/pkgs/python-3.9.23-hc30ae73_0_cpython
appears to be corrupted. The path 'compiler_compat/ld'
specified in the package manifest cannot be found.

CondaVerificationError: The package for python located at /local/scratch/autoafids/.pixi/envs/default/pkgs/python-3.9.23-hc30ae73_0_cpython
appears to be corrupted. The path 'include/python3.9/Python-ast.h'
specified in the package manifest cannot be found.

CondaVerificationError: The package for python located at /local/scratch/autoafids/.pixi/envs/default/pkgs/python-3.9.23-hc30ae73_0_cpython
appears to be corrupted. The path 'include/python3.9/Python.h'
specified in the package manifest cannot be found.

CondaVerificationError: The package for python located at /local/scratch/autoafids/.pixi/envs/default/pkgs/python-3.9.23-hc30ae73_0_cpython
appears to be corrupted. The path 'include/python3.9/abstract.h'
specified in the package manifest cannot be found.

CondaVerificationError: The package for python located at /local/scratch/autoafids/.pixi/envs/default/pkgs/python-3.9.23-hc30ae73_0_cpython
appears to be corrupted. The path 'include/python3.9/ast.h'
specified in the package manifest cannot be found.

CondaVerificationError: The package for python located at /local/scratch/autoafids/.pixi/envs/default/pkgs/python-3.9.23-hc30ae73_0_cpython
appears to be corrupted. The path 'include/python3.9/bitset.h'
specified in the package manifest cannot be found.

CondaVerificationError: The package for python located at /local/scratch/autoafids/.pixi/envs/default/pkgs/python-3.9.23-hc30ae73_0_cpython
appears to be corrupted. The path 'include/python3.9/bltinmodule.h'
specified in the package manifest cannot be found.

CondaVerificationError: The package for python located at /local/scratch/autoafids/.pixi/envs/default/pkgs/python-3.9.23-hc30ae73_0_cpython
appears to be corrupted. The path 'include/python3.9/boolobject.h'
specified in the package manifest cannot be found.

CondaVerificationError: The package for python located at /local/scratch/autoafids/.pixi/envs/default/pkgs/python-3.9.23-hc30ae73_0_cpython
appears to be corrupted. The path 'include/python3.9/bytearrayobject.h'
specified in the package manifest cannot be found.

CondaVerificationError: The package for python located at /local/scratch/autoafids/.pixi/envs/default/pkgs/python-3.9.23-hc30ae73_0_cpython
appears to be corrupted. The path 'include/python3.9/bytesobject.h'
specified in the package manifest cannot be found.

CondaVerificationError: The package for python located at /local/scratch/autoafids/.pixi/envs/default/pkgs/python-3.9.23-hc30ae73_0_cpython
appears to be corrupted. The path 'include/python3.9/cellobject.h'
specified in the package manifest cannot be found.

CondaVerificationError: The package for python located at /local/scratch/autoafids/.pixi/envs/default/pkgs/python-3.9.23-hc30ae73_0_cpython
appears to be corrupted. The path 'include/python3.9/ceval.h'
specified in the package manifest cannot be found.

CondaVerificationError: The package for python located at /local/scratch/autoafids/.pixi/envs/default/pkgs/python-3.9.23-hc30ae73_0_cpython
appears to be corrupted. The path 'include/python3.9/classobject.h'
specified in the package manifest cannot be found.

CondaVerificationError: The package for python located at /local/scratch/autoafids/.pixi/envs/default/pkgs/python-3.9.23-hc30ae73_0_cpython
appears to be corrupted. The path 'include/python3.9/code.h'
specified in the package manifest cannot be found.

CondaVerificationError: The package for python located at /local/scratch/autoafids/.pixi/envs/default/pkgs/python-3.9.23-hc30ae73_0_cpython
appears to be corrupted. The path 'include/python3.9/compile.h'
specified in the package manifest cannot be found.

CondaVerificationError: The package for python located at /local/scratch/autoafids/.pixi/envs/default/pkgs/python-3.9.23-hc30ae73_0_cpython
appears to be corrupted. The path 'include/python3.9/complexobject.h'
specified in the package manifest cannot be found.

CondaVerificationError: The package for python located at /local/scratch/autoafids/.pixi/envs/default/pkgs/python-3.9.23-hc30ae73_0_cpython
appears to be corrupted. The path 'include/python3.9/context.h'
specified in the package manifest cannot be found.

CondaVerificationError: The package for python located at /local/scratch/autoafids/.pixi/envs/default/pkgs/python-3.9.23-hc30ae73_0_cpython
appears to be corrupted. The path 'include/python3.9/cpython/abstract.h'
specified in the package manifest cannot be found.

CondaVerificationError: The package for python located at /local/scratch/autoafids/.pixi/envs/default/pkgs/python-3.9.23-hc30ae73_0_cpython
appears to be corrupted. The path 'include/python3.9/cpython/bytearrayobject.h'
specified in the package manifest cannot be found.

CondaVerificationError: The package for python located at /local/scratch/autoafids/.pixi/envs/default/pkgs/python-3.9.23-hc30ae73_0_cpython
appears to be corrupted. The path 'include/python3.9/cpython/dictobject.h'
specified in the package manifest cannot be found.

CondaVerificationError: The package for python located at /local/scratch/autoafids/.pixi/envs/default/pkgs/python-3.9.23-hc30ae73_0_cpython
appears to be corrupted. The path 'include/python3.9/cpython/fileobject.h'
specified in the package manifest cannot be found.

CondaVerificationError: The package for python located at /local/scratch/autoafids/.pixi/envs/default/pkgs/python-3.9.23-hc30ae73_0_cpython
appears to be corrupted. The path 'include/python3.9/cpython/frameobject.h'
specified in the package manifest cannot be found.

CondaVerificationError: The package for python located at /local/scratch/autoafids/.pixi/envs/default/pkgs/python-3.9.23-hc30ae73_0_cpython
appears to be corrupted. The path 'include/python3.9/cpython/import.h'
specified in the package manifest cannot be found.

CondaVerificationError: The package for python located at /local/scratch/autoafids/.pixi/envs/default/pkgs/python-3.9.23-hc30ae73_0_cpython
appears to be corrupted. The path 'include/python3.9/cpython/initconfig.h'
specified in the package manifest cannot be found.

CondaVerificationError: The package for python located at /local/scratch/autoafids/.pixi/envs/default/pkgs/python-3.9.23-hc30ae73_0_cpython
appears to be corrupted. The path 'include/python3.9/cpython/listobject.h'
specified in the package manifest cannot be found.

CondaVerificationError: The package for python located at /local/scratch/autoafids/.pixi/envs/default/pkgs/python-3.9.23-hc30ae73_0_cpython
appears to be corrupted. The path 'include/python3.9/cpython/methodobject.h'
specified in the package manifest cannot be found.

CondaVerificationError: The package for python located at /local/scratch/autoafids/.pixi/envs/default/pkgs/python-3.9.23-hc30ae73_0_cpython
appears to be corrupted. The path 'include/python3.9/cpython/objimpl.h'
specified in the package manifest cannot be found.

CondaVerificationError: The package for python located at /local/scratch/autoafids/.pixi/envs/default/pkgs/python-3.9.23-hc30ae73_0_cpython
appears to be corrupted. The path 'include/python3.9/cpython/pyerrors.h'
specified in the package manifest cannot be found.

CondaVerificationError: The package for python located at /local/scratch/autoafids/.pixi/envs/default/pkgs/python-3.9.23-hc30ae73_0_cpython
appears to be corrupted. The path 'include/python3.9/cpython/pylifecycle.h'
specified in the package manifest cannot be found.

CondaVerificationError: The package for python located at /local/scratch/autoafids/.pixi/envs/default/pkgs/python-3.9.23-hc30ae73_0_cpython
appears to be corrupted. The path 'include/python3.9/cpython/pymem.h'
specified in the package manifest cannot be found.

CondaVerificationError: The package for python located at /local/scratch/autoafids/.pixi/envs/default/pkgs/python-3.9.23-hc30ae73_0_cpython
appears to be corrupted. The path 'include/python3.9/cpython/pystate.h'
specified in the package manifest cannot be found.

CondaVerificationError: The package for python located at /local/scratch/autoafids/.pixi/envs/default/pkgs/python-3.9.23-hc30ae73_0_cpython
appears to be corrupted. The path 'include/python3.9/dynamic_annotations.h'
specified in the package manifest cannot be found.

CondaVerificationError: The package for python located at /local/scratch/autoafids/.pixi/envs/default/pkgs/python-3.9.23-hc30ae73_0_cpython
appears to be corrupted. The path 'include/python3.9/enumobject.h'
specified in the package manifest cannot be found.

CondaVerificationError: The package for python located at /local/scratch/autoafids/.pixi/envs/default/pkgs/python-3.9.23-hc30ae73_0_cpython
appears to be corrupted. The path 'include/python3.9/eval.h'
specified in the package manifest cannot be found.

CondaVerificationError: The package for python located at /local/scratch/autoafids/.pixi/envs/default/pkgs/python-3.9.23-hc30ae73_0_cpython
appears to be corrupted. The path 'include/python3.9/exports.h'
specified in the package manifest cannot be found.

CondaVerificationError: The package for python located at /local/scratch/autoafids/.pixi/envs/default/pkgs/python-3.9.23-hc30ae73_0_cpython
appears to be corrupted. The path 'include/python3.9/floatobject.h'
specified in the package manifest cannot be found.

CondaVerificationError: The package for python located at /local/scratch/autoafids/.pixi/envs/default/pkgs/python-3.9.23-hc30ae73_0_cpython
appears to be corrupted. The path 'include/python3.9/funcobject.h'
specified in the package manifest cannot be found.

CondaVerificationError: The package for python located at /local/scratch/autoafids/.pixi/envs/default/pkgs/python-3.9.23-hc30ae73_0_cpython
appears to be corrupted. The path 'include/python3.9/graminit.h'
specified in the package manifest cannot be found.

CondaVerificationError: The package for python located at /local/scratch/autoafids/.pixi/envs/default/pkgs/python-3.9.23-hc30ae73_0_cpython
appears to be corrupted. The path 'include/python3.9/grammar.h'
specified in the package manifest cannot be found.

CondaVerificationError: The package for python located at /local/scratch/autoafids/.pixi/envs/default/pkgs/python-3.9.23-hc30ae73_0_cpython
appears to be corrupted. The path 'include/python3.9/import.h'
specified in the package manifest cannot be found.

CondaVerificationError: The package for python located at /local/scratch/autoafids/.pixi/envs/default/pkgs/python-3.9.23-hc30ae73_0_cpython
appears to be corrupted. The path 'include/python3.9/internal/pegen_interface.h'
specified in the package manifest cannot be found.

CondaVerificationError: The package for python located at /local/scratch/autoafids/.pixi/envs/default/pkgs/python-3.9.23-hc30ae73_0_cpython
appears to be corrupted. The path 'include/python3.9/internal/pycore_abstract.h'
specified in the package manifest cannot be found.

CondaVerificationError: The package for python located at /local/scratch/autoafids/.pixi/envs/default/pkgs/python-3.9.23-hc30ae73_0_cpython
appears to be corrupted. The path 'include/python3.9/internal/pycore_accu.h'
specified in the package manifest cannot be found.

CondaVerificationError: The package for python located at /local/scratch/autoafids/.pixi/envs/default/pkgs/python-3.9.23-hc30ae73_0_cpython
appears to be corrupted. The path 'include/python3.9/internal/pycore_atomic.h'
specified in the package manifest cannot be found.

CondaVerificationError: The package for python located at /local/scratch/autoafids/.pixi/envs/default/pkgs/python-3.9.23-hc30ae73_0_cpython
appears to be corrupted. The path 'include/python3.9/internal/pycore_bytes_methods.h'
specified in the package manifest cannot be found.

CondaVerificationError: The package for python located at /local/scratch/autoafids/.pixi/envs/default/pkgs/python-3.9.23-hc30ae73_0_cpython
appears to be corrupted. The path 'include/python3.9/internal/pycore_call.h'
specified in the package manifest cannot be found.

CondaVerificationError: The package for python located at /local/scratch/autoafids/.pixi/envs/default/pkgs/python-3.9.23-hc30ae73_0_cpython
appears to be corrupted. The path 'include/python3.9/internal/pycore_ceval.h'
specified in the package manifest cannot be found.

CondaVerificationError: The package for python located at /local/scratch/autoafids/.pixi/envs/default/pkgs/python-3.9.23-hc30ae73_0_cpython
appears to be corrupted. The path 'include/python3.9/internal/pycore_condvar.h'
specified in the package manifest cannot be found.

CondaVerificationError: The package for python located at /local/scratch/autoafids/.pixi/envs/default/pkgs/python-3.9.23-hc30ae73_0_cpython
appears to be corrupted. The path 'include/python3.9/internal/pycore_dtoa.h'
specified in the package manifest cannot be found.

CondaVerificationError: The package for python located at /local/scratch/autoafids/.pixi/envs/default/pkgs/python-3.9.23-hc30ae73_0_cpython
appears to be corrupted. The path 'include/python3.9/internal/pycore_fileutils.h'
specified in the package manifest cannot be found.

CondaVerificationError: The package for python located at /local/scratch/autoafids/.pixi/envs/default/pkgs/python-3.9.23-hc30ae73_0_cpython
appears to be corrupted. The path 'include/python3.9/internal/pycore_gc.h'
specified in the package manifest cannot be found.

CondaVerificationError: The package for python located at /local/scratch/autoafids/.pixi/envs/default/pkgs/python-3.9.23-hc30ae73_0_cpython
appears to be corrupted. The path 'include/python3.9/internal/pycore_getopt.h'
specified in the package manifest cannot be found.

CondaVerificationError: The package for python located at /local/scratch/autoafids/.pixi/envs/default/pkgs/python-3.9.23-hc30ae73_0_cpython
appears to be corrupted. The path 'include/python3.9/internal/pycore_hashtable.h'
specified in the package manifest cannot be found.

CondaVerificationError: The package for python located at /local/scratch/autoafids/.pixi/envs/default/pkgs/python-3.9.23-hc30ae73_0_cpython
appears to be corrupted. The path 'include/python3.9/internal/pycore_import.h'
specified in the package manifest cannot be found.

CondaVerificationError: The package for python located at /local/scratch/autoafids/.pixi/envs/default/pkgs/python-3.9.23-hc30ae73_0_cpython
appears to be corrupted. The path 'include/python3.9/internal/pycore_initconfig.h'
specified in the package manifest cannot be found.

CondaVerificationError: The package for python located at /local/scratch/autoafids/.pixi/envs/default/pkgs/python-3.9.23-hc30ae73_0_cpython
appears to be corrupted. The path 'include/python3.9/internal/pycore_interp.h'
specified in the package manifest cannot be found.

CondaVerificationError: The package for python located at /local/scratch/autoafids/.pixi/envs/default/pkgs/python-3.9.23-hc30ae73_0_cpython
appears to be corrupted. The path 'include/python3.9/internal/pycore_object.h'
specified in the package manifest cannot be found.

CondaVerificationError: The package for python located at /local/scratch/autoafids/.pixi/envs/default/pkgs/python-3.9.23-hc30ae73_0_cpython
appears to be corrupted. The path 'include/python3.9/internal/pycore_pathconfig.h'
specified in the package manifest cannot be found.

CondaVerificationError: The package for python located at /local/scratch/autoafids/.pixi/envs/default/pkgs/python-3.9.23-hc30ae73_0_cpython
appears to be corrupted. The path 'include/python3.9/internal/pycore_pyerrors.h'
specified in the package manifest cannot be found.

CondaVerificationError: The package for python located at /local/scratch/autoafids/.pixi/envs/default/pkgs/python-3.9.23-hc30ae73_0_cpython
appears to be corrupted. The path 'include/python3.9/internal/pycore_pyhash.h'
specified in the package manifest cannot be found.

CondaVerificationError: The package for python located at /local/scratch/autoafids/.pixi/envs/default/pkgs/python-3.9.23-hc30ae73_0_cpython
appears to be corrupted. The path 'include/python3.9/internal/pycore_pylifecycle.h'
specified in the package manifest cannot be found.

CondaVerificationError: The package for python located at /local/scratch/autoafids/.pixi/envs/default/pkgs/python-3.9.23-hc30ae73_0_cpython
appears to be corrupted. The path 'include/python3.9/internal/pycore_pymem.h'
specified in the package manifest cannot be found.

CondaVerificationError: The package for python located at /local/scratch/autoafids/.pixi/envs/default/pkgs/python-3.9.23-hc30ae73_0_cpython
appears to be corrupted. The path 'include/python3.9/internal/pycore_runtime.h'
specified in the package manifest cannot be found.

CondaVerificationError: The package for python located at /local/scratch/autoafids/.pixi/envs/default/pkgs/python-3.9.23-hc30ae73_0_cpython
appears to be corrupted. The path 'include/python3.9/internal/pycore_sysmodule.h'
specified in the package manifest cannot be found.

CondaVerificationError: The package for python located at /local/scratch/autoafids/.pixi/envs/default/pkgs/python-3.9.23-hc30ae73_0_cpython
appears to be corrupted. The path 'include/python3.9/internal/pycore_traceback.h'
specified in the package manifest cannot be found.

CondaVerificationError: The package for python located at /local/scratch/autoafids/.pixi/envs/default/pkgs/python-3.9.23-hc30ae73_0_cpython
appears to be corrupted. The path 'include/python3.9/internal/pycore_warnings.h'
specified in the package manifest cannot be found.

CondaVerificationError: The package for python located at /local/scratch/autoafids/.pixi/envs/default/pkgs/python-3.9.23-hc30ae73_0_cpython
appears to be corrupted. The path 'include/python3.9/interpreteridobject.h'
specified in the package manifest cannot be found.

CondaVerificationError: The package for python located at /local/scratch/autoafids/.pixi/envs/default/pkgs/python-3.9.23-hc30ae73_0_cpython
appears to be corrupted. The path 'include/python3.9/intrcheck.h'
specified in the package manifest cannot be found.

CondaVerificationError: The package for python located at /local/scratch/autoafids/.pixi/envs/default/pkgs/python-3.9.23-hc30ae73_0_cpython
appears to be corrupted. The path 'include/python3.9/iterobject.h'
specified in the package manifest cannot be found.

CondaVerificationError: The package for python located at /local/scratch/autoafids/.pixi/envs/default/pkgs/python-3.9.23-hc30ae73_0_cpython
appears to be corrupted. The path 'include/python3.9/listobject.h'
specified in the package manifest cannot be found.

CondaVerificationError: The package for python located at /local/scratch/autoafids/.pixi/envs/default/pkgs/python-3.9.23-hc30ae73_0_cpython
appears to be corrupted. The path 'include/python3.9/longintrepr.h'
specified in the package manifest cannot be found.

CondaVerificationError: The package for python located at /local/scratch/autoafids/.pixi/envs/default/pkgs/python-3.9.23-hc30ae73_0_cpython
appears to be corrupted. The path 'include/python3.9/longobject.h'
specified in the package manifest cannot be found.

CondaVerificationError: The package for python located at /local/scratch/autoafids/.pixi/envs/default/pkgs/python-3.9.23-hc30ae73_0_cpython
appears to be corrupted. The path 'include/python3.9/marshal.h'
specified in the package manifest cannot be found.

CondaVerificationError: The package for python located at /local/scratch/autoafids/.pixi/envs/default/pkgs/python-3.9.23-hc30ae73_0_cpython
appears to be corrupted. The path 'include/python3.9/moduleobject.h'
specified in the package manifest cannot be found.

CondaVerificationError: The package for python located at /local/scratch/autoafids/.pixi/envs/default/pkgs/python-3.9.23-hc30ae73_0_cpython
appears to be corrupted. The path 'include/python3.9/namespaceobject.h'
specified in the package manifest cannot be found.

CondaVerificationError: The package for python located at /local/scratch/autoafids/.pixi/envs/default/pkgs/python-3.9.23-hc30ae73_0_cpython
appears to be corrupted. The path 'include/python3.9/node.h'
specified in the package manifest cannot be found.

CondaVerificationError: The package for python located at /local/scratch/autoafids/.pixi/envs/default/pkgs/python-3.9.23-hc30ae73_0_cpython
appears to be corrupted. The path 'include/python3.9/objimpl.h'
specified in the package manifest cannot be found.

CondaVerificationError: The package for python located at /local/scratch/autoafids/.pixi/envs/default/pkgs/python-3.9.23-hc30ae73_0_cpython
appears to be corrupted. The path 'include/python3.9/odictobject.h'
specified in the package manifest cannot be found.

CondaVerificationError: The package for python located at /local/scratch/autoafids/.pixi/envs/default/pkgs/python-3.9.23-hc30ae73_0_cpython
appears to be corrupted. The path 'include/python3.9/opcode.h'
specified in the package manifest cannot be found.

CondaVerificationError: The package for python located at /local/scratch/autoafids/.pixi/envs/default/pkgs/python-3.9.23-hc30ae73_0_cpython
appears to be corrupted. The path 'include/python3.9/osdefs.h'
specified in the package manifest cannot be found.

CondaVerificationError: The package for python located at /local/scratch/autoafids/.pixi/envs/default/pkgs/python-3.9.23-hc30ae73_0_cpython
appears to be corrupted. The path 'include/python3.9/osmodule.h'
specified in the package manifest cannot be found.

CondaVerificationError: The package for python located at /local/scratch/autoafids/.pixi/envs/default/pkgs/python-3.9.23-hc30ae73_0_cpython
appears to be corrupted. The path 'include/python3.9/parsetok.h'
specified in the package manifest cannot be found.

CondaVerificationError: The package for python located at /local/scratch/autoafids/.pixi/envs/default/pkgs/python-3.9.23-hc30ae73_0_cpython
appears to be corrupted. The path 'include/python3.9/picklebufobject.h'
specified in the package manifest cannot be found.

CondaVerificationError: The package for python located at /local/scratch/autoafids/.pixi/envs/default/pkgs/python-3.9.23-hc30ae73_0_cpython
appears to be corrupted. The path 'include/python3.9/pyarena.h'
specified in the package manifest cannot be found.

CondaVerificationError: The package for python located at /local/scratch/autoafids/.pixi/envs/default/pkgs/python-3.9.23-hc30ae73_0_cpython
appears to be corrupted. The path 'include/python3.9/pycapsule.h'
specified in the package manifest cannot be found.

CondaVerificationError: The package for python located at /local/scratch/autoafids/.pixi/envs/default/pkgs/python-3.9.23-hc30ae73_0_cpython
appears to be corrupted. The path 'include/python3.9/pyconfig.h'
specified in the package manifest cannot be found.

CondaVerificationError: The package for python located at /local/scratch/autoafids/.pixi/envs/default/pkgs/python-3.9.23-hc30ae73_0_cpython
appears to be corrupted. The path 'include/python3.9/pyctype.h'
specified in the package manifest cannot be found.

CondaVerificationError: The package for python located at /local/scratch/autoafids/.pixi/envs/default/pkgs/python-3.9.23-hc30ae73_0_cpython
appears to be corrupted. The path 'include/python3.9/pydebug.h'
specified in the package manifest cannot be found.

CondaVerificationError: The package for python located at /local/scratch/autoafids/.pixi/envs/default/pkgs/python-3.9.23-hc30ae73_0_cpython
appears to be corrupted. The path 'include/python3.9/pydtrace.h'
specified in the package manifest cannot be found.

CondaVerificationError: The package for python located at /local/scratch/autoafids/.pixi/envs/default/pkgs/python-3.9.23-hc30ae73_0_cpython
appears to be corrupted. The path 'include/python3.9/pyerrors.h'
specified in the package manifest cannot be found.

CondaVerificationError: The package for python located at /local/scratch/autoafids/.pixi/envs/default/pkgs/python-3.9.23-hc30ae73_0_cpython
appears to be corrupted. The path 'include/python3.9/pyexpat.h'
specified in the package manifest cannot be found.

CondaVerificationError: The package for python located at /local/scratch/autoafids/.pixi/envs/default/pkgs/python-3.9.23-hc30ae73_0_cpython
appears to be corrupted. The path 'include/python3.9/pyfpe.h'
specified in the package manifest cannot be found.

CondaVerificationError: The package for python located at /local/scratch/autoafids/.pixi/envs/default/pkgs/python-3.9.23-hc30ae73_0_cpython
appears to be corrupted. The path 'include/python3.9/pyframe.h'
specified in the package manifest cannot be found.

CondaVerificationError: The package for python located at /local/scratch/autoafids/.pixi/envs/default/pkgs/python-3.9.23-hc30ae73_0_cpython
appears to be corrupted. The path 'include/python3.9/pylifecycle.h'
specified in the package manifest cannot be found.

CondaVerificationError: The package for python located at /local/scratch/autoafids/.pixi/envs/default/pkgs/python-3.9.23-hc30ae73_0_cpython
appears to be corrupted. The path 'include/python3.9/pymacconfig.h'
specified in the package manifest cannot be found.

CondaVerificationError: The package for python located at /local/scratch/autoafids/.pixi/envs/default/pkgs/python-3.9.23-hc30ae73_0_cpython
appears to be corrupted. The path 'include/python3.9/pymacro.h'
specified in the package manifest cannot be found.

CondaVerificationError: The package for python located at /local/scratch/autoafids/.pixi/envs/default/pkgs/python-3.9.23-hc30ae73_0_cpython
appears to be corrupted. The path 'include/python3.9/pymath.h'
specified in the package manifest cannot be found.

CondaVerificationError: The package for python located at /local/scratch/autoafids/.pixi/envs/default/pkgs/python-3.9.23-hc30ae73_0_cpython
appears to be corrupted. The path 'include/python3.9/pymem.h'
specified in the package manifest cannot be found.

CondaVerificationError: The package for python located at /local/scratch/autoafids/.pixi/envs/default/pkgs/python-3.9.23-hc30ae73_0_cpython
appears to be corrupted. The path 'include/python3.9/pyport.h'
specified in the package manifest cannot be found.

CondaVerificationError: The package for python located at /local/scratch/autoafids/.pixi/envs/default/pkgs/python-3.9.23-hc30ae73_0_cpython
appears to be corrupted. The path 'include/python3.9/pystrhex.h'
specified in the package manifest cannot be found.

CondaVerificationError: The package for python located at /local/scratch/autoafids/.pixi/envs/default/pkgs/python-3.9.23-hc30ae73_0_cpython
appears to be corrupted. The path 'include/python3.9/pystrtod.h'
specified in the package manifest cannot be found.

CondaVerificationError: The package for python located at /local/scratch/autoafids/.pixi/envs/default/pkgs/python-3.9.23-hc30ae73_0_cpython
appears to be corrupted. The path 'include/python3.9/pythonrun.h'
specified in the package manifest cannot be found.

CondaVerificationError: The package for python located at /local/scratch/autoafids/.pixi/envs/default/pkgs/python-3.9.23-hc30ae73_0_cpython
appears to be corrupted. The path 'include/python3.9/pytime.h'
specified in the package manifest cannot be found.

CondaVerificationError: The package for python located at /local/scratch/autoafids/.pixi/envs/default/pkgs/python-3.9.23-hc30ae73_0_cpython
appears to be corrupted. The path 'include/python3.9/rangeobject.h'
specified in the package manifest cannot be found.

CondaVerificationError: The package for python located at /local/scratch/autoafids/.pixi/envs/default/pkgs/python-3.9.23-hc30ae73_0_cpython
appears to be corrupted. The path 'include/python3.9/setobject.h'
specified in the package manifest cannot be found.

CondaVerificationError: The package for python located at /local/scratch/autoafids/.pixi/envs/default/pkgs/python-3.9.23-hc30ae73_0_cpython
appears to be corrupted. The path 'include/python3.9/sliceobject.h'
specified in the package manifest cannot be found.

CondaVerificationError: The package for python located at /local/scratch/autoafids/.pixi/envs/default/pkgs/python-3.9.23-hc30ae73_0_cpython
appears to be corrupted. The path 'include/python3.9/structmember.h'
specified in the package manifest cannot be found.

CondaVerificationError: The package for python located at /local/scratch/autoafids/.pixi/envs/default/pkgs/python-3.9.23-hc30ae73_0_cpython
appears to be corrupted. The path 'include/python3.9/structseq.h'
specified in the package manifest cannot be found.

CondaVerificationError: The package for python located at /local/scratch/autoafids/.pixi/envs/default/pkgs/python-3.9.23-hc30ae73_0_cpython
appears to be corrupted. The path 'include/python3.9/symtable.h'
specified in the package manifest cannot be found.

CondaVerificationError: The package for python located at /local/scratch/autoafids/.pixi/envs/default/pkgs/python-3.9.23-hc30ae73_0_cpython
appears to be corrupted. The path 'include/python3.9/sysmodule.h'
specified in the package manifest cannot be found.

CondaVerificationError: The package for python located at /local/scratch/autoafids/.pixi/envs/default/pkgs/python-3.9.23-hc30ae73_0_cpython
appears to be corrupted. The path 'include/python3.9/token.h'
specified in the package manifest cannot be found.

CondaVerificationError: The package for python located at /local/scratch/autoafids/.pixi/envs/default/pkgs/python-3.9.23-hc30ae73_0_cpython
appears to be corrupted. The path 'include/python3.9/traceback.h'
specified in the package manifest cannot be found.

CondaVerificationError: The package for python located at /local/scratch/autoafids/.pixi/envs/default/pkgs/python-3.9.23-hc30ae73_0_cpython
appears to be corrupted. The path 'include/python3.9/tupleobject.h'
specified in the package manifest cannot be found.

CondaVerificationError: The package for python located at /local/scratch/autoafids/.pixi/envs/default/pkgs/python-3.9.23-hc30ae73_0_cpython
appears to be corrupted. The path 'include/python3.9/typeslots.h'
specified in the package manifest cannot be found.

CondaVerificationError: The package for python located at /local/scratch/autoafids/.pixi/envs/default/pkgs/python-3.9.23-hc30ae73_0_cpython
appears to be corrupted. The path 'include/python3.9/ucnhash.h'
specified in the package manifest cannot be found.

CondaVerificationError: The package for python located at /local/scratch/autoafids/.pixi/envs/default/pkgs/python-3.9.23-hc30ae73_0_cpython
appears to be corrupted. The path 'include/python3.9/unicodeobject.h'
specified in the package manifest cannot be found.

CondaVerificationError: The package for python located at /local/scratch/autoafids/.pixi/envs/default/pkgs/python-3.9.23-hc30ae73_0_cpython
appears to be corrupted. The path 'include/python3.9/warnings.h'
specified in the package manifest cannot be found.

CondaVerificationError: The package for python located at /local/scratch/autoafids/.pixi/envs/default/pkgs/python-3.9.23-hc30ae73_0_cpython
appears to be corrupted. The path 'include/python3.9/weakrefobject.h'
specified in the package manifest cannot be found.

CondaVerificationError: The package for python located at /local/scratch/autoafids/.pixi/envs/default/pkgs/python-3.9.23-hc30ae73_0_cpython
appears to be corrupted. The path 'lib/libpython3.9.so'
specified in the package manifest cannot be found.

SafetyError: The package for python located at /local/scratch/autoafids/.pixi/envs/default/pkgs/python-3.9.23-hc30ae73_0_cpython
appears to be corrupted. The path 'lib/libpython3.9.so.1.0'
has an incorrect size.
  reported size: 15089904 bytes
  actual size: 4923392 bytes

CondaVerificationError: The package for python located at /local/scratch/autoafids/.pixi/envs/default/pkgs/python-3.9.23-hc30ae73_0_cpython
appears to be corrupted. The path 'lib/libpython3.so'
specified in the package manifest cannot be found.

CondaVerificationError: The package for python located at /local/scratch/autoafids/.pixi/envs/default/pkgs/python-3.9.23-hc30ae73_0_cpython
appears to be corrupted. The path 'lib/pkgconfig/python3-embed.pc'
specified in the package manifest cannot be found.

CondaVerificationError: The package for python located at /local/scratch/autoafids/.pixi/envs/default/pkgs/python-3.9.23-hc30ae73_0_cpython
appears to be corrupted. The path 'lib/pkgconfig/python3.pc'
specified in the package manifest cannot be found.

CondaVerificationError: The package for python located at /local/scratch/autoafids/.pixi/envs/default/pkgs/python-3.9.23-hc30ae73_0_cpython
appears to be corrupted. The path 'lib/python3.9/__future__.py'
specified in the package manifest cannot be found.

CondaVerificationError: The package for python located at /local/scratch/autoafids/.pixi/envs/default/pkgs/python-3.9.23-hc30ae73_0_cpython
appears to be corrupted. The path 'lib/python3.9/__pycache__/__future__.cpython-39.pyc'
specified in the package manifest cannot be found.

CondaVerificationError: The package for python located at /local/scratch/autoafids/.pixi/envs/default/pkgs/python-3.9.23-hc30ae73_0_cpython
appears to be corrupted. The path 'lib/python3.9/__pycache__/__phello__.foo.cpython-39.pyc'
specified in the package manifest cannot be found.

CondaVerificationError: The package for python located at /local/scratch/autoafids/.pixi/envs/default/pkgs/python-3.9.23-hc30ae73_0_cpython
appears to be corrupted. The path 'lib/python3.9/__pycache__/_aix_support.cpython-39.pyc'
specified in the package manifest cannot be found.

CondaVerificationError: The package for python located at /local/scratch/autoafids/.pixi/envs/default/pkgs/python-3.9.23-hc30ae73_0_cpython
appears to be corrupted. The path 'lib/python3.9/__pycache__/_bootlocale.cpython-39.pyc'
specified in the package manifest cannot be found.

CondaVerificationError: The package for python located at /local/scratch/autoafids/.pixi/envs/default/pkgs/python-3.9.23-hc30ae73_0_cpython
appears to be corrupted. The path 'lib/python3.9/__pycache__/_collections_abc.cpython-39.pyc'
specified in the package manifest cannot be found.

CondaVerificationError: The package for python located at /local/scratch/autoafids/.pixi/envs/default/pkgs/python-3.9.23-hc30ae73_0_cpython
appears to be corrupted. The path 'lib/python3.9/__pycache__/_compat_pickle.cpython-39.pyc'
specified in the package manifest cannot be found.

CondaVerificationError: The package for python located at /local/scratch/autoafids/.pixi/envs/default/pkgs/python-3.9.23-hc30ae73_0_cpython
appears to be corrupted. The path 'lib/python3.9/__pycache__/_compression.cpython-39.pyc'
specified in the package manifest cannot be found.

CondaVerificationError: The package for python located at /local/scratch/autoafids/.pixi/envs/default/pkgs/python-3.9.23-hc30ae73_0_cpython
appears to be corrupted. The path 'lib/python3.9/__pycache__/_markupbase.cpython-39.pyc'
specified in the package manifest cannot be found.

CondaVerificationError: The package for python located at /local/scratch/autoafids/.pixi/envs/default/pkgs/python-3.9.23-hc30ae73_0_cpython
appears to be corrupted. The path 'lib/python3.9/__pycache__/_py_abc.cpython-39.pyc'
specified in the package manifest cannot be found.

CondaVerificationError: The package for python located at /local/scratch/autoafids/.pixi/envs/default/pkgs/python-3.9.23-hc30ae73_0_cpython
appears to be corrupted. The path 'lib/python3.9/__pycache__/_pydecimal.cpython-39.pyc'
specified in the package manifest cannot be found.

CondaVerificationError: The package for python located at /local/scratch/autoafids/.pixi/envs/default/pkgs/python-3.9.23-hc30ae73_0_cpython
appears to be corrupted. The path 'lib/python3.9/__pycache__/_pyio.cpython-39.pyc'
specified in the package manifest cannot be found.

CondaVerificationError: The package for python located at /local/scratch/autoafids/.pixi/envs/default/pkgs/python-3.9.23-hc30ae73_0_cpython
appears to be corrupted. The path 'lib/python3.9/__pycache__/_sitebuiltins.cpython-39.pyc'
specified in the package manifest cannot be found.

CondaVerificationError: The package for python located at /local/scratch/autoafids/.pixi/envs/default/pkgs/python-3.9.23-hc30ae73_0_cpython
appears to be corrupted. The path 'lib/python3.9/__pycache__/_strptime.cpython-39.pyc'
specified in the package manifest cannot be found.

CondaVerificationError: The package for python located at /local/scratch/autoafids/.pixi/envs/default/pkgs/python-3.9.23-hc30ae73_0_cpython
appears to be corrupted. The path 'lib/python3.9/__pycache__/_sysconfigdata__linux_x86_64-linux-gnu.cpython-39.pyc'
specified in the package manifest cannot be found.

CondaVerificationError: The package for python located at /local/scratch/autoafids/.pixi/envs/default/pkgs/python-3.9.23-hc30ae73_0_cpython
appears to be corrupted. The path 'lib/python3.9/__pycache__/_sysconfigdata_x86_64_conda_linux_gnu.cpython-39.pyc'
specified in the package manifest cannot be found.

CondaVerificationError: The package for python located at /local/scratch/autoafids/.pixi/envs/default/pkgs/python-3.9.23-hc30ae73_0_cpython
appears to be corrupted. The path 'lib/python3.9/__pycache__/_threading_local.cpython-39.pyc'
specified in the package manifest cannot be found.

CondaVerificationError: The package for python located at /local/scratch/autoafids/.pixi/envs/default/pkgs/python-3.9.23-hc30ae73_0_cpython
appears to be corrupted. The path 'lib/python3.9/__pycache__/_weakrefset.cpython-39.pyc'
specified in the package manifest cannot be found.

CondaVerificationError: The package for python located at /local/scratch/autoafids/.pixi/envs/default/pkgs/python-3.9.23-hc30ae73_0_cpython
appears to be corrupted. The path 'lib/python3.9/__pycache__/abc.cpython-39.pyc'
specified in the package manifest cannot be found.

CondaVerificationError: The package for python located at /local/scratch/autoafids/.pixi/envs/default/pkgs/python-3.9.23-hc30ae73_0_cpython
appears to be corrupted. The path 'lib/python3.9/__pycache__/argparse.cpython-39.pyc'
specified in the package manifest cannot be found.

CondaVerificationError: The package for python located at /local/scratch/autoafids/.pixi/envs/default/pkgs/python-3.9.23-hc30ae73_0_cpython
appears to be corrupted. The path 'lib/python3.9/__pycache__/ast.cpython-39.pyc'
specified in the package manifest cannot be found.

CondaVerificationError: The package for python located at /local/scratch/autoafids/.pixi/envs/default/pkgs/python-3.9.23-hc30ae73_0_cpython
appears to be corrupted. The path 'lib/python3.9/__pycache__/asynchat.cpython-39.pyc'
specified in the package manifest cannot be found.

CondaVerificationError: The package for python located at /local/scratch/autoafids/.pixi/envs/default/pkgs/python-3.9.23-hc30ae73_0_cpython
appears to be corrupted. The path 'lib/python3.9/__pycache__/asyncore.cpython-39.pyc'
specified in the package manifest cannot be found.

CondaVerificationError: The package for python located at /local/scratch/autoafids/.pixi/envs/default/pkgs/python-3.9.23-hc30ae73_0_cpython
appears to be corrupted. The path 'lib/python3.9/__pycache__/base64.cpython-39.pyc'
specified in the package manifest cannot be found.

CondaVerificationError: The package for python located at /local/scratch/autoafids/.pixi/envs/default/pkgs/python-3.9.23-hc30ae73_0_cpython
appears to be corrupted. The path 'lib/python3.9/__pycache__/bdb.cpython-39.pyc'
specified in the package manifest cannot be found.

CondaVerificationError: The package for python located at /local/scratch/autoafids/.pixi/envs/default/pkgs/python-3.9.23-hc30ae73_0_cpython
appears to be corrupted. The path 'lib/python3.9/__pycache__/bz2.cpython-39.pyc'
specified in the package manifest cannot be found.

CondaVerificationError: The package for python located at /local/scratch/autoafids/.pixi/envs/default/pkgs/python-3.9.23-hc30ae73_0_cpython
appears to be corrupted. The path 'lib/python3.9/__pycache__/cProfile.cpython-39.pyc'
specified in the package manifest cannot be found.

CondaVerificationError: The package for python located at /local/scratch/autoafids/.pixi/envs/default/pkgs/python-3.9.23-hc30ae73_0_cpython
appears to be corrupted. The path 'lib/python3.9/__pycache__/calendar.cpython-39.pyc'
specified in the package manifest cannot be found.

CondaVerificationError: The package for python located at /local/scratch/autoafids/.pixi/envs/default/pkgs/python-3.9.23-hc30ae73_0_cpython
appears to be corrupted. The path 'lib/python3.9/__pycache__/cgi.cpython-39.pyc'
specified in the package manifest cannot be found.

CondaVerificationError: The package for python located at /local/scratch/autoafids/.pixi/envs/default/pkgs/python-3.9.23-hc30ae73_0_cpython
appears to be corrupted. The path 'lib/python3.9/__pycache__/cgitb.cpython-39.pyc'
specified in the package manifest cannot be found.

CondaVerificationError: The package for python located at /local/scratch/autoafids/.pixi/envs/default/pkgs/python-3.9.23-hc30ae73_0_cpython
appears to be corrupted. The path 'lib/python3.9/__pycache__/chunk.cpython-39.pyc'
specified in the package manifest cannot be found.

CondaVerificationError: The package for python located at /local/scratch/autoafids/.pixi/envs/default/pkgs/python-3.9.23-hc30ae73_0_cpython
appears to be corrupted. The path 'lib/python3.9/__pycache__/codecs.cpython-39.pyc'
specified in the package manifest cannot be found.

CondaVerificationError: The package for python located at /local/scratch/autoafids/.pixi/envs/default/pkgs/python-3.9.23-hc30ae73_0_cpython
appears to be corrupted. The path 'lib/python3.9/__pycache__/codeop.cpython-39.pyc'
specified in the package manifest cannot be found.

CondaVerificationError: The package for python located at /local/scratch/autoafids/.pixi/envs/default/pkgs/python-3.9.23-hc30ae73_0_cpython
appears to be corrupted. The path 'lib/python3.9/__pycache__/colorsys.cpython-39.pyc'
specified in the package manifest cannot be found.

CondaVerificationError: The package for python located at /local/scratch/autoafids/.pixi/envs/default/pkgs/python-3.9.23-hc30ae73_0_cpython
appears to be corrupted. The path 'lib/python3.9/__pycache__/compileall.cpython-39.pyc'
specified in the package manifest cannot be found.

CondaVerificationError: The package for python located at /local/scratch/autoafids/.pixi/envs/default/pkgs/python-3.9.23-hc30ae73_0_cpython
appears to be corrupted. The path 'lib/python3.9/__pycache__/contextlib.cpython-39.pyc'
specified in the package manifest cannot be found.

CondaVerificationError: The package for python located at /local/scratch/autoafids/.pixi/envs/default/pkgs/python-3.9.23-hc30ae73_0_cpython
appears to be corrupted. The path 'lib/python3.9/__pycache__/contextvars.cpython-39.pyc'
specified in the package manifest cannot be found.

CondaVerificationError: The package for python located at /local/scratch/autoafids/.pixi/envs/default/pkgs/python-3.9.23-hc30ae73_0_cpython
appears to be corrupted. The path 'lib/python3.9/__pycache__/copy.cpython-39.pyc'
specified in the package manifest cannot be found.

CondaVerificationError: The package for python located at /local/scratch/autoafids/.pixi/envs/default/pkgs/python-3.9.23-hc30ae73_0_cpython
appears to be corrupted. The path 'lib/python3.9/__pycache__/copyreg.cpython-39.pyc'
specified in the package manifest cannot be found.

CondaVerificationError: The package for python located at /local/scratch/autoafids/.pixi/envs/default/pkgs/python-3.9.23-hc30ae73_0_cpython
appears to be corrupted. The path 'lib/python3.9/__pycache__/crypt.cpython-39.pyc'
specified in the package manifest cannot be found.

CondaVerificationError: The package for python located at /local/scratch/autoafids/.pixi/envs/default/pkgs/python-3.9.23-hc30ae73_0_cpython
appears to be corrupted. The path 'lib/python3.9/__pycache__/csv.cpython-39.pyc'
specified in the package manifest cannot be found.

CondaVerificationError: The package for python located at /local/scratch/autoafids/.pixi/envs/default/pkgs/python-3.9.23-hc30ae73_0_cpython
appears to be corrupted. The path 'lib/python3.9/__pycache__/dataclasses.cpython-39.pyc'
specified in the package manifest cannot be found.

CondaVerificationError: The package for python located at /local/scratch/autoafids/.pixi/envs/default/pkgs/python-3.9.23-hc30ae73_0_cpython
appears to be corrupted. The path 'lib/python3.9/__pycache__/datetime.cpython-39.pyc'
specified in the package manifest cannot be found.

CondaVerificationError: The package for python located at /local/scratch/autoafids/.pixi/envs/default/pkgs/python-3.9.23-hc30ae73_0_cpython
appears to be corrupted. The path 'lib/python3.9/__pycache__/decimal.cpython-39.pyc'
specified in the package manifest cannot be found.

CondaVerificationError: The package for python located at /local/scratch/autoafids/.pixi/envs/default/pkgs/python-3.9.23-hc30ae73_0_cpython
appears to be corrupted. The path 'lib/python3.9/__pycache__/difflib.cpython-39.pyc'
specified in the package manifest cannot be found.

CondaVerificationError: The package for python located at /local/scratch/autoafids/.pixi/envs/default/pkgs/python-3.9.23-hc30ae73_0_cpython
appears to be corrupted. The path 'lib/python3.9/__pycache__/dis.cpython-39.pyc'
specified in the package manifest cannot be found.

CondaVerificationError: The package for python located at /local/scratch/autoafids/.pixi/envs/default/pkgs/python-3.9.23-hc30ae73_0_cpython
appears to be corrupted. The path 'lib/python3.9/__pycache__/doctest.cpython-39.pyc'
specified in the package manifest cannot be found.

CondaVerificationError: The package for python located at /local/scratch/autoafids/.pixi/envs/default/pkgs/python-3.9.23-hc30ae73_0_cpython
appears to be corrupted. The path 'lib/python3.9/__pycache__/enum.cpython-39.pyc'
specified in the package manifest cannot be found.

CondaVerificationError: The package for python located at /local/scratch/autoafids/.pixi/envs/default/pkgs/python-3.9.23-hc30ae73_0_cpython
appears to be corrupted. The path 'lib/python3.9/__pycache__/filecmp.cpython-39.pyc'
specified in the package manifest cannot be found.

CondaVerificationError: The package for python located at /local/scratch/autoafids/.pixi/envs/default/pkgs/python-3.9.23-hc30ae73_0_cpython
appears to be corrupted. The path 'lib/python3.9/__pycache__/fileinput.cpython-39.pyc'
specified in the package manifest cannot be found.

CondaVerificationError: The package for python located at /local/scratch/autoafids/.pixi/envs/default/pkgs/python-3.9.23-hc30ae73_0_cpython
appears to be corrupted. The path 'lib/python3.9/__pycache__/fnmatch.cpython-39.pyc'
specified in the package manifest cannot be found.

CondaVerificationError: The package for python located at /local/scratch/autoafids/.pixi/envs/default/pkgs/python-3.9.23-hc30ae73_0_cpython
appears to be corrupted. The path 'lib/python3.9/__pycache__/formatter.cpython-39.pyc'
specified in the package manifest cannot be found.

CondaVerificationError: The package for python located at /local/scratch/autoafids/.pixi/envs/default/pkgs/python-3.9.23-hc30ae73_0_cpython
appears to be corrupted. The path 'lib/python3.9/__pycache__/fractions.cpython-39.pyc'
specified in the package manifest cannot be found.

CondaVerificationError: The package for python located at /local/scratch/autoafids/.pixi/envs/default/pkgs/python-3.9.23-hc30ae73_0_cpython
appears to be corrupted. The path 'lib/python3.9/__pycache__/ftplib.cpython-39.pyc'
specified in the package manifest cannot be found.

CondaVerificationError: The package for python located at /local/scratch/autoafids/.pixi/envs/default/pkgs/python-3.9.23-hc30ae73_0_cpython
appears to be corrupted. The path 'lib/python3.9/__pycache__/functools.cpython-39.pyc'
specified in the package manifest cannot be found.

CondaVerificationError: The package for python located at /local/scratch/autoafids/.pixi/envs/default/pkgs/python-3.9.23-hc30ae73_0_cpython
appears to be corrupted. The path 'lib/python3.9/__pycache__/getopt.cpython-39.pyc'
specified in the package manifest cannot be found.

CondaVerificationError: The package for python located at /local/scratch/autoafids/.pixi/envs/default/pkgs/python-3.9.23-hc30ae73_0_cpython
appears to be corrupted. The path 'lib/python3.9/__pycache__/gettext.cpython-39.pyc'
specified in the package manifest cannot be found.

CondaVerificationError: The package for python located at /local/scratch/autoafids/.pixi/envs/default/pkgs/python-3.9.23-hc30ae73_0_cpython
appears to be corrupted. The path 'lib/python3.9/__pycache__/glob.cpython-39.pyc'
specified in the package manifest cannot be found.

CondaVerificationError: The package for python located at /local/scratch/autoafids/.pixi/envs/default/pkgs/python-3.9.23-hc30ae73_0_cpython
appears to be corrupted. The path 'lib/python3.9/__pycache__/graphlib.cpython-39.pyc'
specified in the package manifest cannot be found.

CondaVerificationError: The package for python located at /local/scratch/autoafids/.pixi/envs/default/pkgs/python-3.9.23-hc30ae73_0_cpython
appears to be corrupted. The path 'lib/python3.9/__pycache__/hashlib.cpython-39.pyc'
specified in the package manifest cannot be found.

CondaVerificationError: The package for python located at /local/scratch/autoafids/.pixi/envs/default/pkgs/python-3.9.23-hc30ae73_0_cpython
appears to be corrupted. The path 'lib/python3.9/__pycache__/imaplib.cpython-39.pyc'
specified in the package manifest cannot be found.

CondaVerificationError: The package for python located at /local/scratch/autoafids/.pixi/envs/default/pkgs/python-3.9.23-hc30ae73_0_cpython
appears to be corrupted. The path 'lib/python3.9/__pycache__/imghdr.cpython-39.pyc'
specified in the package manifest cannot be found.

CondaVerificationError: The package for python located at /local/scratch/autoafids/.pixi/envs/default/pkgs/python-3.9.23-hc30ae73_0_cpython
appears to be corrupted. The path 'lib/python3.9/__pycache__/imp.cpython-39.pyc'
specified in the package manifest cannot be found.

CondaVerificationError: The package for python located at /local/scratch/autoafids/.pixi/envs/default/pkgs/python-3.9.23-hc30ae73_0_cpython
appears to be corrupted. The path 'lib/python3.9/__pycache__/inspect.cpython-39.pyc'
specified in the package manifest cannot be found.

CondaVerificationError: The package for python located at /local/scratch/autoafids/.pixi/envs/default/pkgs/python-3.9.23-hc30ae73_0_cpython
appears to be corrupted. The path 'lib/python3.9/__pycache__/io.cpython-39.pyc'
specified in the package manifest cannot be found.

CondaVerificationError: The package for python located at /local/scratch/autoafids/.pixi/envs/default/pkgs/python-3.9.23-hc30ae73_0_cpython
appears to be corrupted. The path 'lib/python3.9/__pycache__/keyword.cpython-39.pyc'
specified in the package manifest cannot be found.

CondaVerificationError: The package for python located at /local/scratch/autoafids/.pixi/envs/default/pkgs/python-3.9.23-hc30ae73_0_cpython
appears to be corrupted. The path 'lib/python3.9/__pycache__/locale.cpython-39.pyc'
specified in the package manifest cannot be found.

CondaVerificationError: The package for python located at /local/scratch/autoafids/.pixi/envs/default/pkgs/python-3.9.23-hc30ae73_0_cpython
appears to be corrupted. The path 'lib/python3.9/__pycache__/lzma.cpython-39.pyc'
specified in the package manifest cannot be found.

CondaVerificationError: The package for python located at /local/scratch/autoafids/.pixi/envs/default/pkgs/python-3.9.23-hc30ae73_0_cpython
appears to be corrupted. The path 'lib/python3.9/__pycache__/mailbox.cpython-39.pyc'
specified in the package manifest cannot be found.

CondaVerificationError: The package for python located at /local/scratch/autoafids/.pixi/envs/default/pkgs/python-3.9.23-hc30ae73_0_cpython
appears to be corrupted. The path 'lib/python3.9/__pycache__/mailcap.cpython-39.pyc'
specified in the package manifest cannot be found.

CondaVerificationError: The package for python located at /local/scratch/autoafids/.pixi/envs/default/pkgs/python-3.9.23-hc30ae73_0_cpython
appears to be corrupted. The path 'lib/python3.9/__pycache__/mimetypes.cpython-39.pyc'
specified in the package manifest cannot be found.

CondaVerificationError: The package for python located at /local/scratch/autoafids/.pixi/envs/default/pkgs/python-3.9.23-hc30ae73_0_cpython
appears to be corrupted. The path 'lib/python3.9/__pycache__/modulefinder.cpython-39.pyc'
specified in the package manifest cannot be found.

CondaVerificationError: The package for python located at /local/scratch/autoafids/.pixi/envs/default/pkgs/python-3.9.23-hc30ae73_0_cpython
appears to be corrupted. The path 'lib/python3.9/__pycache__/netrc.cpython-39.pyc'
specified in the package manifest cannot be found.

CondaVerificationError: The package for python located at /local/scratch/autoafids/.pixi/envs/default/pkgs/python-3.9.23-hc30ae73_0_cpython
appears to be corrupted. The path 'lib/python3.9/__pycache__/nntplib.cpython-39.pyc'
specified in the package manifest cannot be found.

CondaVerificationError: The package for python located at /local/scratch/autoafids/.pixi/envs/default/pkgs/python-3.9.23-hc30ae73_0_cpython
appears to be corrupted. The path 'lib/python3.9/__pycache__/ntpath.cpython-39.pyc'
specified in the package manifest cannot be found.

CondaVerificationError: The package for python located at /local/scratch/autoafids/.pixi/envs/default/pkgs/python-3.9.23-hc30ae73_0_cpython
appears to be corrupted. The path 'lib/python3.9/__pycache__/nturl2path.cpython-39.pyc'
specified in the package manifest cannot be found.

CondaVerificationError: The package for python located at /local/scratch/autoafids/.pixi/envs/default/pkgs/python-3.9.23-hc30ae73_0_cpython
appears to be corrupted. The path 'lib/python3.9/__pycache__/numbers.cpython-39.pyc'
specified in the package manifest cannot be found.

CondaVerificationError: The package for python located at /local/scratch/autoafids/.pixi/envs/default/pkgs/python-3.9.23-hc30ae73_0_cpython
appears to be corrupted. The path 'lib/python3.9/__pycache__/opcode.cpython-39.pyc'
specified in the package manifest cannot be found.

CondaVerificationError: The package for python located at /local/scratch/autoafids/.pixi/envs/default/pkgs/python-3.9.23-hc30ae73_0_cpython
appears to be corrupted. The path 'lib/python3.9/__pycache__/operator.cpython-39.pyc'
specified in the package manifest cannot be found.

CondaVerificationError: The package for python located at /local/scratch/autoafids/.pixi/envs/default/pkgs/python-3.9.23-hc30ae73_0_cpython
appears to be corrupted. The path 'lib/python3.9/__pycache__/optparse.cpython-39.pyc'
specified in the package manifest cannot be found.

CondaVerificationError: The package for python located at /local/scratch/autoafids/.pixi/envs/default/pkgs/python-3.9.23-hc30ae73_0_cpython
appears to be corrupted. The path 'lib/python3.9/__pycache__/os.cpython-39.pyc'
specified in the package manifest cannot be found.

CondaVerificationError: The package for python located at /local/scratch/autoafids/.pixi/envs/default/pkgs/python-3.9.23-hc30ae73_0_cpython
appears to be corrupted. The path 'lib/python3.9/__pycache__/pickle.cpython-39.pyc'
specified in the package manifest cannot be found.

CondaVerificationError: The package for python located at /local/scratch/autoafids/.pixi/envs/default/pkgs/python-3.9.23-hc30ae73_0_cpython
appears to be corrupted. The path 'lib/python3.9/__pycache__/pickletools.cpython-39.pyc'
specified in the package manifest cannot be found.

CondaVerificationError: The package for python located at /local/scratch/autoafids/.pixi/envs/default/pkgs/python-3.9.23-hc30ae73_0_cpython
appears to be corrupted. The path 'lib/python3.9/__pycache__/pipes.cpython-39.pyc'
specified in the package manifest cannot be found.

CondaVerificationError: The package for python located at /local/scratch/autoafids/.pixi/envs/default/pkgs/python-3.9.23-hc30ae73_0_cpython
appears to be corrupted. The path 'lib/python3.9/__pycache__/pkgutil.cpython-39.pyc'
specified in the package manifest cannot be found.

CondaVerificationError: The package for python located at /local/scratch/autoafids/.pixi/envs/default/pkgs/python-3.9.23-hc30ae73_0_cpython
appears to be corrupted. The path 'lib/python3.9/__pycache__/plistlib.cpython-39.pyc'
specified in the package manifest cannot be found.

CondaVerificationError: The package for python located at /local/scratch/autoafids/.pixi/envs/default/pkgs/python-3.9.23-hc30ae73_0_cpython
appears to be corrupted. The path 'lib/python3.9/__pycache__/poplib.cpython-39.pyc'
specified in the package manifest cannot be found.

CondaVerificationError: The package for python located at /local/scratch/autoafids/.pixi/envs/default/pkgs/python-3.9.23-hc30ae73_0_cpython
appears to be corrupted. The path 'lib/python3.9/__pycache__/posixpath.cpython-39.pyc'
specified in the package manifest cannot be found.

CondaVerificationError: The package for python located at /local/scratch/autoafids/.pixi/envs/default/pkgs/python-3.9.23-hc30ae73_0_cpython
appears to be corrupted. The path 'lib/python3.9/__pycache__/pprint.cpython-39.pyc'
specified in the package manifest cannot be found.

CondaVerificationError: The package for python located at /local/scratch/autoafids/.pixi/envs/default/pkgs/python-3.9.23-hc30ae73_0_cpython
appears to be corrupted. The path 'lib/python3.9/__pycache__/profile.cpython-39.pyc'
specified in the package manifest cannot be found.

CondaVerificationError: The package for python located at /local/scratch/autoafids/.pixi/envs/default/pkgs/python-3.9.23-hc30ae73_0_cpython
appears to be corrupted. The path 'lib/python3.9/__pycache__/pty.cpython-39.pyc'
specified in the package manifest cannot be found.

CondaVerificationError: The package for python located at /local/scratch/autoafids/.pixi/envs/default/pkgs/python-3.9.23-hc30ae73_0_cpython
appears to be corrupted. The path 'lib/python3.9/__pycache__/pyclbr.cpython-39.pyc'
specified in the package manifest cannot be found.

CondaVerificationError: The package for python located at /local/scratch/autoafids/.pixi/envs/default/pkgs/python-3.9.23-hc30ae73_0_cpython
appears to be corrupted. The path 'lib/python3.9/__pycache__/queue.cpython-39.pyc'
specified in the package manifest cannot be found.

CondaVerificationError: The package for python located at /local/scratch/autoafids/.pixi/envs/default/pkgs/python-3.9.23-hc30ae73_0_cpython
appears to be corrupted. The path 'lib/python3.9/__pycache__/quopri.cpython-39.pyc'
specified in the package manifest cannot be found.

CondaVerificationError: The package for python located at /local/scratch/autoafids/.pixi/envs/default/pkgs/python-3.9.23-hc30ae73_0_cpython
appears to be corrupted. The path 'lib/python3.9/__pycache__/random.cpython-39.pyc'
specified in the package manifest cannot be found.

CondaVerificationError: The package for python located at /local/scratch/autoafids/.pixi/envs/default/pkgs/python-3.9.23-hc30ae73_0_cpython
appears to be corrupted. The path 'lib/python3.9/__pycache__/re.cpython-39.pyc'
specified in the package manifest cannot be found.

CondaVerificationError: The package for python located at /local/scratch/autoafids/.pixi/envs/default/pkgs/python-3.9.23-hc30ae73_0_cpython
appears to be corrupted. The path 'lib/python3.9/__pycache__/reprlib.cpython-39.pyc'
specified in the package manifest cannot be found.

CondaVerificationError: The package for python located at /local/scratch/autoafids/.pixi/envs/default/pkgs/python-3.9.23-hc30ae73_0_cpython
appears to be corrupted. The path 'lib/python3.9/__pycache__/sched.cpython-39.pyc'
specified in the package manifest cannot be found.

CondaVerificationError: The package for python located at /local/scratch/autoafids/.pixi/envs/default/pkgs/python-3.9.23-hc30ae73_0_cpython
appears to be corrupted. The path 'lib/python3.9/__pycache__/selectors.cpython-39.pyc'
specified in the package manifest cannot be found.

CondaVerificationError: The package for python located at /local/scratch/autoafids/.pixi/envs/default/pkgs/python-3.9.23-hc30ae73_0_cpython
appears to be corrupted. The path 'lib/python3.9/__pycache__/shelve.cpython-39.pyc'
specified in the package manifest cannot be found.

CondaVerificationError: The package for python located at /local/scratch/autoafids/.pixi/envs/default/pkgs/python-3.9.23-hc30ae73_0_cpython
appears to be corrupted. The path 'lib/python3.9/__pycache__/shutil.cpython-39.pyc'
specified in the package manifest cannot be found.

CondaVerificationError: The package for python located at /local/scratch/autoafids/.pixi/envs/default/pkgs/python-3.9.23-hc30ae73_0_cpython
appears to be corrupted. The path 'lib/python3.9/__pycache__/signal.cpython-39.pyc'
specified in the package manifest cannot be found.

CondaVerificationError: The package for python located at /local/scratch/autoafids/.pixi/envs/default/pkgs/python-3.9.23-hc30ae73_0_cpython
appears to be corrupted. The path 'lib/python3.9/__pycache__/site.cpython-39.pyc'
specified in the package manifest cannot be found.

CondaVerificationError: The package for python located at /local/scratch/autoafids/.pixi/envs/default/pkgs/python-3.9.23-hc30ae73_0_cpython
appears to be corrupted. The path 'lib/python3.9/__pycache__/smtplib.cpython-39.pyc'
specified in the package manifest cannot be found.

CondaVerificationError: The package for python located at /local/scratch/autoafids/.pixi/envs/default/pkgs/python-3.9.23-hc30ae73_0_cpython
appears to be corrupted. The path 'lib/python3.9/__pycache__/sndhdr.cpython-39.pyc'
specified in the package manifest cannot be found.

CondaVerificationError: The package for python located at /local/scratch/autoafids/.pixi/envs/default/pkgs/python-3.9.23-hc30ae73_0_cpython
appears to be corrupted. The path 'lib/python3.9/__pycache__/socketserver.cpython-39.pyc'
specified in the package manifest cannot be found.

CondaVerificationError: The package for python located at /local/scratch/autoafids/.pixi/envs/default/pkgs/python-3.9.23-hc30ae73_0_cpython
appears to be corrupted. The path 'lib/python3.9/__pycache__/sre_compile.cpython-39.pyc'
specified in the package manifest cannot be found.

CondaVerificationError: The package for python located at /local/scratch/autoafids/.pixi/envs/default/pkgs/python-3.9.23-hc30ae73_0_cpython
appears to be corrupted. The path 'lib/python3.9/__pycache__/sre_constants.cpython-39.pyc'
specified in the package manifest cannot be found.

CondaVerificationError: The package for python located at /local/scratch/autoafids/.pixi/envs/default/pkgs/python-3.9.23-hc30ae73_0_cpython
appears to be corrupted. The path 'lib/python3.9/__pycache__/ssl.cpython-39.pyc'
specified in the package manifest cannot be found.

CondaVerificationError: The package for python located at /local/scratch/autoafids/.pixi/envs/default/pkgs/python-3.9.23-hc30ae73_0_cpython
appears to be corrupted. The path 'lib/python3.9/__pycache__/stat.cpython-39.pyc'
specified in the package manifest cannot be found.

CondaVerificationError: The package for python located at /local/scratch/autoafids/.pixi/envs/default/pkgs/python-3.9.23-hc30ae73_0_cpython
appears to be corrupted. The path 'lib/python3.9/__pycache__/string.cpython-39.pyc'
specified in the package manifest cannot be found.

CondaVerificationError: The package for python located at /local/scratch/autoafids/.pixi/envs/default/pkgs/python-3.9.23-hc30ae73_0_cpython
appears to be corrupted. The path 'lib/python3.9/__pycache__/struct.cpython-39.pyc'
specified in the package manifest cannot be found.

CondaVerificationError: The package for python located at /local/scratch/autoafids/.pixi/envs/default/pkgs/python-3.9.23-hc30ae73_0_cpython
appears to be corrupted. The path 'lib/python3.9/__pycache__/subprocess.cpython-39.pyc'
specified in the package manifest cannot be found.

CondaVerificationError: The package for python located at /local/scratch/autoafids/.pixi/envs/default/pkgs/python-3.9.23-hc30ae73_0_cpython
appears to be corrupted. The path 'lib/python3.9/__pycache__/sunau.cpython-39.pyc'
specified in the package manifest cannot be found.

CondaVerificationError: The package for python located at /local/scratch/autoafids/.pixi/envs/default/pkgs/python-3.9.23-hc30ae73_0_cpython
appears to be corrupted. The path 'lib/python3.9/__pycache__/symbol.cpython-39.pyc'
specified in the package manifest cannot be found.

CondaVerificationError: The package for python located at /local/scratch/autoafids/.pixi/envs/default/pkgs/python-3.9.23-hc30ae73_0_cpython
appears to be corrupted. The path 'lib/python3.9/__pycache__/symtable.cpython-39.pyc'
specified in the package manifest cannot be found.

CondaVerificationError: The package for python located at /local/scratch/autoafids/.pixi/envs/default/pkgs/python-3.9.23-hc30ae73_0_cpython
appears to be corrupted. The path 'lib/python3.9/__pycache__/sysconfig.cpython-39.pyc'
specified in the package manifest cannot be found.

CondaVerificationError: The package for python located at /local/scratch/autoafids/.pixi/envs/default/pkgs/python-3.9.23-hc30ae73_0_cpython
appears to be corrupted. The path 'lib/python3.9/__pycache__/tabnanny.cpython-39.pyc'
specified in the package manifest cannot be found.

CondaVerificationError: The package for python located at /local/scratch/autoafids/.pixi/envs/default/pkgs/python-3.9.23-hc30ae73_0_cpython
appears to be corrupted. The path 'lib/python3.9/__pycache__/tarfile.cpython-39.pyc'
specified in the package manifest cannot be found.

CondaVerificationError: The package for python located at /local/scratch/autoafids/.pixi/envs/default/pkgs/python-3.9.23-hc30ae73_0_cpython
appears to be corrupted. The path 'lib/python3.9/__pycache__/telnetlib.cpython-39.pyc'
specified in the package manifest cannot be found.

CondaVerificationError: The package for python located at /local/scratch/autoafids/.pixi/envs/default/pkgs/python-3.9.23-hc30ae73_0_cpython
appears to be corrupted. The path 'lib/python3.9/__pycache__/textwrap.cpython-39.pyc'
specified in the package manifest cannot be found.

CondaVerificationError: The package for python located at /local/scratch/autoafids/.pixi/envs/default/pkgs/python-3.9.23-hc30ae73_0_cpython
appears to be corrupted. The path 'lib/python3.9/__pycache__/this.cpython-39.pyc'
specified in the package manifest cannot be found.

CondaVerificationError: The package for python located at /local/scratch/autoafids/.pixi/envs/default/pkgs/python-3.9.23-hc30ae73_0_cpython
appears to be corrupted. The path 'lib/python3.9/__pycache__/timeit.cpython-39.pyc'
specified in the package manifest cannot be found.

CondaVerificationError: The package for python located at /local/scratch/autoafids/.pixi/envs/default/pkgs/python-3.9.23-hc30ae73_0_cpython
appears to be corrupted. The path 'lib/python3.9/__pycache__/trace.cpython-39.pyc'
specified in the package manifest cannot be found.

CondaVerificationError: The package for python located at /local/scratch/autoafids/.pixi/envs/default/pkgs/python-3.9.23-hc30ae73_0_cpython
appears to be corrupted. The path 'lib/python3.9/__pycache__/traceback.cpython-39.pyc'
specified in the package manifest cannot be found.

CondaVerificationError: The package for python located at /local/scratch/autoafids/.pixi/envs/default/pkgs/python-3.9.23-hc30ae73_0_cpython
appears to be corrupted. The path 'lib/python3.9/__pycache__/types.cpython-39.pyc'
specified in the package manifest cannot be found.

CondaVerificationError: The package for python located at /local/scratch/autoafids/.pixi/envs/default/pkgs/python-3.9.23-hc30ae73_0_cpython
appears to be corrupted. The path 'lib/python3.9/__pycache__/typing.cpython-39.pyc'
specified in the package manifest cannot be found.

CondaVerificationError: The package for python located at /local/scratch/autoafids/.pixi/envs/default/pkgs/python-3.9.23-hc30ae73_0_cpython
appears to be corrupted. The path 'lib/python3.9/__pycache__/uu.cpython-39.pyc'
specified in the package manifest cannot be found.

CondaVerificationError: The package for python located at /local/scratch/autoafids/.pixi/envs/default/pkgs/python-3.9.23-hc30ae73_0_cpython
appears to be corrupted. The path 'lib/python3.9/__pycache__/uuid.cpython-39.pyc'
specified in the package manifest cannot be found.

CondaVerificationError: The package for python located at /local/scratch/autoafids/.pixi/envs/default/pkgs/python-3.9.23-hc30ae73_0_cpython
appears to be corrupted. The path 'lib/python3.9/__pycache__/warnings.cpython-39.pyc'
specified in the package manifest cannot be found.

CondaVerificationError: The package for python located at /local/scratch/autoafids/.pixi/envs/default/pkgs/python-3.9.23-hc30ae73_0_cpython
appears to be corrupted. The path 'lib/python3.9/__pycache__/wave.cpython-39.pyc'
specified in the package manifest cannot be found.

CondaVerificationError: The package for python located at /local/scratch/autoafids/.pixi/envs/default/pkgs/python-3.9.23-hc30ae73_0_cpython
appears to be corrupted. The path 'lib/python3.9/__pycache__/weakref.cpython-39.pyc'
specified in the package manifest cannot be found.

CondaVerificationError: The package for python located at /local/scratch/autoafids/.pixi/envs/default/pkgs/python-3.9.23-hc30ae73_0_cpython
appears to be corrupted. The path 'lib/python3.9/__pycache__/webbrowser.cpython-39.pyc'
specified in the package manifest cannot be found.

CondaVerificationError: The package for python located at /local/scratch/autoafids/.pixi/envs/default/pkgs/python-3.9.23-hc30ae73_0_cpython
appears to be corrupted. The path 'lib/python3.9/__pycache__/xdrlib.cpython-39.pyc'
specified in the package manifest cannot be found.

CondaVerificationError: The package for python located at /local/scratch/autoafids/.pixi/envs/default/pkgs/python-3.9.23-hc30ae73_0_cpython
appears to be corrupted. The path 'lib/python3.9/__pycache__/zipfile.cpython-39.pyc'
specified in the package manifest cannot be found.

CondaVerificationError: The package for python located at /local/scratch/autoafids/.pixi/envs/default/pkgs/python-3.9.23-hc30ae73_0_cpython
appears to be corrupted. The path 'lib/python3.9/_aix_support.py'
specified in the package manifest cannot be found.

CondaVerificationError: The package for python located at /local/scratch/autoafids/.pixi/envs/default/pkgs/python-3.9.23-hc30ae73_0_cpython
appears to be corrupted. The path 'lib/python3.9/_bootlocale.py'
specified in the package manifest cannot be found.

CondaVerificationError: The package for python located at /local/scratch/autoafids/.pixi/envs/default/pkgs/python-3.9.23-hc30ae73_0_cpython
appears to be corrupted. The path 'lib/python3.9/_bootsubprocess.py'
specified in the package manifest cannot be found.

CondaVerificationError: The package for python located at /local/scratch/autoafids/.pixi/envs/default/pkgs/python-3.9.23-hc30ae73_0_cpython
appears to be corrupted. The path 'lib/python3.9/_collections_abc.py'
specified in the package manifest cannot be found.

CondaVerificationError: The package for python located at /local/scratch/autoafids/.pixi/envs/default/pkgs/python-3.9.23-hc30ae73_0_cpython
appears to be corrupted. The path 'lib/python3.9/_compat_pickle.py'
specified in the package manifest cannot be found.

CondaVerificationError: The package for python located at /local/scratch/autoafids/.pixi/envs/default/pkgs/python-3.9.23-hc30ae73_0_cpython
appears to be corrupted. The path 'lib/python3.9/_compression.py'
specified in the package manifest cannot be found.

CondaVerificationError: The package for python located at /local/scratch/autoafids/.pixi/envs/default/pkgs/python-3.9.23-hc30ae73_0_cpython
appears to be corrupted. The path 'lib/python3.9/_markupbase.py'
specified in the package manifest cannot be found.

CondaVerificationError: The package for python located at /local/scratch/autoafids/.pixi/envs/default/pkgs/python-3.9.23-hc30ae73_0_cpython
appears to be corrupted. The path 'lib/python3.9/_osx_support.py'
specified in the package manifest cannot be found.

CondaVerificationError: The package for python located at /local/scratch/autoafids/.pixi/envs/default/pkgs/python-3.9.23-hc30ae73_0_cpython
appears to be corrupted. The path 'lib/python3.9/_py_abc.py'
specified in the package manifest cannot be found.

CondaVerificationError: The package for python located at /local/scratch/autoafids/.pixi/envs/default/pkgs/python-3.9.23-hc30ae73_0_cpython
appears to be corrupted. The path 'lib/python3.9/_pydecimal.py'
specified in the package manifest cannot be found.

CondaVerificationError: The package for python located at /local/scratch/autoafids/.pixi/envs/default/pkgs/python-3.9.23-hc30ae73_0_cpython
appears to be corrupted. The path 'lib/python3.9/_pyio.py'
specified in the package manifest cannot be found.

CondaVerificationError: The package for python located at /local/scratch/autoafids/.pixi/envs/default/pkgs/python-3.9.23-hc30ae73_0_cpython
appears to be corrupted. The path 'lib/python3.9/_sitebuiltins.py'
specified in the package manifest cannot be found.

CondaVerificationError: The package for python located at /local/scratch/autoafids/.pixi/envs/default/pkgs/python-3.9.23-hc30ae73_0_cpython
appears to be corrupted. The path 'lib/python3.9/_strptime.py'
specified in the package manifest cannot be found.

CondaVerificationError: The package for python located at /local/scratch/autoafids/.pixi/envs/default/pkgs/python-3.9.23-hc30ae73_0_cpython
appears to be corrupted. The path 'lib/python3.9/_sysconfigdata__linux_x86_64-linux-gnu.py'
specified in the package manifest cannot be found.

CondaVerificationError: The package for python located at /local/scratch/autoafids/.pixi/envs/default/pkgs/python-3.9.23-hc30ae73_0_cpython
appears to be corrupted. The path 'lib/python3.9/_threading_local.py'
specified in the package manifest cannot be found.

CondaVerificationError: The package for python located at /local/scratch/autoafids/.pixi/envs/default/pkgs/python-3.9.23-hc30ae73_0_cpython
appears to be corrupted. The path 'lib/python3.9/_weakrefset.py'
specified in the package manifest cannot be found.

CondaVerificationError: The package for python located at /local/scratch/autoafids/.pixi/envs/default/pkgs/python-3.9.23-hc30ae73_0_cpython
appears to be corrupted. The path 'lib/python3.9/abc.py'
specified in the package manifest cannot be found.

CondaVerificationError: The package for python located at /local/scratch/autoafids/.pixi/envs/default/pkgs/python-3.9.23-hc30ae73_0_cpython
appears to be corrupted. The path 'lib/python3.9/aifc.py'
specified in the package manifest cannot be found.

CondaVerificationError: The package for python located at /local/scratch/autoafids/.pixi/envs/default/pkgs/python-3.9.23-hc30ae73_0_cpython
appears to be corrupted. The path 'lib/python3.9/antigravity.py'
specified in the package manifest cannot be found.

CondaVerificationError: The package for python located at /local/scratch/autoafids/.pixi/envs/default/pkgs/python-3.9.23-hc30ae73_0_cpython
appears to be corrupted. The path 'lib/python3.9/argparse.py'
specified in the package manifest cannot be found.

CondaVerificationError: The package for python located at /local/scratch/autoafids/.pixi/envs/default/pkgs/python-3.9.23-hc30ae73_0_cpython
appears to be corrupted. The path 'lib/python3.9/asynchat.py'
specified in the package manifest cannot be found.

CondaVerificationError: The package for python located at /local/scratch/autoafids/.pixi/envs/default/pkgs/python-3.9.23-hc30ae73_0_cpython
appears to be corrupted. The path 'lib/python3.9/asyncio/__init__.py'
specified in the package manifest cannot be found.

CondaVerificationError: The package for python located at /local/scratch/autoafids/.pixi/envs/default/pkgs/python-3.9.23-hc30ae73_0_cpython
appears to be corrupted. The path 'lib/python3.9/asyncio/__main__.py'
specified in the package manifest cannot be found.

CondaVerificationError: The package for python located at /local/scratch/autoafids/.pixi/envs/default/pkgs/python-3.9.23-hc30ae73_0_cpython
appears to be corrupted. The path 'lib/python3.9/asyncio/__pycache__/__init__.cpython-39.pyc'
specified in the package manifest cannot be found.

CondaVerificationError: The package for python located at /local/scratch/autoafids/.pixi/envs/default/pkgs/python-3.9.23-hc30ae73_0_cpython
appears to be corrupted. The path 'lib/python3.9/asyncio/__pycache__/__main__.cpython-39.pyc'
specified in the package manifest cannot be found.

CondaVerificationError: The package for python located at /local/scratch/autoafids/.pixi/envs/default/pkgs/python-3.9.23-hc30ae73_0_cpython
appears to be corrupted. The path 'lib/python3.9/asyncio/__pycache__/base_tasks.cpython-39.pyc'
specified in the package manifest cannot be found.

CondaVerificationError: The package for python located at /local/scratch/autoafids/.pixi/envs/default/pkgs/python-3.9.23-hc30ae73_0_cpython
appears to be corrupted. The path 'lib/python3.9/asyncio/__pycache__/constants.cpython-39.pyc'
specified in the package manifest cannot be found.

CondaVerificationError: The package for python located at /local/scratch/autoafids/.pixi/envs/default/pkgs/python-3.9.23-hc30ae73_0_cpython
appears to be corrupted. The path 'lib/python3.9/asyncio/__pycache__/coroutines.cpython-39.pyc'
specified in the package manifest cannot be found.

CondaVerificationError: The package for python located at /local/scratch/autoafids/.pixi/envs/default/pkgs/python-3.9.23-hc30ae73_0_cpython
appears to be corrupted. The path 'lib/python3.9/asyncio/__pycache__/format_helpers.cpython-39.pyc'
specified in the package manifest cannot be found.

CondaVerificationError: The package for python located at /local/scratch/autoafids/.pixi/envs/default/pkgs/python-3.9.23-hc30ae73_0_cpython
appears to be corrupted. The path 'lib/python3.9/asyncio/__pycache__/futures.cpython-39.pyc'
specified in the package manifest cannot be found.

CondaVerificationError: The package for python located at /local/scratch/autoafids/.pixi/envs/default/pkgs/python-3.9.23-hc30ae73_0_cpython
appears to be corrupted. The path 'lib/python3.9/asyncio/__pycache__/log.cpython-39.pyc'
specified in the package manifest cannot be found.

CondaVerificationError: The package for python located at /local/scratch/autoafids/.pixi/envs/default/pkgs/python-3.9.23-hc30ae73_0_cpython
appears to be corrupted. The path 'lib/python3.9/asyncio/__pycache__/proactor_events.cpython-39.pyc'
specified in the package manifest cannot be found.

CondaVerificationError: The package for python located at /local/scratch/autoafids/.pixi/envs/default/pkgs/python-3.9.23-hc30ae73_0_cpython
appears to be corrupted. The path 'lib/python3.9/asyncio/__pycache__/protocols.cpython-39.pyc'
specified in the package manifest cannot be found.

CondaVerificationError: The package for python located at /local/scratch/autoafids/.pixi/envs/default/pkgs/python-3.9.23-hc30ae73_0_cpython
appears to be corrupted. The path 'lib/python3.9/asyncio/__pycache__/queues.cpython-39.pyc'
specified in the package manifest cannot be found.

CondaVerificationError: The package for python located at /local/scratch/autoafids/.pixi/envs/default/pkgs/python-3.9.23-hc30ae73_0_cpython
appears to be corrupted. The path 'lib/python3.9/asyncio/__pycache__/runners.cpython-39.pyc'
specified in the package manifest cannot be found.

CondaVerificationError: The package for python located at /local/scratch/autoafids/.pixi/envs/default/pkgs/python-3.9.23-hc30ae73_0_cpython
appears to be corrupted. The path 'lib/python3.9/asyncio/__pycache__/selector_events.cpython-39.pyc'
specified in the package manifest cannot be found.

CondaVerificationError: The package for python located at /local/scratch/autoafids/.pixi/envs/default/pkgs/python-3.9.23-hc30ae73_0_cpython
appears to be corrupted. The path 'lib/python3.9/asyncio/__pycache__/sslproto.cpython-39.pyc'
specified in the package manifest cannot be found.

CondaVerificationError: The package for python located at /local/scratch/autoafids/.pixi/envs/default/pkgs/python-3.9.23-hc30ae73_0_cpython
appears to be corrupted. The path 'lib/python3.9/asyncio/__pycache__/staggered.cpython-39.pyc'
specified in the package manifest cannot be found.

CondaVerificationError: The package for python located at /local/scratch/autoafids/.pixi/envs/default/pkgs/python-3.9.23-hc30ae73_0_cpython
appears to be corrupted. The path 'lib/python3.9/asyncio/__pycache__/subprocess.cpython-39.pyc'
specified in the package manifest cannot be found.

CondaVerificationError: The package for python located at /local/scratch/autoafids/.pixi/envs/default/pkgs/python-3.9.23-hc30ae73_0_cpython
appears to be corrupted. The path 'lib/python3.9/asyncio/__pycache__/tasks.cpython-39.pyc'
specified in the package manifest cannot be found.

CondaVerificationError: The package for python located at /local/scratch/autoafids/.pixi/envs/default/pkgs/python-3.9.23-hc30ae73_0_cpython
appears to be corrupted. The path 'lib/python3.9/asyncio/__pycache__/threads.cpython-39.pyc'
specified in the package manifest cannot be found.

CondaVerificationError: The package for python located at /local/scratch/autoafids/.pixi/envs/default/pkgs/python-3.9.23-hc30ae73_0_cpython
appears to be corrupted. The path 'lib/python3.9/asyncio/__pycache__/trsock.cpython-39.pyc'
specified in the package manifest cannot be found.

CondaVerificationError: The package for python located at /local/scratch/autoafids/.pixi/envs/default/pkgs/python-3.9.23-hc30ae73_0_cpython
appears to be corrupted. The path 'lib/python3.9/asyncio/__pycache__/unix_events.cpython-39.pyc'
specified in the package manifest cannot be found.

CondaVerificationError: The package for python located at /local/scratch/autoafids/.pixi/envs/default/pkgs/python-3.9.23-hc30ae73_0_cpython
appears to be corrupted. The path 'lib/python3.9/asyncio/__pycache__/windows_events.cpython-39.pyc'
specified in the package manifest cannot be found.

CondaVerificationError: The package for python located at /local/scratch/autoafids/.pixi/envs/default/pkgs/python-3.9.23-hc30ae73_0_cpython
appears to be corrupted. The path 'lib/python3.9/asyncio/__pycache__/windows_utils.cpython-39.pyc'
specified in the package manifest cannot be found.

CondaVerificationError: The package for python located at /local/scratch/autoafids/.pixi/envs/default/pkgs/python-3.9.23-hc30ae73_0_cpython
appears to be corrupted. The path 'lib/python3.9/asyncio/base_futures.py'
specified in the package manifest cannot be found.

CondaVerificationError: The package for python located at /local/scratch/autoafids/.pixi/envs/default/pkgs/python-3.9.23-hc30ae73_0_cpython
appears to be corrupted. The path 'lib/python3.9/asyncio/base_subprocess.py'
specified in the package manifest cannot be found.

CondaVerificationError: The package for python located at /local/scratch/autoafids/.pixi/envs/default/pkgs/python-3.9.23-hc30ae73_0_cpython
appears to be corrupted. The path 'lib/python3.9/asyncio/base_tasks.py'
specified in the package manifest cannot be found.

CondaVerificationError: The package for python located at /local/scratch/autoafids/.pixi/envs/default/pkgs/python-3.9.23-hc30ae73_0_cpython
appears to be corrupted. The path 'lib/python3.9/asyncio/constants.py'
specified in the package manifest cannot be found.

CondaVerificationError: The package for python located at /local/scratch/autoafids/.pixi/envs/default/pkgs/python-3.9.23-hc30ae73_0_cpython
appears to be corrupted. The path 'lib/python3.9/asyncio/events.py'
specified in the package manifest cannot be found.

CondaVerificationError: The package for python located at /local/scratch/autoafids/.pixi/envs/default/pkgs/python-3.9.23-hc30ae73_0_cpython
appears to be corrupted. The path 'lib/python3.9/asyncio/futures.py'
specified in the package manifest cannot be found.

CondaVerificationError: The package for python located at /local/scratch/autoafids/.pixi/envs/default/pkgs/python-3.9.23-hc30ae73_0_cpython
appears to be corrupted. The path 'lib/python3.9/asyncio/locks.py'
specified in the package manifest cannot be found.

CondaVerificationError: The package for python located at /local/scratch/autoafids/.pixi/envs/default/pkgs/python-3.9.23-hc30ae73_0_cpython
appears to be corrupted. The path 'lib/python3.9/asyncio/proactor_events.py'
specified in the package manifest cannot be found.

CondaVerificationError: The package for python located at /local/scratch/autoafids/.pixi/envs/default/pkgs/python-3.9.23-hc30ae73_0_cpython
appears to be corrupted. The path 'lib/python3.9/asyncio/protocols.py'
specified in the package manifest cannot be found.

CondaVerificationError: The package for python located at /local/scratch/autoafids/.pixi/envs/default/pkgs/python-3.9.23-hc30ae73_0_cpython
appears to be corrupted. The path 'lib/python3.9/asyncio/queues.py'
specified in the package manifest cannot be found.

CondaVerificationError: The package for python located at /local/scratch/autoafids/.pixi/envs/default/pkgs/python-3.9.23-hc30ae73_0_cpython
appears to be corrupted. The path 'lib/python3.9/asyncio/runners.py'
specified in the package manifest cannot be found.

CondaVerificationError: The package for python located at /local/scratch/autoafids/.pixi/envs/default/pkgs/python-3.9.23-hc30ae73_0_cpython
appears to be corrupted. The path 'lib/python3.9/asyncio/sslproto.py'
specified in the package manifest cannot be found.

CondaVerificationError: The package for python located at /local/scratch/autoafids/.pixi/envs/default/pkgs/python-3.9.23-hc30ae73_0_cpython
appears to be corrupted. The path 'lib/python3.9/asyncio/staggered.py'
specified in the package manifest cannot be found.

CondaVerificationError: The package for python located at /local/scratch/autoafids/.pixi/envs/default/pkgs/python-3.9.23-hc30ae73_0_cpython
appears to be corrupted. The path 'lib/python3.9/asyncio/streams.py'
specified in the package manifest cannot be found.

CondaVerificationError: The package for python located at /local/scratch/autoafids/.pixi/envs/default/pkgs/python-3.9.23-hc30ae73_0_cpython
appears to be corrupted. The path 'lib/python3.9/asyncio/subprocess.py'
specified in the package manifest cannot be found.

CondaVerificationError: The package for python located at /local/scratch/autoafids/.pixi/envs/default/pkgs/python-3.9.23-hc30ae73_0_cpython
appears to be corrupted. The path 'lib/python3.9/asyncio/threads.py'
specified in the package manifest cannot be found.

CondaVerificationError: The package for python located at /local/scratch/autoafids/.pixi/envs/default/pkgs/python-3.9.23-hc30ae73_0_cpython
appears to be corrupted. The path 'lib/python3.9/asyncio/transports.py'
specified in the package manifest cannot be found.

CondaVerificationError: The package for python located at /local/scratch/autoafids/.pixi/envs/default/pkgs/python-3.9.23-hc30ae73_0_cpython
appears to be corrupted. The path 'lib/python3.9/asyncio/trsock.py'
specified in the package manifest cannot be found.

CondaVerificationError: The package for python located at /local/scratch/autoafids/.pixi/envs/default/pkgs/python-3.9.23-hc30ae73_0_cpython
appears to be corrupted. The path 'lib/python3.9/asyncio/windows_events.py'
specified in the package manifest cannot be found.

CondaVerificationError: The package for python located at /local/scratch/autoafids/.pixi/envs/default/pkgs/python-3.9.23-hc30ae73_0_cpython
appears to be corrupted. The path 'lib/python3.9/asyncio/windows_utils.py'
specified in the package manifest cannot be found.

CondaVerificationError: The package for python located at /local/scratch/autoafids/.pixi/envs/default/pkgs/python-3.9.23-hc30ae73_0_cpython
appears to be corrupted. The path 'lib/python3.9/base64.py'
specified in the package manifest cannot be found.

CondaVerificationError: The package for python located at /local/scratch/autoafids/.pixi/envs/default/pkgs/python-3.9.23-hc30ae73_0_cpython
appears to be corrupted. The path 'lib/python3.9/binhex.py'
specified in the package manifest cannot be found.

CondaVerificationError: The package for python located at /local/scratch/autoafids/.pixi/envs/default/pkgs/python-3.9.23-hc30ae73_0_cpython
appears to be corrupted. The path 'lib/python3.9/bisect.py'
specified in the package manifest cannot be found.

CondaVerificationError: The package for python located at /local/scratch/autoafids/.pixi/envs/default/pkgs/python-3.9.23-hc30ae73_0_cpython
appears to be corrupted. The path 'lib/python3.9/bz2.py'
specified in the package manifest cannot be found.

CondaVerificationError: The package for python located at /local/scratch/autoafids/.pixi/envs/default/pkgs/python-3.9.23-hc30ae73_0_cpython
appears to be corrupted. The path 'lib/python3.9/cProfile.py'
specified in the package manifest cannot be found.

CondaVerificationError: The package for python located at /local/scratch/autoafids/.pixi/envs/default/pkgs/python-3.9.23-hc30ae73_0_cpython
appears to be corrupted. The path 'lib/python3.9/calendar.py'
specified in the package manifest cannot be found.

CondaVerificationError: The package for python located at /local/scratch/autoafids/.pixi/envs/default/pkgs/python-3.9.23-hc30ae73_0_cpython
appears to be corrupted. The path 'lib/python3.9/cgi.py'
specified in the package manifest cannot be found.

CondaVerificationError: The package for python located at /local/scratch/autoafids/.pixi/envs/default/pkgs/python-3.9.23-hc30ae73_0_cpython
appears to be corrupted. The path 'lib/python3.9/cmd.py'
specified in the package manifest cannot be found.

CondaVerificationError: The package for python located at /local/scratch/autoafids/.pixi/envs/default/pkgs/python-3.9.23-hc30ae73_0_cpython
appears to be corrupted. The path 'lib/python3.9/codecs.py'
specified in the package manifest cannot be found.

CondaVerificationError: The package for python located at /local/scratch/autoafids/.pixi/envs/default/pkgs/python-3.9.23-hc30ae73_0_cpython
appears to be corrupted. The path 'lib/python3.9/codeop.py'
specified in the package manifest cannot be found.

CondaVerificationError: The package for python located at /local/scratch/autoafids/.pixi/envs/default/pkgs/python-3.9.23-hc30ae73_0_cpython
appears to be corrupted. The path 'lib/python3.9/collections/__init__.py'
specified in the package manifest cannot be found.

CondaVerificationError: The package for python located at /local/scratch/autoafids/.pixi/envs/default/pkgs/python-3.9.23-hc30ae73_0_cpython
appears to be corrupted. The path 'lib/python3.9/collections/__pycache__/__init__.cpython-39.pyc'
specified in the package manifest cannot be found.

CondaVerificationError: The package for python located at /local/scratch/autoafids/.pixi/envs/default/pkgs/python-3.9.23-hc30ae73_0_cpython
appears to be corrupted. The path 'lib/python3.9/collections/__pycache__/abc.cpython-39.pyc'
specified in the package manifest cannot be found.

CondaVerificationError: The package for python located at /local/scratch/autoafids/.pixi/envs/default/pkgs/python-3.9.23-hc30ae73_0_cpython
appears to be corrupted. The path 'lib/python3.9/colorsys.py'
specified in the package manifest cannot be found.

CondaVerificationError: The package for python located at /local/scratch/autoafids/.pixi/envs/default/pkgs/python-3.9.23-hc30ae73_0_cpython
appears to be corrupted. The path 'lib/python3.9/compileall.py'
specified in the package manifest cannot be found.

CondaVerificationError: The package for python located at /local/scratch/autoafids/.pixi/envs/default/pkgs/python-3.9.23-hc30ae73_0_cpython
appears to be corrupted. The path 'lib/python3.9/concurrent/__init__.py'
specified in the package manifest cannot be found.

CondaVerificationError: The package for python located at /local/scratch/autoafids/.pixi/envs/default/pkgs/python-3.9.23-hc30ae73_0_cpython
appears to be corrupted. The path 'lib/python3.9/concurrent/__pycache__/__init__.cpython-39.pyc'
specified in the package manifest cannot be found.

CondaVerificationError: The package for python located at /local/scratch/autoafids/.pixi/envs/default/pkgs/python-3.9.23-hc30ae73_0_cpython
appears to be corrupted. The path 'lib/python3.9/concurrent/futures/__init__.py'
specified in the package manifest cannot be found.

CondaVerificationError: The package for python located at /local/scratch/autoafids/.pixi/envs/default/pkgs/python-3.9.23-hc30ae73_0_cpython
appears to be corrupted. The path 'lib/python3.9/concurrent/futures/__pycache__/_base.cpython-39.pyc'
specified in the package manifest cannot be found.

CondaVerificationError: The package for python located at /local/scratch/autoafids/.pixi/envs/default/pkgs/python-3.9.23-hc30ae73_0_cpython
appears to be corrupted. The path 'lib/python3.9/concurrent/futures/__pycache__/process.cpython-39.pyc'
specified in the package manifest cannot be found.

CondaVerificationError: The package for python located at /local/scratch/autoafids/.pixi/envs/default/pkgs/python-3.9.23-hc30ae73_0_cpython
appears to be corrupted. The path 'lib/python3.9/config-3.9-x86_64-linux-gnu/Makefile'
specified in the package manifest cannot be found.

CondaVerificationError: The package for python located at /local/scratch/autoafids/.pixi/envs/default/pkgs/python-3.9.23-hc30ae73_0_cpython
appears to be corrupted. The path 'lib/python3.9/config-3.9-x86_64-linux-gnu/Setup'
specified in the package manifest cannot be found.

CondaVerificationError: The package for python located at /local/scratch/autoafids/.pixi/envs/default/pkgs/python-3.9.23-hc30ae73_0_cpython
appears to be corrupted. The path 'lib/python3.9/config-3.9-x86_64-linux-gnu/Setup.local'
specified in the package manifest cannot be found.

CondaVerificationError: The package for python located at /local/scratch/autoafids/.pixi/envs/default/pkgs/python-3.9.23-hc30ae73_0_cpython
appears to be corrupted. The path 'lib/python3.9/config-3.9-x86_64-linux-gnu/config.c'
specified in the package manifest cannot be found.

CondaVerificationError: The package for python located at /local/scratch/autoafids/.pixi/envs/default/pkgs/python-3.9.23-hc30ae73_0_cpython
appears to be corrupted. The path 'lib/python3.9/config-3.9-x86_64-linux-gnu/install-sh'
specified in the package manifest cannot be found.

CondaVerificationError: The package for python located at /local/scratch/autoafids/.pixi/envs/default/pkgs/python-3.9.23-hc30ae73_0_cpython
appears to be corrupted. The path 'lib/python3.9/config-3.9-x86_64-linux-gnu/python-config.py'
specified in the package manifest cannot be found.

CondaVerificationError: The package for python located at /local/scratch/autoafids/.pixi/envs/default/pkgs/python-3.9.23-hc30ae73_0_cpython
appears to be corrupted. The path 'lib/python3.9/config-3.9-x86_64-linux-gnu/python.o'
specified in the package manifest cannot be found.

CondaVerificationError: The package for python located at /local/scratch/autoafids/.pixi/envs/default/pkgs/python-3.9.23-hc30ae73_0_cpython
appears to be corrupted. The path 'lib/python3.9/configparser.py'
specified in the package manifest cannot be found.

CondaVerificationError: The package for python located at /local/scratch/autoafids/.pixi/envs/default/pkgs/python-3.9.23-hc30ae73_0_cpython
appears to be corrupted. The path 'lib/python3.9/contextvars.py'
specified in the package manifest cannot be found.

CondaVerificationError: The package for python located at /local/scratch/autoafids/.pixi/envs/default/pkgs/python-3.9.23-hc30ae73_0_cpython
appears to be corrupted. The path 'lib/python3.9/copy.py'
specified in the package manifest cannot be found.

CondaVerificationError: The package for python located at /local/scratch/autoafids/.pixi/envs/default/pkgs/python-3.9.23-hc30ae73_0_cpython
appears to be corrupted. The path 'lib/python3.9/copyreg.py'
specified in the package manifest cannot be found.

CondaVerificationError: The package for python located at /local/scratch/autoafids/.pixi/envs/default/pkgs/python-3.9.23-hc30ae73_0_cpython
appears to be corrupted. The path 'lib/python3.9/crypt.py'
specified in the package manifest cannot be found.

CondaVerificationError: The package for python located at /local/scratch/autoafids/.pixi/envs/default/pkgs/python-3.9.23-hc30ae73_0_cpython
appears to be corrupted. The path 'lib/python3.9/ctypes/__pycache__/__init__.cpython-39.pyc'
specified in the package manifest cannot be found.

CondaVerificationError: The package for python located at /local/scratch/autoafids/.pixi/envs/default/pkgs/python-3.9.23-hc30ae73_0_cpython
appears to be corrupted. The path 'lib/python3.9/ctypes/__pycache__/_aix.cpython-39.pyc'
specified in the package manifest cannot be found.

CondaVerificationError: The package for python located at /local/scratch/autoafids/.pixi/envs/default/pkgs/python-3.9.23-hc30ae73_0_cpython
appears to be corrupted. The path 'lib/python3.9/ctypes/__pycache__/_endian.cpython-39.pyc'
specified in the package manifest cannot be found.

CondaVerificationError: The package for python located at /local/scratch/autoafids/.pixi/envs/default/pkgs/python-3.9.23-hc30ae73_0_cpython
appears to be corrupted. The path 'lib/python3.9/ctypes/__pycache__/util.cpython-39.pyc'
specified in the package manifest cannot be found.

CondaVerificationError: The package for python located at /local/scratch/autoafids/.pixi/envs/default/pkgs/python-3.9.23-hc30ae73_0_cpython
appears to be corrupted. The path 'lib/python3.9/ctypes/__pycache__/wintypes.cpython-39.pyc'
specified in the package manifest cannot be found.

CondaVerificationError: The package for python located at /local/scratch/autoafids/.pixi/envs/default/pkgs/python-3.9.23-hc30ae73_0_cpython
appears to be corrupted. The path 'lib/python3.9/ctypes/_aix.py'
specified in the package manifest cannot be found.

CondaVerificationError: The package for python located at /local/scratch/autoafids/.pixi/envs/default/pkgs/python-3.9.23-hc30ae73_0_cpython
appears to be corrupted. The path 'lib/python3.9/ctypes/_endian.py'
specified in the package manifest cannot be found.

CondaVerificationError: The package for python located at /local/scratch/autoafids/.pixi/envs/default/pkgs/python-3.9.23-hc30ae73_0_cpython
appears to be corrupted. The path 'lib/python3.9/ctypes/macholib/README.ctypes'
specified in the package manifest cannot be found.

CondaVerificationError: The package for python located at /local/scratch/autoafids/.pixi/envs/default/pkgs/python-3.9.23-hc30ae73_0_cpython
appears to be corrupted. The path 'lib/python3.9/ctypes/macholib/__pycache__/__init__.cpython-39.pyc'
specified in the package manifest cannot be found.

CondaVerificationError: The package for python located at /local/scratch/autoafids/.pixi/envs/default/pkgs/python-3.9.23-hc30ae73_0_cpython
appears to be corrupted. The path 'lib/python3.9/ctypes/macholib/__pycache__/dyld.cpython-39.pyc'
specified in the package manifest cannot be found.

CondaVerificationError: The package for python located at /local/scratch/autoafids/.pixi/envs/default/pkgs/python-3.9.23-hc30ae73_0_cpython
appears to be corrupted. The path 'lib/python3.9/ctypes/macholib/__pycache__/framework.cpython-39.pyc'
specified in the package manifest cannot be found.

CondaVerificationError: The package for python located at /local/scratch/autoafids/.pixi/envs/default/pkgs/python-3.9.23-hc30ae73_0_cpython
appears to be corrupted. The path 'lib/python3.9/ctypes/macholib/dylib.py'
specified in the package manifest cannot be found.

CondaVerificationError: The package for python located at /local/scratch/autoafids/.pixi/envs/default/pkgs/python-3.9.23-hc30ae73_0_cpython
appears to be corrupted. The path 'lib/python3.9/ctypes/macholib/fetch_macholib'
specified in the package manifest cannot be found.

CondaVerificationError: The package for python located at /local/scratch/autoafids/.pixi/envs/default/pkgs/python-3.9.23-hc30ae73_0_cpython
appears to be corrupted. The path 'lib/python3.9/ctypes/macholib/fetch_macholib.bat'
specified in the package manifest cannot be found.

CondaVerificationError: The package for python located at /local/scratch/autoafids/.pixi/envs/default/pkgs/python-3.9.23-hc30ae73_0_cpython
appears to be corrupted. The path 'lib/python3.9/ctypes/macholib/framework.py'
specified in the package manifest cannot be found.

CondaVerificationError: The package for python located at /local/scratch/autoafids/.pixi/envs/default/pkgs/python-3.9.23-hc30ae73_0_cpython
appears to be corrupted. The path 'lib/python3.9/ctypes/wintypes.py'
specified in the package manifest cannot be found.

CondaVerificationError: The package for python located at /local/scratch/autoafids/.pixi/envs/default/pkgs/python-3.9.23-hc30ae73_0_cpython
appears to be corrupted. The path 'lib/python3.9/curses/__init__.py'
specified in the package manifest cannot be found.

CondaVerificationError: The package for python located at /local/scratch/autoafids/.pixi/envs/default/pkgs/python-3.9.23-hc30ae73_0_cpython
appears to be corrupted. The path 'lib/python3.9/curses/__pycache__/__init__.cpython-39.pyc'
specified in the package manifest cannot be found.

CondaVerificationError: The package for python located at /local/scratch/autoafids/.pixi/envs/default/pkgs/python-3.9.23-hc30ae73_0_cpython
appears to be corrupted. The path 'lib/python3.9/curses/__pycache__/panel.cpython-39.pyc'
specified in the package manifest cannot be found.

CondaVerificationError: The package for python located at /local/scratch/autoafids/.pixi/envs/default/pkgs/python-3.9.23-hc30ae73_0_cpython
appears to be corrupted. The path 'lib/python3.9/curses/__pycache__/textpad.cpython-39.pyc'
specified in the package manifest cannot be found.

CondaVerificationError: The package for python located at /local/scratch/autoafids/.pixi/envs/default/pkgs/python-3.9.23-hc30ae73_0_cpython
appears to be corrupted. The path 'lib/python3.9/curses/ascii.py'
specified in the package manifest cannot be found.

CondaVerificationError: The package for python located at /local/scratch/autoafids/.pixi/envs/default/pkgs/python-3.9.23-hc30ae73_0_cpython
appears to be corrupted. The path 'lib/python3.9/curses/has_key.py'
specified in the package manifest cannot be found.

CondaVerificationError: The package for python located at /local/scratch/autoafids/.pixi/envs/default/pkgs/python-3.9.23-hc30ae73_0_cpython
appears to be corrupted. The path 'lib/python3.9/curses/panel.py'
specified in the package manifest cannot be found.

CondaVerificationError: The package for python located at /local/scratch/autoafids/.pixi/envs/default/pkgs/python-3.9.23-hc30ae73_0_cpython
appears to be corrupted. The path 'lib/python3.9/curses/textpad.py'
specified in the package manifest cannot be found.

CondaVerificationError: The package for python located at /local/scratch/autoafids/.pixi/envs/default/pkgs/python-3.9.23-hc30ae73_0_cpython
appears to be corrupted. The path 'lib/python3.9/dataclasses.py'
specified in the package manifest cannot be found.

CondaVerificationError: The package for python located at /local/scratch/autoafids/.pixi/envs/default/pkgs/python-3.9.23-hc30ae73_0_cpython
appears to be corrupted. The path 'lib/python3.9/datetime.py'
specified in the package manifest cannot be found.

CondaVerificationError: The package for python located at /local/scratch/autoafids/.pixi/envs/default/pkgs/python-3.9.23-hc30ae73_0_cpython
appears to be corrupted. The path 'lib/python3.9/dbm/__init__.py'
specified in the package manifest cannot be found.

CondaVerificationError: The package for python located at /local/scratch/autoafids/.pixi/envs/default/pkgs/python-3.9.23-hc30ae73_0_cpython
appears to be corrupted. The path 'lib/python3.9/dbm/__pycache__/ndbm.cpython-39.pyc'
specified in the package manifest cannot be found.

CondaVerificationError: The package for python located at /local/scratch/autoafids/.pixi/envs/default/pkgs/python-3.9.23-hc30ae73_0_cpython
appears to be corrupted. The path 'lib/python3.9/dbm/dumb.py'
specified in the package manifest cannot be found.

CondaVerificationError: The package for python located at /local/scratch/autoafids/.pixi/envs/default/pkgs/python-3.9.23-hc30ae73_0_cpython
appears to be corrupted. The path 'lib/python3.9/dbm/gnu.py'
specified in the package manifest cannot be found.

CondaVerificationError: The package for python located at /local/scratch/autoafids/.pixi/envs/default/pkgs/python-3.9.23-hc30ae73_0_cpython
appears to be corrupted. The path 'lib/python3.9/dbm/ndbm.py'
specified in the package manifest cannot be found.

CondaVerificationError: The package for python located at /local/scratch/autoafids/.pixi/envs/default/pkgs/python-3.9.23-hc30ae73_0_cpython
appears to be corrupted. The path 'lib/python3.9/decimal.py'
specified in the package manifest cannot be found.

CondaVerificationError: The package for python located at /local/scratch/autoafids/.pixi/envs/default/pkgs/python-3.9.23-hc30ae73_0_cpython
appears to be corrupted. The path 'lib/python3.9/distutils/README'
specified in the package manifest cannot be found.

CondaVerificationError: The package for python located at /local/scratch/autoafids/.pixi/envs/default/pkgs/python-3.9.23-hc30ae73_0_cpython
appears to be corrupted. The path 'lib/python3.9/distutils/__pycache__/__init__.cpython-39.pyc'
specified in the package manifest cannot be found.

CondaVerificationError: The package for python located at /local/scratch/autoafids/.pixi/envs/default/pkgs/python-3.9.23-hc30ae73_0_cpython
appears to be corrupted. The path 'lib/python3.9/distutils/__pycache__/_msvccompiler.cpython-39.pyc'
specified in the package manifest cannot be found.

CondaVerificationError: The package for python located at /local/scratch/autoafids/.pixi/envs/default/pkgs/python-3.9.23-hc30ae73_0_cpython
appears to be corrupted. The path 'lib/python3.9/distutils/__pycache__/archive_util.cpython-39.pyc'
specified in the package manifest cannot be found.

CondaVerificationError: The package for python located at /local/scratch/autoafids/.pixi/envs/default/pkgs/python-3.9.23-hc30ae73_0_cpython
appears to be corrupted. The path 'lib/python3.9/distutils/__pycache__/ccompiler.cpython-39.pyc'
specified in the package manifest cannot be found.

CondaVerificationError: The package for python located at /local/scratch/autoafids/.pixi/envs/default/pkgs/python-3.9.23-hc30ae73_0_cpython
appears to be corrupted. The path 'lib/python3.9/distutils/__pycache__/config.cpython-39.pyc'
specified in the package manifest cannot be found.

CondaVerificationError: The package for python located at /local/scratch/autoafids/.pixi/envs/default/pkgs/python-3.9.23-hc30ae73_0_cpython
appears to be corrupted. The path 'lib/python3.9/distutils/__pycache__/core.cpython-39.pyc'
specified in the package manifest cannot be found.

CondaVerificationError: The package for python located at /local/scratch/autoafids/.pixi/envs/default/pkgs/python-3.9.23-hc30ae73_0_cpython
appears to be corrupted. The path 'lib/python3.9/distutils/__pycache__/cygwinccompiler.cpython-39.pyc'
specified in the package manifest cannot be found.

CondaVerificationError: The package for python located at /local/scratch/autoafids/.pixi/envs/default/pkgs/python-3.9.23-hc30ae73_0_cpython
appears to be corrupted. The path 'lib/python3.9/distutils/__pycache__/debug.cpython-39.pyc'
specified in the package manifest cannot be found.

CondaVerificationError: The package for python located at /local/scratch/autoafids/.pixi/envs/default/pkgs/python-3.9.23-hc30ae73_0_cpython
appears to be corrupted. The path 'lib/python3.9/distutils/__pycache__/dep_util.cpython-39.pyc'
specified in the package manifest cannot be found.

CondaVerificationError: The package for python located at /local/scratch/autoafids/.pixi/envs/default/pkgs/python-3.9.23-hc30ae73_0_cpython
appears to be corrupted. The path 'lib/python3.9/distutils/__pycache__/dir_util.cpython-39.pyc'
specified in the package manifest cannot be found.

CondaVerificationError: The package for python located at /local/scratch/autoafids/.pixi/envs/default/pkgs/python-3.9.23-hc30ae73_0_cpython
appears to be corrupted. The path 'lib/python3.9/distutils/__pycache__/dist.cpython-39.pyc'
specified in the package manifest cannot be found.

CondaVerificationError: The package for python located at /local/scratch/autoafids/.pixi/envs/default/pkgs/python-3.9.23-hc30ae73_0_cpython
appears to be corrupted. The path 'lib/python3.9/distutils/__pycache__/errors.cpython-39.pyc'
specified in the package manifest cannot be found.

CondaVerificationError: The package for python located at /local/scratch/autoafids/.pixi/envs/default/pkgs/python-3.9.23-hc30ae73_0_cpython
appears to be corrupted. The path 'lib/python3.9/distutils/__pycache__/extension.cpython-39.pyc'
specified in the package manifest cannot be found.

CondaVerificationError: The package for python located at /local/scratch/autoafids/.pixi/envs/default/pkgs/python-3.9.23-hc30ae73_0_cpython
appears to be corrupted. The path 'lib/python3.9/distutils/__pycache__/file_util.cpython-39.pyc'
specified in the package manifest cannot be found.

CondaVerificationError: The package for python located at /local/scratch/autoafids/.pixi/envs/default/pkgs/python-3.9.23-hc30ae73_0_cpython
appears to be corrupted. The path 'lib/python3.9/distutils/__pycache__/filelist.cpython-39.pyc'
specified in the package manifest cannot be found.

CondaVerificationError: The package for python located at /local/scratch/autoafids/.pixi/envs/default/pkgs/python-3.9.23-hc30ae73_0_cpython
appears to be corrupted. The path 'lib/python3.9/distutils/__pycache__/log.cpython-39.pyc'
specified in the package manifest cannot be found.

CondaVerificationError: The package for python located at /local/scratch/autoafids/.pixi/envs/default/pkgs/python-3.9.23-hc30ae73_0_cpython
appears to be corrupted. The path 'lib/python3.9/distutils/__pycache__/msvccompiler.cpython-39.pyc'
specified in the package manifest cannot be found.

CondaVerificationError: The package for python located at /local/scratch/autoafids/.pixi/envs/default/pkgs/python-3.9.23-hc30ae73_0_cpython
appears to be corrupted. The path 'lib/python3.9/distutils/__pycache__/spawn.cpython-39.pyc'
specified in the package manifest cannot be found.

CondaVerificationError: The package for python located at /local/scratch/autoafids/.pixi/envs/default/pkgs/python-3.9.23-hc30ae73_0_cpython
appears to be corrupted. The path 'lib/python3.9/distutils/__pycache__/text_file.cpython-39.pyc'
specified in the package manifest cannot be found.

CondaVerificationError: The package for python located at /local/scratch/autoafids/.pixi/envs/default/pkgs/python-3.9.23-hc30ae73_0_cpython
appears to be corrupted. The path 'lib/python3.9/distutils/__pycache__/unixccompiler.cpython-39.pyc'
specified in the package manifest cannot be found.

CondaVerificationError: The package for python located at /local/scratch/autoafids/.pixi/envs/default/pkgs/python-3.9.23-hc30ae73_0_cpython
appears to be corrupted. The path 'lib/python3.9/distutils/__pycache__/util.cpython-39.pyc'
specified in the package manifest cannot be found.

CondaVerificationError: The package for python located at /local/scratch/autoafids/.pixi/envs/default/pkgs/python-3.9.23-hc30ae73_0_cpython
appears to be corrupted. The path 'lib/python3.9/distutils/__pycache__/version.cpython-39.pyc'
specified in the package manifest cannot be found.

CondaVerificationError: The package for python located at /local/scratch/autoafids/.pixi/envs/default/pkgs/python-3.9.23-hc30ae73_0_cpython
appears to be corrupted. The path 'lib/python3.9/distutils/__pycache__/versionpredicate.cpython-39.pyc'
specified in the package manifest cannot be found.

CondaVerificationError: The package for python located at /local/scratch/autoafids/.pixi/envs/default/pkgs/python-3.9.23-hc30ae73_0_cpython
appears to be corrupted. The path 'lib/python3.9/distutils/_msvccompiler.py'
specified in the package manifest cannot be found.

CondaVerificationError: The package for python located at /local/scratch/autoafids/.pixi/envs/default/pkgs/python-3.9.23-hc30ae73_0_cpython
appears to be corrupted. The path 'lib/python3.9/distutils/archive_util.py'
specified in the package manifest cannot be found.

CondaVerificationError: The package for python located at /local/scratch/autoafids/.pixi/envs/default/pkgs/python-3.9.23-hc30ae73_0_cpython
appears to be corrupted. The path 'lib/python3.9/distutils/bcppcompiler.py'
specified in the package manifest cannot be found.

CondaVerificationError: The package for python located at /local/scratch/autoafids/.pixi/envs/default/pkgs/python-3.9.23-hc30ae73_0_cpython
appears to be corrupted. The path 'lib/python3.9/distutils/ccompiler.py'
specified in the package manifest cannot be found.

CondaVerificationError: The package for python located at /local/scratch/autoafids/.pixi/envs/default/pkgs/python-3.9.23-hc30ae73_0_cpython
appears to be corrupted. The path 'lib/python3.9/distutils/command/__pycache__/__init__.cpython-39.pyc'
specified in the package manifest cannot be found.

CondaVerificationError: The package for python located at /local/scratch/autoafids/.pixi/envs/default/pkgs/python-3.9.23-hc30ae73_0_cpython
appears to be corrupted. The path 'lib/python3.9/distutils/command/__pycache__/bdist.cpython-39.pyc'
specified in the package manifest cannot be found.

CondaVerificationError: The package for python located at /local/scratch/autoafids/.pixi/envs/default/pkgs/python-3.9.23-hc30ae73_0_cpython
appears to be corrupted. The path 'lib/python3.9/distutils/command/__pycache__/bdist_dumb.cpython-39.pyc'
specified in the package manifest cannot be found.

CondaVerificationError: The package for python located at /local/scratch/autoafids/.pixi/envs/default/pkgs/python-3.9.23-hc30ae73_0_cpython
appears to be corrupted. The path 'lib/python3.9/distutils/command/__pycache__/bdist_msi.cpython-39.pyc'
specified in the package manifest cannot be found.

CondaVerificationError: The package for python located at /local/scratch/autoafids/.pixi/envs/default/pkgs/python-3.9.23-hc30ae73_0_cpython
appears to be corrupted. The path 'lib/python3.9/distutils/command/__pycache__/bdist_rpm.cpython-39.pyc'
specified in the package manifest cannot be found.

CondaVerificationError: The package for python located at /local/scratch/autoafids/.pixi/envs/default/pkgs/python-3.9.23-hc30ae73_0_cpython
appears to be corrupted. The path 'lib/python3.9/distutils/command/__pycache__/bdist_wininst.cpython-39.pyc'
specified in the package manifest cannot be found.

CondaVerificationError: The package for python located at /local/scratch/autoafids/.pixi/envs/default/pkgs/python-3.9.23-hc30ae73_0_cpython
appears to be corrupted. The path 'lib/python3.9/distutils/command/__pycache__/build_clib.cpython-39.pyc'
specified in the package manifest cannot be found.

CondaVerificationError: The package for python located at /local/scratch/autoafids/.pixi/envs/default/pkgs/python-3.9.23-hc30ae73_0_cpython
appears to be corrupted. The path 'lib/python3.9/distutils/command/__pycache__/build_ext.cpython-39.pyc'
specified in the package manifest cannot be found.

CondaVerificationError: The package for python located at /local/scratch/autoafids/.pixi/envs/default/pkgs/python-3.9.23-hc30ae73_0_cpython
appears to be corrupted. The path 'lib/python3.9/distutils/command/__pycache__/build_scripts.cpython-39.pyc'
specified in the package manifest cannot be found.

CondaVerificationError: The package for python located at /local/scratch/autoafids/.pixi/envs/default/pkgs/python-3.9.23-hc30ae73_0_cpython
appears to be corrupted. The path 'lib/python3.9/distutils/command/__pycache__/check.cpython-39.pyc'
specified in the package manifest cannot be found.

CondaVerificationError: The package for python located at /local/scratch/autoafids/.pixi/envs/default/pkgs/python-3.9.23-hc30ae73_0_cpython
appears to be corrupted. The path 'lib/python3.9/distutils/command/__pycache__/config.cpython-39.pyc'
specified in the package manifest cannot be found.

CondaVerificationError: The package for python located at /local/scratch/autoafids/.pixi/envs/default/pkgs/python-3.9.23-hc30ae73_0_cpython
appears to be corrupted. The path 'lib/python3.9/distutils/command/__pycache__/install_data.cpython-39.pyc'
specified in the package manifest cannot be found.

CondaVerificationError: The package for python located at /local/scratch/autoafids/.pixi/envs/default/pkgs/python-3.9.23-hc30ae73_0_cpython
appears to be corrupted. The path 'lib/python3.9/distutils/command/__pycache__/install_egg_info.cpython-39.pyc'
specified in the package manifest cannot be found.

CondaVerificationError: The package for python located at /local/scratch/autoafids/.pixi/envs/default/pkgs/python-3.9.23-hc30ae73_0_cpython
appears to be corrupted. The path 'lib/python3.9/distutils/command/__pycache__/install_headers.cpython-39.pyc'
specified in the package manifest cannot be found.

CondaVerificationError: The package for python located at /local/scratch/autoafids/.pixi/envs/default/pkgs/python-3.9.23-hc30ae73_0_cpython
appears to be corrupted. The path 'lib/python3.9/distutils/command/__pycache__/install_lib.cpython-39.pyc'
specified in the package manifest cannot be found.

CondaVerificationError: The package for python located at /local/scratch/autoafids/.pixi/envs/default/pkgs/python-3.9.23-hc30ae73_0_cpython
appears to be corrupted. The path 'lib/python3.9/distutils/command/__pycache__/install_scripts.cpython-39.pyc'
specified in the package manifest cannot be found.

CondaVerificationError: The package for python located at /local/scratch/autoafids/.pixi/envs/default/pkgs/python-3.9.23-hc30ae73_0_cpython
appears to be corrupted. The path 'lib/python3.9/distutils/command/__pycache__/register.cpython-39.pyc'
specified in the package manifest cannot be found.

CondaVerificationError: The package for python located at /local/scratch/autoafids/.pixi/envs/default/pkgs/python-3.9.23-hc30ae73_0_cpython
appears to be corrupted. The path 'lib/python3.9/distutils/command/__pycache__/sdist.cpython-39.pyc'
specified in the package manifest cannot be found.

CondaVerificationError: The package for python located at /local/scratch/autoafids/.pixi/envs/default/pkgs/python-3.9.23-hc30ae73_0_cpython
appears to be corrupted. The path 'lib/python3.9/distutils/command/bdist_dumb.py'
specified in the package manifest cannot be found.

CondaVerificationError: The package for python located at /local/scratch/autoafids/.pixi/envs/default/pkgs/python-3.9.23-hc30ae73_0_cpython
appears to be corrupted. The path 'lib/python3.9/distutils/command/bdist_msi.py'
specified in the package manifest cannot be found.

CondaVerificationError: The package for python located at /local/scratch/autoafids/.pixi/envs/default/pkgs/python-3.9.23-hc30ae73_0_cpython
appears to be corrupted. The path 'lib/python3.9/distutils/command/build.py'
specified in the package manifest cannot be found.

CondaVerificationError: The package for python located at /local/scratch/autoafids/.pixi/envs/default/pkgs/python-3.9.23-hc30ae73_0_cpython
appears to be corrupted. The path 'lib/python3.9/distutils/command/build_clib.py'
specified in the package manifest cannot be found.

CondaVerificationError: The package for python located at /local/scratch/autoafids/.pixi/envs/default/pkgs/python-3.9.23-hc30ae73_0_cpython
appears to be corrupted. The path 'lib/python3.9/distutils/command/build_ext.py'
specified in the package manifest cannot be found.

CondaVerificationError: The package for python located at /local/scratch/autoafids/.pixi/envs/default/pkgs/python-3.9.23-hc30ae73_0_cpython
appears to be corrupted. The path 'lib/python3.9/distutils/command/build_py.py'
specified in the package manifest cannot be found.

CondaVerificationError: The package for python located at /local/scratch/autoafids/.pixi/envs/default/pkgs/python-3.9.23-hc30ae73_0_cpython
appears to be corrupted. The path 'lib/python3.9/distutils/command/check.py'
specified in the package manifest cannot be found.

CondaVerificationError: The package for python located at /local/scratch/autoafids/.pixi/envs/default/pkgs/python-3.9.23-hc30ae73_0_cpython
appears to be corrupted. The path 'lib/python3.9/distutils/command/clean.py'
specified in the package manifest cannot be found.

CondaVerificationError: The package for python located at /local/scratch/autoafids/.pixi/envs/default/pkgs/python-3.9.23-hc30ae73_0_cpython
appears to be corrupted. The path 'lib/python3.9/distutils/command/command_template'
specified in the package manifest cannot be found.

CondaVerificationError: The package for python located at /local/scratch/autoafids/.pixi/envs/default/pkgs/python-3.9.23-hc30ae73_0_cpython
appears to be corrupted. The path 'lib/python3.9/distutils/command/config.py'
specified in the package manifest cannot be found.

CondaVerificationError: The package for python located at /local/scratch/autoafids/.pixi/envs/default/pkgs/python-3.9.23-hc30ae73_0_cpython
appears to be corrupted. The path 'lib/python3.9/distutils/command/install.py'
specified in the package manifest cannot be found.

CondaVerificationError: The package for python located at /local/scratch/autoafids/.pixi/envs/default/pkgs/python-3.9.23-hc30ae73_0_cpython
appears to be corrupted. The path 'lib/python3.9/distutils/command/install_data.py'
specified in the package manifest cannot be found.

CondaVerificationError: The package for python located at /local/scratch/autoafids/.pixi/envs/default/pkgs/python-3.9.23-hc30ae73_0_cpython
appears to be corrupted. The path 'lib/python3.9/distutils/command/install_headers.py'
specified in the package manifest cannot be found.

CondaVerificationError: The package for python located at /local/scratch/autoafids/.pixi/envs/default/pkgs/python-3.9.23-hc30ae73_0_cpython
appears to be corrupted. The path 'lib/python3.9/distutils/command/install_lib.py'
specified in the package manifest cannot be found.

CondaVerificationError: The package for python located at /local/scratch/autoafids/.pixi/envs/default/pkgs/python-3.9.23-hc30ae73_0_cpython
appears to be corrupted. The path 'lib/python3.9/distutils/command/install_scripts.py'
specified in the package manifest cannot be found.

CondaVerificationError: The package for python located at /local/scratch/autoafids/.pixi/envs/default/pkgs/python-3.9.23-hc30ae73_0_cpython
appears to be corrupted. The path 'lib/python3.9/distutils/command/register.py'
specified in the package manifest cannot be found.

CondaVerificationError: The package for python located at /local/scratch/autoafids/.pixi/envs/default/pkgs/python-3.9.23-hc30ae73_0_cpython
appears to be corrupted. The path 'lib/python3.9/distutils/command/sdist.py'
specified in the package manifest cannot be found.

CondaVerificationError: The package for python located at /local/scratch/autoafids/.pixi/envs/default/pkgs/python-3.9.23-hc30ae73_0_cpython
appears to be corrupted. The path 'lib/python3.9/distutils/config.py'
specified in the package manifest cannot be found.

CondaVerificationError: The package for python located at /local/scratch/autoafids/.pixi/envs/default/pkgs/python-3.9.23-hc30ae73_0_cpython
appears to be corrupted. The path 'lib/python3.9/distutils/cygwinccompiler.py'
specified in the package manifest cannot be found.

CondaVerificationError: The package for python located at /local/scratch/autoafids/.pixi/envs/default/pkgs/python-3.9.23-hc30ae73_0_cpython
appears to be corrupted. The path 'lib/python3.9/distutils/dep_util.py'
specified in the package manifest cannot be found.

CondaVerificationError: The package for python located at /local/scratch/autoafids/.pixi/envs/default/pkgs/python-3.9.23-hc30ae73_0_cpython
appears to be corrupted. The path 'lib/python3.9/distutils/dir_util.py'
specified in the package manifest cannot be found.

CondaVerificationError: The package for python located at /local/scratch/autoafids/.pixi/envs/default/pkgs/python-3.9.23-hc30ae73_0_cpython
appears to be corrupted. The path 'lib/python3.9/distutils/dist.py'
specified in the package manifest cannot be found.

CondaVerificationError: The package for python located at /local/scratch/autoafids/.pixi/envs/default/pkgs/python-3.9.23-hc30ae73_0_cpython
appears to be corrupted. The path 'lib/python3.9/distutils/errors.py'
specified in the package manifest cannot be found.

CondaVerificationError: The package for python located at /local/scratch/autoafids/.pixi/envs/default/pkgs/python-3.9.23-hc30ae73_0_cpython
appears to be corrupted. The path 'lib/python3.9/distutils/file_util.py'
specified in the package manifest cannot be found.

CondaVerificationError: The package for python located at /local/scratch/autoafids/.pixi/envs/default/pkgs/python-3.9.23-hc30ae73_0_cpython
appears to be corrupted. The path 'lib/python3.9/distutils/filelist.py'
specified in the package manifest cannot be found.

CondaVerificationError: The package for python located at /local/scratch/autoafids/.pixi/envs/default/pkgs/python-3.9.23-hc30ae73_0_cpython
appears to be corrupted. The path 'lib/python3.9/distutils/sysconfig.py'
specified in the package manifest cannot be found.

CondaVerificationError: The package for python located at /local/scratch/autoafids/.pixi/envs/default/pkgs/python-3.9.23-hc30ae73_0_cpython
appears to be corrupted. The path 'lib/python3.9/distutils/tests/Setup.sample'
specified in the package manifest cannot be found.

CondaVerificationError: The package for python located at /local/scratch/autoafids/.pixi/envs/default/pkgs/python-3.9.23-hc30ae73_0_cpython
appears to be corrupted. The path 'lib/python3.9/distutils/tests/__pycache__/__init__.cpython-39.pyc'
specified in the package manifest cannot be found.

CondaVerificationError: The package for python located at /local/scratch/autoafids/.pixi/envs/default/pkgs/python-3.9.23-hc30ae73_0_cpython
appears to be corrupted. The path 'lib/python3.9/distutils/tests/__pycache__/support.cpython-39.pyc'
specified in the package manifest cannot be found.

CondaVerificationError: The package for python located at /local/scratch/autoafids/.pixi/envs/default/pkgs/python-3.9.23-hc30ae73_0_cpython
appears to be corrupted. The path 'lib/python3.9/distutils/tests/__pycache__/test_bdist_dumb.cpython-39.pyc'
specified in the package manifest cannot be found.

CondaVerificationError: The package for python located at /local/scratch/autoafids/.pixi/envs/default/pkgs/python-3.9.23-hc30ae73_0_cpython
appears to be corrupted. The path 'lib/python3.9/distutils/tests/__pycache__/test_bdist_wininst.cpython-39.pyc'
specified in the package manifest cannot be found.

CondaVerificationError: The package for python located at /local/scratch/autoafids/.pixi/envs/default/pkgs/python-3.9.23-hc30ae73_0_cpython
appears to be corrupted. The path 'lib/python3.9/distutils/tests/__pycache__/test_build_ext.cpython-39.pyc'
specified in the package manifest cannot be found.

CondaVerificationError: The package for python located at /local/scratch/autoafids/.pixi/envs/default/pkgs/python-3.9.23-hc30ae73_0_cpython
appears to be corrupted. The path 'lib/python3.9/distutils/tests/__pycache__/test_build_py.cpython-39.pyc'
specified in the package manifest cannot be found.

CondaVerificationError: The package for python located at /local/scratch/autoafids/.pixi/envs/default/pkgs/python-3.9.23-hc30ae73_0_cpython
appears to be corrupted. The path 'lib/python3.9/distutils/tests/__pycache__/test_check.cpython-39.pyc'
specified in the package manifest cannot be found.

CondaVerificationError: The package for python located at /local/scratch/autoafids/.pixi/envs/default/pkgs/python-3.9.23-hc30ae73_0_cpython
appears to be corrupted. The path 'lib/python3.9/distutils/tests/__pycache__/test_cmd.cpython-39.pyc'
specified in the package manifest cannot be found.

CondaVerificationError: The package for python located at /local/scratch/autoafids/.pixi/envs/default/pkgs/python-3.9.23-hc30ae73_0_cpython
appears to be corrupted. The path 'lib/python3.9/distutils/tests/__pycache__/test_config.cpython-39.pyc'
specified in the package manifest cannot be found.

CondaVerificationError: The package for python located at /local/scratch/autoafids/.pixi/envs/default/pkgs/python-3.9.23-hc30ae73_0_cpython
appears to be corrupted. The path 'lib/python3.9/distutils/tests/__pycache__/test_config_cmd.cpython-39.pyc'
specified in the package manifest cannot be found.

CondaVerificationError: The package for python located at /local/scratch/autoafids/.pixi/envs/default/pkgs/python-3.9.23-hc30ae73_0_cpython
appears to be corrupted. The path 'lib/python3.9/distutils/tests/__pycache__/test_core.cpython-39.pyc'
specified in the package manifest cannot be found.

CondaVerificationError: The package for python located at /local/scratch/autoafids/.pixi/envs/default/pkgs/python-3.9.23-hc30ae73_0_cpython
appears to be corrupted. The path 'lib/python3.9/distutils/tests/__pycache__/test_cygwinccompiler.cpython-39.pyc'
specified in the package manifest cannot be found.

CondaVerificationError: The package for python located at /local/scratch/autoafids/.pixi/envs/default/pkgs/python-3.9.23-hc30ae73_0_cpython
appears to be corrupted. The path 'lib/python3.9/distutils/tests/__pycache__/test_dep_util.cpython-39.pyc'
specified in the package manifest cannot be found.

CondaVerificationError: The package for python located at /local/scratch/autoafids/.pixi/envs/default/pkgs/python-3.9.23-hc30ae73_0_cpython
appears to be corrupted. The path 'lib/python3.9/distutils/tests/__pycache__/test_dist.cpython-39.pyc'
specified in the package manifest cannot be found.

CondaVerificationError: The package for python located at /local/scratch/autoafids/.pixi/envs/default/pkgs/python-3.9.23-hc30ae73_0_cpython
appears to be corrupted. The path 'lib/python3.9/distutils/tests/__pycache__/test_extension.cpython-39.pyc'
specified in the package manifest cannot be found.

CondaVerificationError: The package for python located at /local/scratch/autoafids/.pixi/envs/default/pkgs/python-3.9.23-hc30ae73_0_cpython
appears to be corrupted. The path 'lib/python3.9/distutils/tests/__pycache__/test_file_util.cpython-39.pyc'
specified in the package manifest cannot be found.

CondaVerificationError: The package for python located at /local/scratch/autoafids/.pixi/envs/default/pkgs/python-3.9.23-hc30ae73_0_cpython
appears to be corrupted. The path 'lib/python3.9/distutils/tests/__pycache__/test_install.cpython-39.pyc'
specified in the package manifest cannot be found.

CondaVerificationError: The package for python located at /local/scratch/autoafids/.pixi/envs/default/pkgs/python-3.9.23-hc30ae73_0_cpython
appears to be corrupted. The path 'lib/python3.9/distutils/tests/__pycache__/test_install_headers.cpython-39.pyc'
specified in the package manifest cannot be found.

CondaVerificationError: The package for python located at /local/scratch/autoafids/.pixi/envs/default/pkgs/python-3.9.23-hc30ae73_0_cpython
appears to be corrupted. The path 'lib/python3.9/distutils/tests/__pycache__/test_log.cpython-39.pyc'
specified in the package manifest cannot be found.

CondaVerificationError: The package for python located at /local/scratch/autoafids/.pixi/envs/default/pkgs/python-3.9.23-hc30ae73_0_cpython
appears to be corrupted. The path 'lib/python3.9/distutils/tests/__pycache__/test_msvc9compiler.cpython-39.pyc'
specified in the package manifest cannot be found.

CondaVerificationError: The package for python located at /local/scratch/autoafids/.pixi/envs/default/pkgs/python-3.9.23-hc30ae73_0_cpython
appears to be corrupted. The path 'lib/python3.9/distutils/tests/__pycache__/test_msvccompiler.cpython-39.pyc'
specified in the package manifest cannot be found.

CondaVerificationError: The package for python located at /local/scratch/autoafids/.pixi/envs/default/pkgs/python-3.9.23-hc30ae73_0_cpython
appears to be corrupted. The path 'lib/python3.9/distutils/tests/__pycache__/test_register.cpython-39.pyc'
specified in the package manifest cannot be found.

CondaVerificationError: The package for python located at /local/scratch/autoafids/.pixi/envs/default/pkgs/python-3.9.23-hc30ae73_0_cpython
appears to be corrupted. The path 'lib/python3.9/distutils/tests/__pycache__/test_sdist.cpython-39.pyc'
specified in the package manifest cannot be found.

CondaVerificationError: The package for python located at /local/scratch/autoafids/.pixi/envs/default/pkgs/python-3.9.23-hc30ae73_0_cpython
appears to be corrupted. The path 'lib/python3.9/distutils/tests/__pycache__/test_spawn.cpython-39.pyc'
specified in the package manifest cannot be found.

CondaVerificationError: The package for python located at /local/scratch/autoafids/.pixi/envs/default/pkgs/python-3.9.23-hc30ae73_0_cpython
appears to be corrupted. The path 'lib/python3.9/distutils/tests/__pycache__/test_text_file.cpython-39.pyc'
specified in the package manifest cannot be found.

CondaVerificationError: The package for python located at /local/scratch/autoafids/.pixi/envs/default/pkgs/python-3.9.23-hc30ae73_0_cpython
appears to be corrupted. The path 'lib/python3.9/distutils/tests/__pycache__/test_unixccompiler.cpython-39.pyc'
specified in the package manifest cannot be found.

CondaVerificationError: The package for python located at /local/scratch/autoafids/.pixi/envs/default/pkgs/python-3.9.23-hc30ae73_0_cpython
appears to be corrupted. The path 'lib/python3.9/distutils/tests/__pycache__/test_upload.cpython-39.pyc'
specified in the package manifest cannot be found.

CondaVerificationError: The package for python located at /local/scratch/autoafids/.pixi/envs/default/pkgs/python-3.9.23-hc30ae73_0_cpython
appears to be corrupted. The path 'lib/python3.9/distutils/tests/__pycache__/test_util.cpython-39.pyc'
specified in the package manifest cannot be found.

CondaVerificationError: The package for python located at /local/scratch/autoafids/.pixi/envs/default/pkgs/python-3.9.23-hc30ae73_0_cpython
appears to be corrupted. The path 'lib/python3.9/distutils/tests/__pycache__/test_version.cpython-39.pyc'
specified in the package manifest cannot be found.

CondaVerificationError: The package for python located at /local/scratch/autoafids/.pixi/envs/default/pkgs/python-3.9.23-hc30ae73_0_cpython
appears to be corrupted. The path 'lib/python3.9/distutils/tests/includetest.rst'
specified in the package manifest cannot be found.

CondaVerificationError: The package for python located at /local/scratch/autoafids/.pixi/envs/default/pkgs/python-3.9.23-hc30ae73_0_cpython
appears to be corrupted. The path 'lib/python3.9/distutils/tests/support.py'
specified in the package manifest cannot be found.

CondaVerificationError: The package for python located at /local/scratch/autoafids/.pixi/envs/default/pkgs/python-3.9.23-hc30ae73_0_cpython
appears to be corrupted. The path 'lib/python3.9/distutils/tests/test_archive_util.py'
specified in the package manifest cannot be found.

CondaVerificationError: The package for python located at /local/scratch/autoafids/.pixi/envs/default/pkgs/python-3.9.23-hc30ae73_0_cpython
appears to be corrupted. The path 'lib/python3.9/distutils/tests/test_bdist.py'
specified in the package manifest cannot be found.

CondaVerificationError: The package for python located at /local/scratch/autoafids/.pixi/envs/default/pkgs/python-3.9.23-hc30ae73_0_cpython
appears to be corrupted. The path 'lib/python3.9/distutils/tests/test_bdist_dumb.py'
specified in the package manifest cannot be found.

CondaVerificationError: The package for python located at /local/scratch/autoafids/.pixi/envs/default/pkgs/python-3.9.23-hc30ae73_0_cpython
appears to be corrupted. The path 'lib/python3.9/distutils/tests/test_bdist_msi.py'
specified in the package manifest cannot be found.

CondaVerificationError: The package for python located at /local/scratch/autoafids/.pixi/envs/default/pkgs/python-3.9.23-hc30ae73_0_cpython
appears to be corrupted. The path 'lib/python3.9/distutils/tests/test_build.py'
specified in the package manifest cannot be found.

CondaVerificationError: The package for python located at /local/scratch/autoafids/.pixi/envs/default/pkgs/python-3.9.23-hc30ae73_0_cpython
appears to be corrupted. The path 'lib/python3.9/distutils/tests/test_build_clib.py'
specified in the package manifest cannot be found.

CondaVerificationError: The package for python located at /local/scratch/autoafids/.pixi/envs/default/pkgs/python-3.9.23-hc30ae73_0_cpython
appears to be corrupted. The path 'lib/python3.9/distutils/tests/test_build_py.py'
specified in the package manifest cannot be found.

CondaVerificationError: The package for python located at /local/scratch/autoafids/.pixi/envs/default/pkgs/python-3.9.23-hc30ae73_0_cpython
appears to be corrupted. The path 'lib/python3.9/distutils/tests/test_build_scripts.py'
specified in the package manifest cannot be found.

CondaVerificationError: The package for python located at /local/scratch/autoafids/.pixi/envs/default/pkgs/python-3.9.23-hc30ae73_0_cpython
appears to be corrupted. The path 'lib/python3.9/distutils/tests/test_clean.py'
specified in the package manifest cannot be found.

CondaVerificationError: The package for python located at /local/scratch/autoafids/.pixi/envs/default/pkgs/python-3.9.23-hc30ae73_0_cpython
appears to be corrupted. The path 'lib/python3.9/distutils/tests/test_cmd.py'
specified in the package manifest cannot be found.

CondaVerificationError: The package for python located at /local/scratch/autoafids/.pixi/envs/default/pkgs/python-3.9.23-hc30ae73_0_cpython
appears to be corrupted. The path 'lib/python3.9/distutils/tests/test_config.py'
specified in the package manifest cannot be found.

CondaVerificationError: The package for python located at /local/scratch/autoafids/.pixi/envs/default/pkgs/python-3.9.23-hc30ae73_0_cpython
appears to be corrupted. The path 'lib/python3.9/distutils/tests/test_config_cmd.py'
specified in the package manifest cannot be found.

CondaVerificationError: The package for python located at /local/scratch/autoafids/.pixi/envs/default/pkgs/python-3.9.23-hc30ae73_0_cpython
appears to be corrupted. The path 'lib/python3.9/distutils/tests/test_core.py'
specified in the package manifest cannot be found.

CondaVerificationError: The package for python located at /local/scratch/autoafids/.pixi/envs/default/pkgs/python-3.9.23-hc30ae73_0_cpython
appears to be corrupted. The path 'lib/python3.9/distutils/tests/test_cygwinccompiler.py'
specified in the package manifest cannot be found.

CondaVerificationError: The package for python located at /local/scratch/autoafids/.pixi/envs/default/pkgs/python-3.9.23-hc30ae73_0_cpython
appears to be corrupted. The path 'lib/python3.9/distutils/tests/test_dep_util.py'
specified in the package manifest cannot be found.

CondaVerificationError: The package for python located at /local/scratch/autoafids/.pixi/envs/default/pkgs/python-3.9.23-hc30ae73_0_cpython
appears to be corrupted. The path 'lib/python3.9/distutils/tests/test_dir_util.py'
specified in the package manifest cannot be found.

CondaVerificationError: The package for python located at /local/scratch/autoafids/.pixi/envs/default/pkgs/python-3.9.23-hc30ae73_0_cpython
appears to be corrupted. The path 'lib/python3.9/distutils/tests/test_extension.py'
specified in the package manifest cannot be found.

CondaVerificationError: The package for python located at /local/scratch/autoafids/.pixi/envs/default/pkgs/python-3.9.23-hc30ae73_0_cpython
appears to be corrupted. The path 'lib/python3.9/distutils/tests/test_file_util.py'
specified in the package manifest cannot be found.

CondaVerificationError: The package for python located at /local/scratch/autoafids/.pixi/envs/default/pkgs/python-3.9.23-hc30ae73_0_cpython
appears to be corrupted. The path 'lib/python3.9/distutils/tests/test_install.py'
specified in the package manifest cannot be found.

CondaVerificationError: The package for python located at /local/scratch/autoafids/.pixi/envs/default/pkgs/python-3.9.23-hc30ae73_0_cpython
appears to be corrupted. The path 'lib/python3.9/distutils/tests/test_install_headers.py'
specified in the package manifest cannot be found.

CondaVerificationError: The package for python located at /local/scratch/autoafids/.pixi/envs/default/pkgs/python-3.9.23-hc30ae73_0_cpython
appears to be corrupted. The path 'lib/python3.9/distutils/tests/test_install_lib.py'
specified in the package manifest cannot be found.

CondaVerificationError: The package for python located at /local/scratch/autoafids/.pixi/envs/default/pkgs/python-3.9.23-hc30ae73_0_cpython
appears to be corrupted. The path 'lib/python3.9/distutils/tests/test_log.py'
specified in the package manifest cannot be found.

CondaVerificationError: The package for python located at /local/scratch/autoafids/.pixi/envs/default/pkgs/python-3.9.23-hc30ae73_0_cpython
appears to be corrupted. The path 'lib/python3.9/distutils/tests/test_msvc9compiler.py'
specified in the package manifest cannot be found.

CondaVerificationError: The package for python located at /local/scratch/autoafids/.pixi/envs/default/pkgs/python-3.9.23-hc30ae73_0_cpython
appears to be corrupted. The path 'lib/python3.9/distutils/tests/test_msvccompiler.py'
specified in the package manifest cannot be found.

CondaVerificationError: The package for python located at /local/scratch/autoafids/.pixi/envs/default/pkgs/python-3.9.23-hc30ae73_0_cpython
appears to be corrupted. The path 'lib/python3.9/distutils/tests/test_spawn.py'
specified in the package manifest cannot be found.

CondaVerificationError: The package for python located at /local/scratch/autoafids/.pixi/envs/default/pkgs/python-3.9.23-hc30ae73_0_cpython
appears to be corrupted. The path 'lib/python3.9/distutils/tests/test_sysconfig.py'
specified in the package manifest cannot be found.

CondaVerificationError: The package for python located at /local/scratch/autoafids/.pixi/envs/default/pkgs/python-3.9.23-hc30ae73_0_cpython
appears to be corrupted. The path 'lib/python3.9/distutils/tests/test_unixccompiler.py'
specified in the package manifest cannot be found.

CondaVerificationError: The package for python located at /local/scratch/autoafids/.pixi/envs/default/pkgs/python-3.9.23-hc30ae73_0_cpython
appears to be corrupted. The path 'lib/python3.9/distutils/tests/test_upload.py'
specified in the package manifest cannot be found.

CondaVerificationError: The package for python located at /local/scratch/autoafids/.pixi/envs/default/pkgs/python-3.9.23-hc30ae73_0_cpython
appears to be corrupted. The path 'lib/python3.9/distutils/tests/test_version.py'
specified in the package manifest cannot be found.

CondaVerificationError: The package for python located at /local/scratch/autoafids/.pixi/envs/default/pkgs/python-3.9.23-hc30ae73_0_cpython
appears to be corrupted. The path 'lib/python3.9/distutils/tests/test_versionpredicate.py'
specified in the package manifest cannot be found.

CondaVerificationError: The package for python located at /local/scratch/autoafids/.pixi/envs/default/pkgs/python-3.9.23-hc30ae73_0_cpython
appears to be corrupted. The path 'lib/python3.9/distutils/text_file.py'
specified in the package manifest cannot be found.

CondaVerificationError: The package for python located at /local/scratch/autoafids/.pixi/envs/default/pkgs/python-3.9.23-hc30ae73_0_cpython
appears to be corrupted. The path 'lib/python3.9/distutils/unixccompiler.py'
specified in the package manifest cannot be found.

CondaVerificationError: The package for python located at /local/scratch/autoafids/.pixi/envs/default/pkgs/python-3.9.23-hc30ae73_0_cpython
appears to be corrupted. The path 'lib/python3.9/distutils/versionpredicate.py'
specified in the package manifest cannot be found.

CondaVerificationError: The package for python located at /local/scratch/autoafids/.pixi/envs/default/pkgs/python-3.9.23-hc30ae73_0_cpython
appears to be corrupted. The path 'lib/python3.9/doctest.py'
specified in the package manifest cannot be found.

CondaVerificationError: The package for python located at /local/scratch/autoafids/.pixi/envs/default/pkgs/python-3.9.23-hc30ae73_0_cpython
appears to be corrupted. The path 'lib/python3.9/email/__init__.py'
specified in the package manifest cannot be found.

CondaVerificationError: The package for python located at /local/scratch/autoafids/.pixi/envs/default/pkgs/python-3.9.23-hc30ae73_0_cpython
appears to be corrupted. The path 'lib/python3.9/email/__pycache__/__init__.cpython-39.pyc'
specified in the package manifest cannot be found.

CondaVerificationError: The package for python located at /local/scratch/autoafids/.pixi/envs/default/pkgs/python-3.9.23-hc30ae73_0_cpython
appears to be corrupted. The path 'lib/python3.9/email/__pycache__/_header_value_parser.cpython-39.pyc'
specified in the package manifest cannot be found.

CondaVerificationError: The package for python located at /local/scratch/autoafids/.pixi/envs/default/pkgs/python-3.9.23-hc30ae73_0_cpython
appears to be corrupted. The path 'lib/python3.9/email/__pycache__/_policybase.cpython-39.pyc'
specified in the package manifest cannot be found.

CondaVerificationError: The package for python located at /local/scratch/autoafids/.pixi/envs/default/pkgs/python-3.9.23-hc30ae73_0_cpython
appears to be corrupted. The path 'lib/python3.9/email/__pycache__/base64mime.cpython-39.pyc'
specified in the package manifest cannot be found.

CondaVerificationError: The package for python located at /local/scratch/autoafids/.pixi/envs/default/pkgs/python-3.9.23-hc30ae73_0_cpython
appears to be corrupted. The path 'lib/python3.9/email/__pycache__/charset.cpython-39.pyc'
specified in the package manifest cannot be found.

CondaVerificationError: The package for python located at /local/scratch/autoafids/.pixi/envs/default/pkgs/python-3.9.23-hc30ae73_0_cpython
appears to be corrupted. The path 'lib/python3.9/email/__pycache__/contentmanager.cpython-39.pyc'
specified in the package manifest cannot be found.

CondaVerificationError: The package for python located at /local/scratch/autoafids/.pixi/envs/default/pkgs/python-3.9.23-hc30ae73_0_cpython
appears to be corrupted. The path 'lib/python3.9/email/__pycache__/encoders.cpython-39.pyc'
specified in the package manifest cannot be found.

CondaVerificationError: The package for python located at /local/scratch/autoafids/.pixi/envs/default/pkgs/python-3.9.23-hc30ae73_0_cpython
appears to be corrupted. The path 'lib/python3.9/email/__pycache__/errors.cpython-39.pyc'
specified in the package manifest cannot be found.

CondaVerificationError: The package for python located at /local/scratch/autoafids/.pixi/envs/default/pkgs/python-3.9.23-hc30ae73_0_cpython
appears to be corrupted. The path 'lib/python3.9/email/__pycache__/generator.cpython-39.pyc'
specified in the package manifest cannot be found.

CondaVerificationError: The package for python located at /local/scratch/autoafids/.pixi/envs/default/pkgs/python-3.9.23-hc30ae73_0_cpython
appears to be corrupted. The path 'lib/python3.9/email/__pycache__/header.cpython-39.pyc'
specified in the package manifest cannot be found.

CondaVerificationError: The package for python located at /local/scratch/autoafids/.pixi/envs/default/pkgs/python-3.9.23-hc30ae73_0_cpython
appears to be corrupted. The path 'lib/python3.9/email/__pycache__/headerregistry.cpython-39.pyc'
specified in the package manifest cannot be found.

CondaVerificationError: The package for python located at /local/scratch/autoafids/.pixi/envs/default/pkgs/python-3.9.23-hc30ae73_0_cpython
appears to be corrupted. The path 'lib/python3.9/email/__pycache__/iterators.cpython-39.pyc'
specified in the package manifest cannot be found.

CondaVerificationError: The package for python located at /local/scratch/autoafids/.pixi/envs/default/pkgs/python-3.9.23-hc30ae73_0_cpython
appears to be corrupted. The path 'lib/python3.9/email/__pycache__/parser.cpython-39.pyc'
specified in the package manifest cannot be found.

CondaVerificationError: The package for python located at /local/scratch/autoafids/.pixi/envs/default/pkgs/python-3.9.23-hc30ae73_0_cpython
appears to be corrupted. The path 'lib/python3.9/email/__pycache__/policy.cpython-39.pyc'
specified in the package manifest cannot be found.

CondaVerificationError: The package for python located at /local/scratch/autoafids/.pixi/envs/default/pkgs/python-3.9.23-hc30ae73_0_cpython
appears to be corrupted. The path 'lib/python3.9/email/__pycache__/quoprimime.cpython-39.pyc'
specified in the package manifest cannot be found.

CondaVerificationError: The package for python located at /local/scratch/autoafids/.pixi/envs/default/pkgs/python-3.9.23-hc30ae73_0_cpython
appears to be corrupted. The path 'lib/python3.9/email/__pycache__/utils.cpython-39.pyc'
specified in the package manifest cannot be found.

CondaVerificationError: The package for python located at /local/scratch/autoafids/.pixi/envs/default/pkgs/python-3.9.23-hc30ae73_0_cpython
appears to be corrupted. The path 'lib/python3.9/email/_encoded_words.py'
specified in the package manifest cannot be found.

CondaVerificationError: The package for python located at /local/scratch/autoafids/.pixi/envs/default/pkgs/python-3.9.23-hc30ae73_0_cpython
appears to be corrupted. The path 'lib/python3.9/email/_header_value_parser.py'
specified in the package manifest cannot be found.

CondaVerificationError: The package for python located at /local/scratch/autoafids/.pixi/envs/default/pkgs/python-3.9.23-hc30ae73_0_cpython
appears to be corrupted. The path 'lib/python3.9/email/_parseaddr.py'
specified in the package manifest cannot be found.

CondaVerificationError: The package for python located at /local/scratch/autoafids/.pixi/envs/default/pkgs/python-3.9.23-hc30ae73_0_cpython
appears to be corrupted. The path 'lib/python3.9/email/_policybase.py'
specified in the package manifest cannot be found.

CondaVerificationError: The package for python located at /local/scratch/autoafids/.pixi/envs/default/pkgs/python-3.9.23-hc30ae73_0_cpython
appears to be corrupted. The path 'lib/python3.9/email/base64mime.py'
specified in the package manifest cannot be found.

CondaVerificationError: The package for python located at /local/scratch/autoafids/.pixi/envs/default/pkgs/python-3.9.23-hc30ae73_0_cpython
appears to be corrupted. The path 'lib/python3.9/email/charset.py'
specified in the package manifest cannot be found.

CondaVerificationError: The package for python located at /local/scratch/autoafids/.pixi/envs/default/pkgs/python-3.9.23-hc30ae73_0_cpython
appears to be corrupted. The path 'lib/python3.9/email/contentmanager.py'
specified in the package manifest cannot be found.

CondaVerificationError: The package for python located at /local/scratch/autoafids/.pixi/envs/default/pkgs/python-3.9.23-hc30ae73_0_cpython
appears to be corrupted. The path 'lib/python3.9/email/feedparser.py'
specified in the package manifest cannot be found.

CondaVerificationError: The package for python located at /local/scratch/autoafids/.pixi/envs/default/pkgs/python-3.9.23-hc30ae73_0_cpython
appears to be corrupted. The path 'lib/python3.9/email/generator.py'
specified in the package manifest cannot be found.

CondaVerificationError: The package for python located at /local/scratch/autoafids/.pixi/envs/default/pkgs/python-3.9.23-hc30ae73_0_cpython
appears to be corrupted. The path 'lib/python3.9/email/iterators.py'
specified in the package manifest cannot be found.

CondaVerificationError: The package for python located at /local/scratch/autoafids/.pixi/envs/default/pkgs/python-3.9.23-hc30ae73_0_cpython
appears to be corrupted. The path 'lib/python3.9/email/message.py'
specified in the package manifest cannot be found.

CondaVerificationError: The package for python located at /local/scratch/autoafids/.pixi/envs/default/pkgs/python-3.9.23-hc30ae73_0_cpython
appears to be corrupted. The path 'lib/python3.9/email/mime/__init__.py'
specified in the package manifest cannot be found.

CondaVerificationError: The package for python located at /local/scratch/autoafids/.pixi/envs/default/pkgs/python-3.9.23-hc30ae73_0_cpython
appears to be corrupted. The path 'lib/python3.9/email/mime/__pycache__/application.cpython-39.pyc'
specified in the package manifest cannot be found.

CondaVerificationError: The package for python located at /local/scratch/autoafids/.pixi/envs/default/pkgs/python-3.9.23-hc30ae73_0_cpython
appears to be corrupted. The path 'lib/python3.9/email/mime/__pycache__/audio.cpython-39.pyc'
specified in the package manifest cannot be found.

CondaVerificationError: The package for python located at /local/scratch/autoafids/.pixi/envs/default/pkgs/python-3.9.23-hc30ae73_0_cpython
appears to be corrupted. The path 'lib/python3.9/email/mime/__pycache__/base.cpython-39.pyc'
specified in the package manifest cannot be found.

CondaVerificationError: The package for python located at /local/scratch/autoafids/.pixi/envs/default/pkgs/python-3.9.23-hc30ae73_0_cpython
appears to be corrupted. The path 'lib/python3.9/email/mime/__pycache__/image.cpython-39.pyc'
specified in the package manifest cannot be found.

CondaVerificationError: The package for python located at /local/scratch/autoafids/.pixi/envs/default/pkgs/python-3.9.23-hc30ae73_0_cpython
appears to be corrupted. The path 'lib/python3.9/email/mime/__pycache__/message.cpython-39.pyc'
specified in the package manifest cannot be found.

CondaVerificationError: The package for python located at /local/scratch/autoafids/.pixi/envs/default/pkgs/python-3.9.23-hc30ae73_0_cpython
appears to be corrupted. The path 'lib/python3.9/email/mime/__pycache__/multipart.cpython-39.pyc'
specified in the package manifest cannot be found.

CondaVerificationError: The package for python located at /local/scratch/autoafids/.pixi/envs/default/pkgs/python-3.9.23-hc30ae73_0_cpython
appears to be corrupted. The path 'lib/python3.9/email/mime/__pycache__/text.cpython-39.pyc'
specified in the package manifest cannot be found.

CondaVerificationError: The package for python located at /local/scratch/autoafids/.pixi/envs/default/pkgs/python-3.9.23-hc30ae73_0_cpython
appears to be corrupted. The path 'lib/python3.9/email/mime/application.py'
specified in the package manifest cannot be found.

CondaVerificationError: The package for python located at /local/scratch/autoafids/.pixi/envs/default/pkgs/python-3.9.23-hc30ae73_0_cpython
appears to be corrupted. The path 'lib/python3.9/email/mime/audio.py'
specified in the package manifest cannot be found.

CondaVerificationError: The package for python located at /local/scratch/autoafids/.pixi/envs/default/pkgs/python-3.9.23-hc30ae73_0_cpython
appears to be corrupted. The path 'lib/python3.9/email/mime/base.py'
specified in the package manifest cannot be found.

CondaVerificationError: The package for python located at /local/scratch/autoafids/.pixi/envs/default/pkgs/python-3.9.23-hc30ae73_0_cpython
appears to be corrupted. The path 'lib/python3.9/email/mime/image.py'
specified in the package manifest cannot be found.

CondaVerificationError: The package for python located at /local/scratch/autoafids/.pixi/envs/default/pkgs/python-3.9.23-hc30ae73_0_cpython
appears to be corrupted. The path 'lib/python3.9/email/mime/message.py'
specified in the package manifest cannot be found.

CondaVerificationError: The package for python located at /local/scratch/autoafids/.pixi/envs/default/pkgs/python-3.9.23-hc30ae73_0_cpython
appears to be corrupted. The path 'lib/python3.9/email/mime/multipart.py'
specified in the package manifest cannot be found.

CondaVerificationError: The package for python located at /local/scratch/autoafids/.pixi/envs/default/pkgs/python-3.9.23-hc30ae73_0_cpython
appears to be corrupted. The path 'lib/python3.9/email/mime/text.py'
specified in the package manifest cannot be found.

CondaVerificationError: The package for python located at /local/scratch/autoafids/.pixi/envs/default/pkgs/python-3.9.23-hc30ae73_0_cpython
appears to be corrupted. The path 'lib/python3.9/email/parser.py'
specified in the package manifest cannot be found.

CondaVerificationError: The package for python located at /local/scratch/autoafids/.pixi/envs/default/pkgs/python-3.9.23-hc30ae73_0_cpython
appears to be corrupted. The path 'lib/python3.9/email/policy.py'
specified in the package manifest cannot be found.

CondaVerificationError: The package for python located at /local/scratch/autoafids/.pixi/envs/default/pkgs/python-3.9.23-hc30ae73_0_cpython
appears to be corrupted. The path 'lib/python3.9/email/quoprimime.py'
specified in the package manifest cannot be found.

CondaVerificationError: The package for python located at /local/scratch/autoafids/.pixi/envs/default/pkgs/python-3.9.23-hc30ae73_0_cpython
appears to be corrupted. The path 'lib/python3.9/email/utils.py'
specified in the package manifest cannot be found.

CondaVerificationError: The package for python located at /local/scratch/autoafids/.pixi/envs/default/pkgs/python-3.9.23-hc30ae73_0_cpython
appears to be corrupted. The path 'lib/python3.9/encodings/__init__.py'
specified in the package manifest cannot be found.

CondaVerificationError: The package for python located at /local/scratch/autoafids/.pixi/envs/default/pkgs/python-3.9.23-hc30ae73_0_cpython
appears to be corrupted. The path 'lib/python3.9/encodings/__pycache__/aliases.cpython-39.pyc'
specified in the package manifest cannot be found.

CondaVerificationError: The package for python located at /local/scratch/autoafids/.pixi/envs/default/pkgs/python-3.9.23-hc30ae73_0_cpython
appears to be corrupted. The path 'lib/python3.9/encodings/__pycache__/ascii.cpython-39.pyc'
specified in the package manifest cannot be found.

CondaVerificationError: The package for python located at /local/scratch/autoafids/.pixi/envs/default/pkgs/python-3.9.23-hc30ae73_0_cpython
appears to be corrupted. The path 'lib/python3.9/encodings/__pycache__/base64_codec.cpython-39.pyc'
specified in the package manifest cannot be found.

CondaVerificationError: The package for python located at /local/scratch/autoafids/.pixi/envs/default/pkgs/python-3.9.23-hc30ae73_0_cpython
appears to be corrupted. The path 'lib/python3.9/encodings/__pycache__/big5.cpython-39.pyc'
specified in the package manifest cannot be found.

CondaVerificationError: The package for python located at /local/scratch/autoafids/.pixi/envs/default/pkgs/python-3.9.23-hc30ae73_0_cpython
appears to be corrupted. The path 'lib/python3.9/encodings/__pycache__/big5hkscs.cpython-39.pyc'
specified in the package manifest cannot be found.

CondaVerificationError: The package for python located at /local/scratch/autoafids/.pixi/envs/default/pkgs/python-3.9.23-hc30ae73_0_cpython
appears to be corrupted. The path 'lib/python3.9/encodings/__pycache__/bz2_codec.cpython-39.pyc'
specified in the package manifest cannot be found.

CondaVerificationError: The package for python located at /local/scratch/autoafids/.pixi/envs/default/pkgs/python-3.9.23-hc30ae73_0_cpython
appears to be corrupted. The path 'lib/python3.9/encodings/__pycache__/cp037.cpython-39.pyc'
specified in the package manifest cannot be found.

CondaVerificationError: The package for python located at /local/scratch/autoafids/.pixi/envs/default/pkgs/python-3.9.23-hc30ae73_0_cpython
appears to be corrupted. The path 'lib/python3.9/encodings/__pycache__/cp1006.cpython-39.pyc'
specified in the package manifest cannot be found.

CondaVerificationError: The package for python located at /local/scratch/autoafids/.pixi/envs/default/pkgs/python-3.9.23-hc30ae73_0_cpython
appears to be corrupted. The path 'lib/python3.9/encodings/__pycache__/cp1026.cpython-39.pyc'
specified in the package manifest cannot be found.

CondaVerificationError: The package for python located at /local/scratch/autoafids/.pixi/envs/default/pkgs/python-3.9.23-hc30ae73_0_cpython
appears to be corrupted. The path 'lib/python3.9/encodings/__pycache__/cp1125.cpython-39.pyc'
specified in the package manifest cannot be found.

CondaVerificationError: The package for python located at /local/scratch/autoafids/.pixi/envs/default/pkgs/python-3.9.23-hc30ae73_0_cpython
appears to be corrupted. The path 'lib/python3.9/encodings/__pycache__/cp1140.cpython-39.pyc'
specified in the package manifest cannot be found.

CondaVerificationError: The package for python located at /local/scratch/autoafids/.pixi/envs/default/pkgs/python-3.9.23-hc30ae73_0_cpython
appears to be corrupted. The path 'lib/python3.9/encodings/__pycache__/cp1250.cpython-39.pyc'
specified in the package manifest cannot be found.

CondaVerificationError: The package for python located at /local/scratch/autoafids/.pixi/envs/default/pkgs/python-3.9.23-hc30ae73_0_cpython
appears to be corrupted. The path 'lib/python3.9/encodings/__pycache__/cp1251.cpython-39.pyc'
specified in the package manifest cannot be found.

CondaVerificationError: The package for python located at /local/scratch/autoafids/.pixi/envs/default/pkgs/python-3.9.23-hc30ae73_0_cpython
appears to be corrupted. The path 'lib/python3.9/encodings/__pycache__/cp1253.cpython-39.pyc'
specified in the package manifest cannot be found.

CondaVerificationError: The package for python located at /local/scratch/autoafids/.pixi/envs/default/pkgs/python-3.9.23-hc30ae73_0_cpython
appears to be corrupted. The path 'lib/python3.9/encodings/__pycache__/cp1254.cpython-39.pyc'
specified in the package manifest cannot be found.

CondaVerificationError: The package for python located at /local/scratch/autoafids/.pixi/envs/default/pkgs/python-3.9.23-hc30ae73_0_cpython
appears to be corrupted. The path 'lib/python3.9/encodings/__pycache__/cp1256.cpython-39.pyc'
specified in the package manifest cannot be found.

CondaVerificationError: The package for python located at /local/scratch/autoafids/.pixi/envs/default/pkgs/python-3.9.23-hc30ae73_0_cpython
appears to be corrupted. The path 'lib/python3.9/encodings/__pycache__/cp1257.cpython-39.pyc'
specified in the package manifest cannot be found.

CondaVerificationError: The package for python located at /local/scratch/autoafids/.pixi/envs/default/pkgs/python-3.9.23-hc30ae73_0_cpython
appears to be corrupted. The path 'lib/python3.9/encodings/__pycache__/cp1258.cpython-39.pyc'
specified in the package manifest cannot be found.

CondaVerificationError: The package for python located at /local/scratch/autoafids/.pixi/envs/default/pkgs/python-3.9.23-hc30ae73_0_cpython
appears to be corrupted. The path 'lib/python3.9/encodings/__pycache__/cp273.cpython-39.pyc'
specified in the package manifest cannot be found.

CondaVerificationError: The package for python located at /local/scratch/autoafids/.pixi/envs/default/pkgs/python-3.9.23-hc30ae73_0_cpython
appears to be corrupted. The path 'lib/python3.9/encodings/__pycache__/cp437.cpython-39.pyc'
specified in the package manifest cannot be found.

CondaVerificationError: The package for python located at /local/scratch/autoafids/.pixi/envs/default/pkgs/python-3.9.23-hc30ae73_0_cpython
appears to be corrupted. The path 'lib/python3.9/encodings/__pycache__/cp500.cpython-39.pyc'
specified in the package manifest cannot be found.

CondaVerificationError: The package for python located at /local/scratch/autoafids/.pixi/envs/default/pkgs/python-3.9.23-hc30ae73_0_cpython
appears to be corrupted. The path 'lib/python3.9/encodings/__pycache__/cp720.cpython-39.pyc'
specified in the package manifest cannot be found.

CondaVerificationError: The package for python located at /local/scratch/autoafids/.pixi/envs/default/pkgs/python-3.9.23-hc30ae73_0_cpython
appears to be corrupted. The path 'lib/python3.9/encodings/__pycache__/cp737.cpython-39.pyc'
specified in the package manifest cannot be found.

CondaVerificationError: The package for python located at /local/scratch/autoafids/.pixi/envs/default/pkgs/python-3.9.23-hc30ae73_0_cpython
appears to be corrupted. The path 'lib/python3.9/encodings/__pycache__/cp850.cpython-39.pyc'
specified in the package manifest cannot be found.

CondaVerificationError: The package for python located at /local/scratch/autoafids/.pixi/envs/default/pkgs/python-3.9.23-hc30ae73_0_cpython
appears to be corrupted. The path 'lib/python3.9/encodings/__pycache__/cp852.cpython-39.pyc'
specified in the package manifest cannot be found.

CondaVerificationError: The package for python located at /local/scratch/autoafids/.pixi/envs/default/pkgs/python-3.9.23-hc30ae73_0_cpython
appears to be corrupted. The path 'lib/python3.9/encodings/__pycache__/cp855.cpython-39.pyc'
specified in the package manifest cannot be found.

CondaVerificationError: The package for python located at /local/scratch/autoafids/.pixi/envs/default/pkgs/python-3.9.23-hc30ae73_0_cpython
appears to be corrupted. The path 'lib/python3.9/encodings/__pycache__/cp856.cpython-39.pyc'
specified in the package manifest cannot be found.

CondaVerificationError: The package for python located at /local/scratch/autoafids/.pixi/envs/default/pkgs/python-3.9.23-hc30ae73_0_cpython
appears to be corrupted. The path 'lib/python3.9/encodings/__pycache__/cp857.cpython-39.pyc'
specified in the package manifest cannot be found.

CondaVerificationError: The package for python located at /local/scratch/autoafids/.pixi/envs/default/pkgs/python-3.9.23-hc30ae73_0_cpython
appears to be corrupted. The path 'lib/python3.9/encodings/__pycache__/cp858.cpython-39.pyc'
specified in the package manifest cannot be found.

CondaVerificationError: The package for python located at /local/scratch/autoafids/.pixi/envs/default/pkgs/python-3.9.23-hc30ae73_0_cpython
appears to be corrupted. The path 'lib/python3.9/encodings/__pycache__/cp860.cpython-39.pyc'
specified in the package manifest cannot be found.

CondaVerificationError: The package for python located at /local/scratch/autoafids/.pixi/envs/default/pkgs/python-3.9.23-hc30ae73_0_cpython
appears to be corrupted. The path 'lib/python3.9/encodings/__pycache__/cp861.cpython-39.pyc'
specified in the package manifest cannot be found.

CondaVerificationError: The package for python located at /local/scratch/autoafids/.pixi/envs/default/pkgs/python-3.9.23-hc30ae73_0_cpython
appears to be corrupted. The path 'lib/python3.9/encodings/__pycache__/cp862.cpython-39.pyc'
specified in the package manifest cannot be found.

CondaVerificationError: The package for python located at /local/scratch/autoafids/.pixi/envs/default/pkgs/python-3.9.23-hc30ae73_0_cpython
appears to be corrupted. The path 'lib/python3.9/encodings/__pycache__/cp864.cpython-39.pyc'
specified in the package manifest cannot be found.

CondaVerificationError: The package for python located at /local/scratch/autoafids/.pixi/envs/default/pkgs/python-3.9.23-hc30ae73_0_cpython
appears to be corrupted. The path 'lib/python3.9/encodings/__pycache__/cp865.cpython-39.pyc'
specified in the package manifest cannot be found.

CondaVerificationError: The package for python located at /local/scratch/autoafids/.pixi/envs/default/pkgs/python-3.9.23-hc30ae73_0_cpython
appears to be corrupted. The path 'lib/python3.9/encodings/__pycache__/cp866.cpython-39.pyc'
specified in the package manifest cannot be found.

CondaVerificationError: The package for python located at /local/scratch/autoafids/.pixi/envs/default/pkgs/python-3.9.23-hc30ae73_0_cpython
appears to be corrupted. The path 'lib/python3.9/encodings/__pycache__/cp869.cpython-39.pyc'
specified in the package manifest cannot be found.

CondaVerificationError: The package for python located at /local/scratch/autoafids/.pixi/envs/default/pkgs/python-3.9.23-hc30ae73_0_cpython
appears to be corrupted. The path 'lib/python3.9/encodings/__pycache__/cp875.cpython-39.pyc'
specified in the package manifest cannot be found.

CondaVerificationError: The package for python located at /local/scratch/autoafids/.pixi/envs/default/pkgs/python-3.9.23-hc30ae73_0_cpython
appears to be corrupted. The path 'lib/python3.9/encodings/__pycache__/cp932.cpython-39.pyc'
specified in the package manifest cannot be found.

CondaVerificationError: The package for python located at /local/scratch/autoafids/.pixi/envs/default/pkgs/python-3.9.23-hc30ae73_0_cpython
appears to be corrupted. The path 'lib/python3.9/encodings/__pycache__/cp949.cpython-39.pyc'
specified in the package manifest cannot be found.

CondaVerificationError: The package for python located at /local/scratch/autoafids/.pixi/envs/default/pkgs/python-3.9.23-hc30ae73_0_cpython
appears to be corrupted. The path 'lib/python3.9/encodings/__pycache__/cp950.cpython-39.pyc'
specified in the package manifest cannot be found.

CondaVerificationError: The package for python located at /local/scratch/autoafids/.pixi/envs/default/pkgs/python-3.9.23-hc30ae73_0_cpython
appears to be corrupted. The path 'lib/python3.9/encodings/__pycache__/euc_jisx0213.cpython-39.pyc'
specified in the package manifest cannot be found.

CondaVerificationError: The package for python located at /local/scratch/autoafids/.pixi/envs/default/pkgs/python-3.9.23-hc30ae73_0_cpython
appears to be corrupted. The path 'lib/python3.9/encodings/__pycache__/euc_jp.cpython-39.pyc'
specified in the package manifest cannot be found.

CondaVerificationError: The package for python located at /local/scratch/autoafids/.pixi/envs/default/pkgs/python-3.9.23-hc30ae73_0_cpython
appears to be corrupted. The path 'lib/python3.9/encodings/__pycache__/euc_kr.cpython-39.pyc'
specified in the package manifest cannot be found.

CondaVerificationError: The package for python located at /local/scratch/autoafids/.pixi/envs/default/pkgs/python-3.9.23-hc30ae73_0_cpython
appears to be corrupted. The path 'lib/python3.9/encodings/__pycache__/gb2312.cpython-39.pyc'
specified in the package manifest cannot be found.

CondaVerificationError: The package for python located at /local/scratch/autoafids/.pixi/envs/default/pkgs/python-3.9.23-hc30ae73_0_cpython
appears to be corrupted. The path 'lib/python3.9/encodings/__pycache__/gbk.cpython-39.pyc'
specified in the package manifest cannot be found.

CondaVerificationError: The package for python located at /local/scratch/autoafids/.pixi/envs/default/pkgs/python-3.9.23-hc30ae73_0_cpython
appears to be corrupted. The path 'lib/python3.9/encodings/__pycache__/hp_roman8.cpython-39.pyc'
specified in the package manifest cannot be found.

CondaVerificationError: The package for python located at /local/scratch/autoafids/.pixi/envs/default/pkgs/python-3.9.23-hc30ae73_0_cpython
appears to be corrupted. The path 'lib/python3.9/encodings/__pycache__/hz.cpython-39.pyc'
specified in the package manifest cannot be found.

CondaVerificationError: The package for python located at /local/scratch/autoafids/.pixi/envs/default/pkgs/python-3.9.23-hc30ae73_0_cpython
appears to be corrupted. The path 'lib/python3.9/encodings/__pycache__/idna.cpython-39.pyc'
specified in the package manifest cannot be found.

CondaVerificationError: The package for python located at /local/scratch/autoafids/.pixi/envs/default/pkgs/python-3.9.23-hc30ae73_0_cpython
appears to be corrupted. The path 'lib/python3.9/encodings/__pycache__/iso2022_jp.cpython-39.pyc'
specified in the package manifest cannot be found.

CondaVerificationError: The package for python located at /local/scratch/autoafids/.pixi/envs/default/pkgs/python-3.9.23-hc30ae73_0_cpython
appears to be corrupted. The path 'lib/python3.9/encodings/__pycache__/iso2022_jp_1.cpython-39.pyc'
specified in the package manifest cannot be found.

CondaVerificationError: The package for python located at /local/scratch/autoafids/.pixi/envs/default/pkgs/python-3.9.23-hc30ae73_0_cpython
appears to be corrupted. The path 'lib/python3.9/encodings/__pycache__/iso2022_jp_2.cpython-39.pyc'
specified in the package manifest cannot be found.

CondaVerificationError: The package for python located at /local/scratch/autoafids/.pixi/envs/default/pkgs/python-3.9.23-hc30ae73_0_cpython
appears to be corrupted. The path 'lib/python3.9/encodings/__pycache__/iso2022_jp_2004.cpython-39.pyc'
specified in the package manifest cannot be found.

CondaVerificationError: The package for python located at /local/scratch/autoafids/.pixi/envs/default/pkgs/python-3.9.23-hc30ae73_0_cpython
appears to be corrupted. The path 'lib/python3.9/encodings/__pycache__/iso2022_jp_3.cpython-39.pyc'
specified in the package manifest cannot be found.

CondaVerificationError: The package for python located at /local/scratch/autoafids/.pixi/envs/default/pkgs/python-3.9.23-hc30ae73_0_cpython
appears to be corrupted. The path 'lib/python3.9/encodings/__pycache__/iso2022_jp_ext.cpython-39.pyc'
specified in the package manifest cannot be found.

CondaVerificationError: The package for python located at /local/scratch/autoafids/.pixi/envs/default/pkgs/python-3.9.23-hc30ae73_0_cpython
appears to be corrupted. The path 'lib/python3.9/encodings/__pycache__/iso2022_kr.cpython-39.pyc'
specified in the package manifest cannot be found.

CondaVerificationError: The package for python located at /local/scratch/autoafids/.pixi/envs/default/pkgs/python-3.9.23-hc30ae73_0_cpython
appears to be corrupted. The path 'lib/python3.9/encodings/__pycache__/iso8859_1.cpython-39.pyc'
specified in the package manifest cannot be found.

CondaVerificationError: The package for python located at /local/scratch/autoafids/.pixi/envs/default/pkgs/python-3.9.23-hc30ae73_0_cpython
appears to be corrupted. The path 'lib/python3.9/encodings/__pycache__/iso8859_10.cpython-39.pyc'
specified in the package manifest cannot be found.

CondaVerificationError: The package for python located at /local/scratch/autoafids/.pixi/envs/default/pkgs/python-3.9.23-hc30ae73_0_cpython
appears to be corrupted. The path 'lib/python3.9/encodings/__pycache__/iso8859_11.cpython-39.pyc'
specified in the package manifest cannot be found.

CondaVerificationError: The package for python located at /local/scratch/autoafids/.pixi/envs/default/pkgs/python-3.9.23-hc30ae73_0_cpython
appears to be corrupted. The path 'lib/python3.9/encodings/__pycache__/iso8859_13.cpython-39.pyc'
specified in the package manifest cannot be found.

CondaVerificationError: The package for python located at /local/scratch/autoafids/.pixi/envs/default/pkgs/python-3.9.23-hc30ae73_0_cpython
appears to be corrupted. The path 'lib/python3.9/encodings/__pycache__/iso8859_14.cpython-39.pyc'
specified in the package manifest cannot be found.

CondaVerificationError: The package for python located at /local/scratch/autoafids/.pixi/envs/default/pkgs/python-3.9.23-hc30ae73_0_cpython
appears to be corrupted. The path 'lib/python3.9/encodings/__pycache__/iso8859_15.cpython-39.pyc'
specified in the package manifest cannot be found.

CondaVerificationError: The package for python located at /local/scratch/autoafids/.pixi/envs/default/pkgs/python-3.9.23-hc30ae73_0_cpython
appears to be corrupted. The path 'lib/python3.9/encodings/__pycache__/iso8859_16.cpython-39.pyc'
specified in the package manifest cannot be found.

CondaVerificationError: The package for python located at /local/scratch/autoafids/.pixi/envs/default/pkgs/python-3.9.23-hc30ae73_0_cpython
appears to be corrupted. The path 'lib/python3.9/encodings/__pycache__/iso8859_2.cpython-39.pyc'
specified in the package manifest cannot be found.

CondaVerificationError: The package for python located at /local/scratch/autoafids/.pixi/envs/default/pkgs/python-3.9.23-hc30ae73_0_cpython
appears to be corrupted. The path 'lib/python3.9/encodings/__pycache__/iso8859_3.cpython-39.pyc'
specified in the package manifest cannot be found.

CondaVerificationError: The package for python located at /local/scratch/autoafids/.pixi/envs/default/pkgs/python-3.9.23-hc30ae73_0_cpython
appears to be corrupted. The path 'lib/python3.9/encodings/__pycache__/iso8859_4.cpython-39.pyc'
specified in the package manifest cannot be found.

CondaVerificationError: The package for python located at /local/scratch/autoafids/.pixi/envs/default/pkgs/python-3.9.23-hc30ae73_0_cpython
appears to be corrupted. The path 'lib/python3.9/encodings/__pycache__/iso8859_5.cpython-39.pyc'
specified in the package manifest cannot be found.

CondaVerificationError: The package for python located at /local/scratch/autoafids/.pixi/envs/default/pkgs/python-3.9.23-hc30ae73_0_cpython
appears to be corrupted. The path 'lib/python3.9/encodings/__pycache__/iso8859_6.cpython-39.pyc'
specified in the package manifest cannot be found.

CondaVerificationError: The package for python located at /local/scratch/autoafids/.pixi/envs/default/pkgs/python-3.9.23-hc30ae73_0_cpython
appears to be corrupted. The path 'lib/python3.9/encodings/__pycache__/iso8859_7.cpython-39.pyc'
specified in the package manifest cannot be found.

CondaVerificationError: The package for python located at /local/scratch/autoafids/.pixi/envs/default/pkgs/python-3.9.23-hc30ae73_0_cpython
appears to be corrupted. The path 'lib/python3.9/encodings/__pycache__/iso8859_9.cpython-39.pyc'
specified in the package manifest cannot be found.

CondaVerificationError: The package for python located at /local/scratch/autoafids/.pixi/envs/default/pkgs/python-3.9.23-hc30ae73_0_cpython
appears to be corrupted. The path 'lib/python3.9/encodings/__pycache__/koi8_r.cpython-39.pyc'
specified in the package manifest cannot be found.

CondaVerificationError: The package for python located at /local/scratch/autoafids/.pixi/envs/default/pkgs/python-3.9.23-hc30ae73_0_cpython
appears to be corrupted. The path 'lib/python3.9/encodings/__pycache__/koi8_t.cpython-39.pyc'
specified in the package manifest cannot be found.

CondaVerificationError: The package for python located at /local/scratch/autoafids/.pixi/envs/default/pkgs/python-3.9.23-hc30ae73_0_cpython
appears to be corrupted. The path 'lib/python3.9/encodings/__pycache__/koi8_u.cpython-39.pyc'
specified in the package manifest cannot be found.

CondaVerificationError: The package for python located at /local/scratch/autoafids/.pixi/envs/default/pkgs/python-3.9.23-hc30ae73_0_cpython
appears to be corrupted. The path 'lib/python3.9/encodings/__pycache__/latin_1.cpython-39.pyc'
specified in the package manifest cannot be found.

CondaVerificationError: The package for python located at /local/scratch/autoafids/.pixi/envs/default/pkgs/python-3.9.23-hc30ae73_0_cpython
appears to be corrupted. The path 'lib/python3.9/encodings/__pycache__/mac_arabic.cpython-39.pyc'
specified in the package manifest cannot be found.

CondaVerificationError: The package for python located at /local/scratch/autoafids/.pixi/envs/default/pkgs/python-3.9.23-hc30ae73_0_cpython
appears to be corrupted. The path 'lib/python3.9/encodings/__pycache__/mac_croatian.cpython-39.pyc'
specified in the package manifest cannot be found.

CondaVerificationError: The package for python located at /local/scratch/autoafids/.pixi/envs/default/pkgs/python-3.9.23-hc30ae73_0_cpython
appears to be corrupted. The path 'lib/python3.9/encodings/__pycache__/mac_cyrillic.cpython-39.pyc'
specified in the package manifest cannot be found.

CondaVerificationError: The package for python located at /local/scratch/autoafids/.pixi/envs/default/pkgs/python-3.9.23-hc30ae73_0_cpython
appears to be corrupted. The path 'lib/python3.9/encodings/__pycache__/mac_iceland.cpython-39.pyc'
specified in the package manifest cannot be found.

CondaVerificationError: The package for python located at /local/scratch/autoafids/.pixi/envs/default/pkgs/python-3.9.23-hc30ae73_0_cpython
appears to be corrupted. The path 'lib/python3.9/encodings/__pycache__/mac_latin2.cpython-39.pyc'
specified in the package manifest cannot be found.

CondaVerificationError: The package for python located at /local/scratch/autoafids/.pixi/envs/default/pkgs/python-3.9.23-hc30ae73_0_cpython
appears to be corrupted. The path 'lib/python3.9/encodings/__pycache__/mac_roman.cpython-39.pyc'
specified in the package manifest cannot be found.

CondaVerificationError: The package for python located at /local/scratch/autoafids/.pixi/envs/default/pkgs/python-3.9.23-hc30ae73_0_cpython
appears to be corrupted. The path 'lib/python3.9/encodings/__pycache__/mac_romanian.cpython-39.pyc'
specified in the package manifest cannot be found.

CondaVerificationError: The package for python located at /local/scratch/autoafids/.pixi/envs/default/pkgs/python-3.9.23-hc30ae73_0_cpython
appears to be corrupted. The path 'lib/python3.9/encodings/__pycache__/mbcs.cpython-39.pyc'
specified in the package manifest cannot be found.

CondaVerificationError: The package for python located at /local/scratch/autoafids/.pixi/envs/default/pkgs/python-3.9.23-hc30ae73_0_cpython
appears to be corrupted. The path 'lib/python3.9/encodings/__pycache__/oem.cpython-39.pyc'
specified in the package manifest cannot be found.

CondaVerificationError: The package for python located at /local/scratch/autoafids/.pixi/envs/default/pkgs/python-3.9.23-hc30ae73_0_cpython
appears to be corrupted. The path 'lib/python3.9/encodings/__pycache__/palmos.cpython-39.pyc'
specified in the package manifest cannot be found.

CondaVerificationError: The package for python located at /local/scratch/autoafids/.pixi/envs/default/pkgs/python-3.9.23-hc30ae73_0_cpython
appears to be corrupted. The path 'lib/python3.9/encodings/__pycache__/ptcp154.cpython-39.pyc'
specified in the package manifest cannot be found.

CondaVerificationError: The package for python located at /local/scratch/autoafids/.pixi/envs/default/pkgs/python-3.9.23-hc30ae73_0_cpython
appears to be corrupted. The path 'lib/python3.9/encodings/__pycache__/punycode.cpython-39.pyc'
specified in the package manifest cannot be found.

CondaVerificationError: The package for python located at /local/scratch/autoafids/.pixi/envs/default/pkgs/python-3.9.23-hc30ae73_0_cpython
appears to be corrupted. The path 'lib/python3.9/encodings/__pycache__/raw_unicode_escape.cpython-39.pyc'
specified in the package manifest cannot be found.

CondaVerificationError: The package for python located at /local/scratch/autoafids/.pixi/envs/default/pkgs/python-3.9.23-hc30ae73_0_cpython
appears to be corrupted. The path 'lib/python3.9/encodings/__pycache__/rot_13.cpython-39.pyc'
specified in the package manifest cannot be found.

CondaVerificationError: The package for python located at /local/scratch/autoafids/.pixi/envs/default/pkgs/python-3.9.23-hc30ae73_0_cpython
appears to be corrupted. The path 'lib/python3.9/encodings/__pycache__/shift_jis_2004.cpython-39.pyc'
specified in the package manifest cannot be found.

CondaVerificationError: The package for python located at /local/scratch/autoafids/.pixi/envs/default/pkgs/python-3.9.23-hc30ae73_0_cpython
appears to be corrupted. The path 'lib/python3.9/encodings/__pycache__/shift_jisx0213.cpython-39.pyc'
specified in the package manifest cannot be found.

CondaVerificationError: The package for python located at /local/scratch/autoafids/.pixi/envs/default/pkgs/python-3.9.23-hc30ae73_0_cpython
appears to be corrupted. The path 'lib/python3.9/encodings/__pycache__/unicode_escape.cpython-39.pyc'
specified in the package manifest cannot be found.

CondaVerificationError: The package for python located at /local/scratch/autoafids/.pixi/envs/default/pkgs/python-3.9.23-hc30ae73_0_cpython
appears to be corrupted. The path 'lib/python3.9/encodings/__pycache__/utf_16.cpython-39.pyc'
specified in the package manifest cannot be found.

CondaVerificationError: The package for python located at /local/scratch/autoafids/.pixi/envs/default/pkgs/python-3.9.23-hc30ae73_0_cpython
appears to be corrupted. The path 'lib/python3.9/encodings/__pycache__/utf_16_le.cpython-39.pyc'
specified in the package manifest cannot be found.

CondaVerificationError: The package for python located at /local/scratch/autoafids/.pixi/envs/default/pkgs/python-3.9.23-hc30ae73_0_cpython
appears to be corrupted. The path 'lib/python3.9/encodings/__pycache__/utf_32_be.cpython-39.pyc'
specified in the package manifest cannot be found.

CondaVerificationError: The package for python located at /local/scratch/autoafids/.pixi/envs/default/pkgs/python-3.9.23-hc30ae73_0_cpython
appears to be corrupted. The path 'lib/python3.9/encodings/__pycache__/utf_32_le.cpython-39.pyc'
specified in the package manifest cannot be found.

CondaVerificationError: The package for python located at /local/scratch/autoafids/.pixi/envs/default/pkgs/python-3.9.23-hc30ae73_0_cpython
appears to be corrupted. The path 'lib/python3.9/encodings/__pycache__/utf_7.cpython-39.pyc'
specified in the package manifest cannot be found.

CondaVerificationError: The package for python located at /local/scratch/autoafids/.pixi/envs/default/pkgs/python-3.9.23-hc30ae73_0_cpython
appears to be corrupted. The path 'lib/python3.9/encodings/__pycache__/utf_8.cpython-39.pyc'
specified in the package manifest cannot be found.

CondaVerificationError: The package for python located at /local/scratch/autoafids/.pixi/envs/default/pkgs/python-3.9.23-hc30ae73_0_cpython
appears to be corrupted. The path 'lib/python3.9/encodings/__pycache__/utf_8_sig.cpython-39.pyc'
specified in the package manifest cannot be found.

CondaVerificationError: The package for python located at /local/scratch/autoafids/.pixi/envs/default/pkgs/python-3.9.23-hc30ae73_0_cpython
appears to be corrupted. The path 'lib/python3.9/encodings/aliases.py'
specified in the package manifest cannot be found.

CondaVerificationError: The package for python located at /local/scratch/autoafids/.pixi/envs/default/pkgs/python-3.9.23-hc30ae73_0_cpython
appears to be corrupted. The path 'lib/python3.9/encodings/big5.py'
specified in the package manifest cannot be found.

CondaVerificationError: The package for python located at /local/scratch/autoafids/.pixi/envs/default/pkgs/python-3.9.23-hc30ae73_0_cpython
appears to be corrupted. The path 'lib/python3.9/encodings/big5hkscs.py'
specified in the package manifest cannot be found.

CondaVerificationError: The package for python located at /local/scratch/autoafids/.pixi/envs/default/pkgs/python-3.9.23-hc30ae73_0_cpython
appears to be corrupted. The path 'lib/python3.9/encodings/bz2_codec.py'
specified in the package manifest cannot be found.

CondaVerificationError: The package for python located at /local/scratch/autoafids/.pixi/envs/default/pkgs/python-3.9.23-hc30ae73_0_cpython
appears to be corrupted. The path 'lib/python3.9/encodings/charmap.py'
specified in the package manifest cannot be found.

CondaVerificationError: The package for python located at /local/scratch/autoafids/.pixi/envs/default/pkgs/python-3.9.23-hc30ae73_0_cpython
appears to be corrupted. The path 'lib/python3.9/encodings/cp037.py'
specified in the package manifest cannot be found.

CondaVerificationError: The package for python located at /local/scratch/autoafids/.pixi/envs/default/pkgs/python-3.9.23-hc30ae73_0_cpython
appears to be corrupted. The path 'lib/python3.9/encodings/cp1006.py'
specified in the package manifest cannot be found.

CondaVerificationError: The package for python located at /local/scratch/autoafids/.pixi/envs/default/pkgs/python-3.9.23-hc30ae73_0_cpython
appears to be corrupted. The path 'lib/python3.9/encodings/cp1026.py'
specified in the package manifest cannot be found.

CondaVerificationError: The package for python located at /local/scratch/autoafids/.pixi/envs/default/pkgs/python-3.9.23-hc30ae73_0_cpython
appears to be corrupted. The path 'lib/python3.9/encodings/cp1125.py'
specified in the package manifest cannot be found.

CondaVerificationError: The package for python located at /local/scratch/autoafids/.pixi/envs/default/pkgs/python-3.9.23-hc30ae73_0_cpython
appears to be corrupted. The path 'lib/python3.9/encodings/cp1140.py'
specified in the package manifest cannot be found.

CondaVerificationError: The package for python located at /local/scratch/autoafids/.pixi/envs/default/pkgs/python-3.9.23-hc30ae73_0_cpython
appears to be corrupted. The path 'lib/python3.9/encodings/cp1251.py'
specified in the package manifest cannot be found.

CondaVerificationError: The package for python located at /local/scratch/autoafids/.pixi/envs/default/pkgs/python-3.9.23-hc30ae73_0_cpython
appears to be corrupted. The path 'lib/python3.9/encodings/cp1252.py'
specified in the package manifest cannot be found.

CondaVerificationError: The package for python located at /local/scratch/autoafids/.pixi/envs/default/pkgs/python-3.9.23-hc30ae73_0_cpython
appears to be corrupted. The path 'lib/python3.9/encodings/cp1253.py'
specified in the package manifest cannot be found.

CondaVerificationError: The package for python located at /local/scratch/autoafids/.pixi/envs/default/pkgs/python-3.9.23-hc30ae73_0_cpython
appears to be corrupted. The path 'lib/python3.9/encodings/cp1254.py'
specified in the package manifest cannot be found.

CondaVerificationError: The package for python located at /local/scratch/autoafids/.pixi/envs/default/pkgs/python-3.9.23-hc30ae73_0_cpython
appears to be corrupted. The path 'lib/python3.9/encodings/cp1255.py'
specified in the package manifest cannot be found.

CondaVerificationError: The package for python located at /local/scratch/autoafids/.pixi/envs/default/pkgs/python-3.9.23-hc30ae73_0_cpython
appears to be corrupted. The path 'lib/python3.9/encodings/cp1256.py'
specified in the package manifest cannot be found.

CondaVerificationError: The package for python located at /local/scratch/autoafids/.pixi/envs/default/pkgs/python-3.9.23-hc30ae73_0_cpython
appears to be corrupted. The path 'lib/python3.9/encodings/cp1258.py'
specified in the package manifest cannot be found.

CondaVerificationError: The package for python located at /local/scratch/autoafids/.pixi/envs/default/pkgs/python-3.9.23-hc30ae73_0_cpython
appears to be corrupted. The path 'lib/python3.9/encodings/cp273.py'
specified in the package manifest cannot be found.

CondaVerificationError: The package for python located at /local/scratch/autoafids/.pixi/envs/default/pkgs/python-3.9.23-hc30ae73_0_cpython
appears to be corrupted. The path 'lib/python3.9/encodings/cp424.py'
specified in the package manifest cannot be found.

CondaVerificationError: The package for python located at /local/scratch/autoafids/.pixi/envs/default/pkgs/python-3.9.23-hc30ae73_0_cpython
appears to be corrupted. The path 'lib/python3.9/encodings/cp437.py'
specified in the package manifest cannot be found.

CondaVerificationError: The package for python located at /local/scratch/autoafids/.pixi/envs/default/pkgs/python-3.9.23-hc30ae73_0_cpython
appears to be corrupted. The path 'lib/python3.9/encodings/cp500.py'
specified in the package manifest cannot be found.

CondaVerificationError: The package for python located at /local/scratch/autoafids/.pixi/envs/default/pkgs/python-3.9.23-hc30ae73_0_cpython
appears to be corrupted. The path 'lib/python3.9/encodings/cp720.py'
specified in the package manifest cannot be found.

CondaVerificationError: The package for python located at /local/scratch/autoafids/.pixi/envs/default/pkgs/python-3.9.23-hc30ae73_0_cpython
appears to be corrupted. The path 'lib/python3.9/encodings/cp737.py'
specified in the package manifest cannot be found.

CondaVerificationError: The package for python located at /local/scratch/autoafids/.pixi/envs/default/pkgs/python-3.9.23-hc30ae73_0_cpython
appears to be corrupted. The path 'lib/python3.9/encodings/cp775.py'
specified in the package manifest cannot be found.

CondaVerificationError: The package for python located at /local/scratch/autoafids/.pixi/envs/default/pkgs/python-3.9.23-hc30ae73_0_cpython
appears to be corrupted. The path 'lib/python3.9/encodings/cp852.py'
specified in the package manifest cannot be found.

CondaVerificationError: The package for python located at /local/scratch/autoafids/.pixi/envs/default/pkgs/python-3.9.23-hc30ae73_0_cpython
appears to be corrupted. The path 'lib/python3.9/encodings/cp855.py'
specified in the package manifest cannot be found.

CondaVerificationError: The package for python located at /local/scratch/autoafids/.pixi/envs/default/pkgs/python-3.9.23-hc30ae73_0_cpython
appears to be corrupted. The path 'lib/python3.9/encodings/cp856.py'
specified in the package manifest cannot be found.

CondaVerificationError: The package for python located at /local/scratch/autoafids/.pixi/envs/default/pkgs/python-3.9.23-hc30ae73_0_cpython
appears to be corrupted. The path 'lib/python3.9/encodings/cp857.py'
specified in the package manifest cannot be found.

CondaVerificationError: The package for python located at /local/scratch/autoafids/.pixi/envs/default/pkgs/python-3.9.23-hc30ae73_0_cpython
appears to be corrupted. The path 'lib/python3.9/encodings/cp860.py'
specified in the package manifest cannot be found.

CondaVerificationError: The package for python located at /local/scratch/autoafids/.pixi/envs/default/pkgs/python-3.9.23-hc30ae73_0_cpython
appears to be corrupted. The path 'lib/python3.9/encodings/cp861.py'
specified in the package manifest cannot be found.

CondaVerificationError: The package for python located at /local/scratch/autoafids/.pixi/envs/default/pkgs/python-3.9.23-hc30ae73_0_cpython
appears to be corrupted. The path 'lib/python3.9/encodings/cp862.py'
specified in the package manifest cannot be found.

CondaVerificationError: The package for python located at /local/scratch/autoafids/.pixi/envs/default/pkgs/python-3.9.23-hc30ae73_0_cpython
appears to be corrupted. The path 'lib/python3.9/encodings/cp863.py'
specified in the package manifest cannot be found.

CondaVerificationError: The package for python located at /local/scratch/autoafids/.pixi/envs/default/pkgs/python-3.9.23-hc30ae73_0_cpython
appears to be corrupted. The path 'lib/python3.9/encodings/cp864.py'
specified in the package manifest cannot be found.

CondaVerificationError: The package for python located at /local/scratch/autoafids/.pixi/envs/default/pkgs/python-3.9.23-hc30ae73_0_cpython
appears to be corrupted. The path 'lib/python3.9/encodings/cp866.py'
specified in the package manifest cannot be found.

CondaVerificationError: The package for python located at /local/scratch/autoafids/.pixi/envs/default/pkgs/python-3.9.23-hc30ae73_0_cpython
appears to be corrupted. The path 'lib/python3.9/encodings/cp869.py'
specified in the package manifest cannot be found.

CondaVerificationError: The package for python located at /local/scratch/autoafids/.pixi/envs/default/pkgs/python-3.9.23-hc30ae73_0_cpython
appears to be corrupted. The path 'lib/python3.9/encodings/cp874.py'
specified in the package manifest cannot be found.

CondaVerificationError: The package for python located at /local/scratch/autoafids/.pixi/envs/default/pkgs/python-3.9.23-hc30ae73_0_cpython
appears to be corrupted. The path 'lib/python3.9/encodings/cp875.py'
specified in the package manifest cannot be found.

CondaVerificationError: The package for python located at /local/scratch/autoafids/.pixi/envs/default/pkgs/python-3.9.23-hc30ae73_0_cpython
appears to be corrupted. The path 'lib/python3.9/encodings/cp932.py'
specified in the package manifest cannot be found.

CondaVerificationError: The package for python located at /local/scratch/autoafids/.pixi/envs/default/pkgs/python-3.9.23-hc30ae73_0_cpython
appears to be corrupted. The path 'lib/python3.9/encodings/euc_jis_2004.py'
specified in the package manifest cannot be found.

CondaVerificationError: The package for python located at /local/scratch/autoafids/.pixi/envs/default/pkgs/python-3.9.23-hc30ae73_0_cpython
appears to be corrupted. The path 'lib/python3.9/encodings/euc_jp.py'
specified in the package manifest cannot be found.

CondaVerificationError: The package for python located at /local/scratch/autoafids/.pixi/envs/default/pkgs/python-3.9.23-hc30ae73_0_cpython
appears to be corrupted. The path 'lib/python3.9/encodings/euc_kr.py'
specified in the package manifest cannot be found.

CondaVerificationError: The package for python located at /local/scratch/autoafids/.pixi/envs/default/pkgs/python-3.9.23-hc30ae73_0_cpython
appears to be corrupted. The path 'lib/python3.9/encodings/gb18030.py'
specified in the package manifest cannot be found.

CondaVerificationError: The package for python located at /local/scratch/autoafids/.pixi/envs/default/pkgs/python-3.9.23-hc30ae73_0_cpython
appears to be corrupted. The path 'lib/python3.9/encodings/gb2312.py'
specified in the package manifest cannot be found.

CondaVerificationError: The package for python located at /local/scratch/autoafids/.pixi/envs/default/pkgs/python-3.9.23-hc30ae73_0_cpython
appears to be corrupted. The path 'lib/python3.9/encodings/hp_roman8.py'
specified in the package manifest cannot be found.

CondaVerificationError: The package for python located at /local/scratch/autoafids/.pixi/envs/default/pkgs/python-3.9.23-hc30ae73_0_cpython
appears to be corrupted. The path 'lib/python3.9/encodings/hz.py'
specified in the package manifest cannot be found.

CondaVerificationError: The package for python located at /local/scratch/autoafids/.pixi/envs/default/pkgs/python-3.9.23-hc30ae73_0_cpython
appears to be corrupted. The path 'lib/python3.9/encodings/idna.py'
specified in the package manifest cannot be found.

CondaVerificationError: The package for python located at /local/scratch/autoafids/.pixi/envs/default/pkgs/python-3.9.23-hc30ae73_0_cpython
appears to be corrupted. The path 'lib/python3.9/encodings/iso2022_jp.py'
specified in the package manifest cannot be found.

CondaVerificationError: The package for python located at /local/scratch/autoafids/.pixi/envs/default/pkgs/python-3.9.23-hc30ae73_0_cpython
appears to be corrupted. The path 'lib/python3.9/encodings/iso2022_jp_1.py'
specified in the package manifest cannot be found.

CondaVerificationError: The package for python located at /local/scratch/autoafids/.pixi/envs/default/pkgs/python-3.9.23-hc30ae73_0_cpython
appears to be corrupted. The path 'lib/python3.9/encodings/iso2022_jp_2.py'
specified in the package manifest cannot be found.

CondaVerificationError: The package for python located at /local/scratch/autoafids/.pixi/envs/default/pkgs/python-3.9.23-hc30ae73_0_cpython
appears to be corrupted. The path 'lib/python3.9/encodings/iso2022_jp_2004.py'
specified in the package manifest cannot be found.

CondaVerificationError: The package for python located at /local/scratch/autoafids/.pixi/envs/default/pkgs/python-3.9.23-hc30ae73_0_cpython
appears to be corrupted. The path 'lib/python3.9/encodings/iso2022_jp_ext.py'
specified in the package manifest cannot be found.

CondaVerificationError: The package for python located at /local/scratch/autoafids/.pixi/envs/default/pkgs/python-3.9.23-hc30ae73_0_cpython
appears to be corrupted. The path 'lib/python3.9/encodings/iso8859_1.py'
specified in the package manifest cannot be found.

CondaVerificationError: The package for python located at /local/scratch/autoafids/.pixi/envs/default/pkgs/python-3.9.23-hc30ae73_0_cpython
appears to be corrupted. The path 'lib/python3.9/encodings/iso8859_13.py'
specified in the package manifest cannot be found.

CondaVerificationError: The package for python located at /local/scratch/autoafids/.pixi/envs/default/pkgs/python-3.9.23-hc30ae73_0_cpython
appears to be corrupted. The path 'lib/python3.9/encodings/iso8859_14.py'
specified in the package manifest cannot be found.

CondaVerificationError: The package for python located at /local/scratch/autoafids/.pixi/envs/default/pkgs/python-3.9.23-hc30ae73_0_cpython
appears to be corrupted. The path 'lib/python3.9/encodings/iso8859_15.py'
specified in the package manifest cannot be found.

CondaVerificationError: The package for python located at /local/scratch/autoafids/.pixi/envs/default/pkgs/python-3.9.23-hc30ae73_0_cpython
appears to be corrupted. The path 'lib/python3.9/encodings/iso8859_2.py'
specified in the package manifest cannot be found.

CondaVerificationError: The package for python located at /local/scratch/autoafids/.pixi/envs/default/pkgs/python-3.9.23-hc30ae73_0_cpython
appears to be corrupted. The path 'lib/python3.9/encodings/iso8859_3.py'
specified in the package manifest cannot be found.

CondaVerificationError: The package for python located at /local/scratch/autoafids/.pixi/envs/default/pkgs/python-3.9.23-hc30ae73_0_cpython
appears to be corrupted. The path 'lib/python3.9/encodings/iso8859_4.py'
specified in the package manifest cannot be found.

CondaVerificationError: The package for python located at /local/scratch/autoafids/.pixi/envs/default/pkgs/python-3.9.23-hc30ae73_0_cpython
appears to be corrupted. The path 'lib/python3.9/encodings/iso8859_6.py'
specified in the package manifest cannot be found.

CondaVerificationError: The package for python located at /local/scratch/autoafids/.pixi/envs/default/pkgs/python-3.9.23-hc30ae73_0_cpython
appears to be corrupted. The path 'lib/python3.9/encodings/iso8859_7.py'
specified in the package manifest cannot be found.

CondaVerificationError: The package for python located at /local/scratch/autoafids/.pixi/envs/default/pkgs/python-3.9.23-hc30ae73_0_cpython
appears to be corrupted. The path 'lib/python3.9/encodings/iso8859_8.py'
specified in the package manifest cannot be found.

CondaVerificationError: The package for python located at /local/scratch/autoafids/.pixi/envs/default/pkgs/python-3.9.23-hc30ae73_0_cpython
appears to be corrupted. The path 'lib/python3.9/encodings/iso8859_9.py'
specified in the package manifest cannot be found.

CondaVerificationError: The package for python located at /local/scratch/autoafids/.pixi/envs/default/pkgs/python-3.9.23-hc30ae73_0_cpython
appears to be corrupted. The path 'lib/python3.9/encodings/johab.py'
specified in the package manifest cannot be found.

CondaVerificationError: The package for python located at /local/scratch/autoafids/.pixi/envs/default/pkgs/python-3.9.23-hc30ae73_0_cpython
appears to be corrupted. The path 'lib/python3.9/encodings/koi8_r.py'
specified in the package manifest cannot be found.

CondaVerificationError: The package for python located at /local/scratch/autoafids/.pixi/envs/default/pkgs/python-3.9.23-hc30ae73_0_cpython
appears to be corrupted. The path 'lib/python3.9/encodings/koi8_t.py'
specified in the package manifest cannot be found.

CondaVerificationError: The package for python located at /local/scratch/autoafids/.pixi/envs/default/pkgs/python-3.9.23-hc30ae73_0_cpython
appears to be corrupted. The path 'lib/python3.9/encodings/kz1048.py'
specified in the package manifest cannot be found.

CondaVerificationError: The package for python located at /local/scratch/autoafids/.pixi/envs/default/pkgs/python-3.9.23-hc30ae73_0_cpython
appears to be corrupted. The path 'lib/python3.9/encodings/latin_1.py'
specified in the package manifest cannot be found.

CondaVerificationError: The package for python located at /local/scratch/autoafids/.pixi/envs/default/pkgs/python-3.9.23-hc30ae73_0_cpython
appears to be corrupted. The path 'lib/python3.9/encodings/mac_farsi.py'
specified in the package manifest cannot be found.

CondaVerificationError: The package for python located at /local/scratch/autoafids/.pixi/envs/default/pkgs/python-3.9.23-hc30ae73_0_cpython
appears to be corrupted. The path 'lib/python3.9/encodings/mac_greek.py'
specified in the package manifest cannot be found.

CondaVerificationError: The package for python located at /local/scratch/autoafids/.pixi/envs/default/pkgs/python-3.9.23-hc30ae73_0_cpython
appears to be corrupted. The path 'lib/python3.9/encodings/mac_iceland.py'
specified in the package manifest cannot be found.

CondaVerificationError: The package for python located at /local/scratch/autoafids/.pixi/envs/default/pkgs/python-3.9.23-hc30ae73_0_cpython
appears to be corrupted. The path 'lib/python3.9/encodings/mac_latin2.py'
specified in the package manifest cannot be found.

CondaVerificationError: The package for python located at /local/scratch/autoafids/.pixi/envs/default/pkgs/python-3.9.23-hc30ae73_0_cpython
appears to be corrupted. The path 'lib/python3.9/encodings/mac_roman.py'
specified in the package manifest cannot be found.

CondaVerificationError: The package for python located at /local/scratch/autoafids/.pixi/envs/default/pkgs/python-3.9.23-hc30ae73_0_cpython
appears to be corrupted. The path 'lib/python3.9/encodings/mac_romanian.py'
specified in the package manifest cannot be found.

CondaVerificationError: The package for python located at /local/scratch/autoafids/.pixi/envs/default/pkgs/python-3.9.23-hc30ae73_0_cpython
appears to be corrupted. The path 'lib/python3.9/encodings/mbcs.py'
specified in the package manifest cannot be found.

CondaVerificationError: The package for python located at /local/scratch/autoafids/.pixi/envs/default/pkgs/python-3.9.23-hc30ae73_0_cpython
appears to be corrupted. The path 'lib/python3.9/encodings/oem.py'
specified in the package manifest cannot be found.

CondaVerificationError: The package for python located at /local/scratch/autoafids/.pixi/envs/default/pkgs/python-3.9.23-hc30ae73_0_cpython
appears to be corrupted. The path 'lib/python3.9/encodings/palmos.py'
specified in the package manifest cannot be found.

CondaVerificationError: The package for python located at /local/scratch/autoafids/.pixi/envs/default/pkgs/python-3.9.23-hc30ae73_0_cpython
appears to be corrupted. The path 'lib/python3.9/encodings/punycode.py'
specified in the package manifest cannot be found.

CondaVerificationError: The package for python located at /local/scratch/autoafids/.pixi/envs/default/pkgs/python-3.9.23-hc30ae73_0_cpython
appears to be corrupted. The path 'lib/python3.9/encodings/quopri_codec.py'
specified in the package manifest cannot be found.

CondaVerificationError: The package for python located at /local/scratch/autoafids/.pixi/envs/default/pkgs/python-3.9.23-hc30ae73_0_cpython
appears to be corrupted. The path 'lib/python3.9/encodings/raw_unicode_escape.py'
specified in the package manifest cannot be found.

CondaVerificationError: The package for python located at /local/scratch/autoafids/.pixi/envs/default/pkgs/python-3.9.23-hc30ae73_0_cpython
appears to be corrupted. The path 'lib/python3.9/encodings/rot_13.py'
specified in the package manifest cannot be found.

CondaVerificationError: The package for python located at /local/scratch/autoafids/.pixi/envs/default/pkgs/python-3.9.23-hc30ae73_0_cpython
appears to be corrupted. The path 'lib/python3.9/encodings/shift_jis_2004.py'
specified in the package manifest cannot be found.

CondaVerificationError: The package for python located at /local/scratch/autoafids/.pixi/envs/default/pkgs/python-3.9.23-hc30ae73_0_cpython
appears to be corrupted. The path 'lib/python3.9/encodings/shift_jisx0213.py'
specified in the package manifest cannot be found.

CondaVerificationError: The package for python located at /local/scratch/autoafids/.pixi/envs/default/pkgs/python-3.9.23-hc30ae73_0_cpython
appears to be corrupted. The path 'lib/python3.9/encodings/tis_620.py'
specified in the package manifest cannot be found.

CondaVerificationError: The package for python located at /local/scratch/autoafids/.pixi/envs/default/pkgs/python-3.9.23-hc30ae73_0_cpython
appears to be corrupted. The path 'lib/python3.9/encodings/undefined.py'
specified in the package manifest cannot be found.

CondaVerificationError: The package for python located at /local/scratch/autoafids/.pixi/envs/default/pkgs/python-3.9.23-hc30ae73_0_cpython
appears to be corrupted. The path 'lib/python3.9/encodings/utf_16.py'
specified in the package manifest cannot be found.

CondaVerificationError: The package for python located at /local/scratch/autoafids/.pixi/envs/default/pkgs/python-3.9.23-hc30ae73_0_cpython
appears to be corrupted. The path 'lib/python3.9/encodings/utf_16_be.py'
specified in the package manifest cannot be found.

CondaVerificationError: The package for python located at /local/scratch/autoafids/.pixi/envs/default/pkgs/python-3.9.23-hc30ae73_0_cpython
appears to be corrupted. The path 'lib/python3.9/encodings/utf_16_le.py'
specified in the package manifest cannot be found.

CondaVerificationError: The package for python located at /local/scratch/autoafids/.pixi/envs/default/pkgs/python-3.9.23-hc30ae73_0_cpython
appears to be corrupted. The path 'lib/python3.9/encodings/utf_32_be.py'
specified in the package manifest cannot be found.

CondaVerificationError: The package for python located at /local/scratch/autoafids/.pixi/envs/default/pkgs/python-3.9.23-hc30ae73_0_cpython
appears to be corrupted. The path 'lib/python3.9/encodings/utf_32_le.py'
specified in the package manifest cannot be found.

CondaVerificationError: The package for python located at /local/scratch/autoafids/.pixi/envs/default/pkgs/python-3.9.23-hc30ae73_0_cpython
appears to be corrupted. The path 'lib/python3.9/encodings/utf_7.py'
specified in the package manifest cannot be found.

CondaVerificationError: The package for python located at /local/scratch/autoafids/.pixi/envs/default/pkgs/python-3.9.23-hc30ae73_0_cpython
appears to be corrupted. The path 'lib/python3.9/encodings/utf_8.py'
specified in the package manifest cannot be found.

CondaVerificationError: The package for python located at /local/scratch/autoafids/.pixi/envs/default/pkgs/python-3.9.23-hc30ae73_0_cpython
appears to be corrupted. The path 'lib/python3.9/encodings/utf_8_sig.py'
specified in the package manifest cannot be found.

CondaVerificationError: The package for python located at /local/scratch/autoafids/.pixi/envs/default/pkgs/python-3.9.23-hc30ae73_0_cpython
appears to be corrupted. The path 'lib/python3.9/encodings/uu_codec.py'
specified in the package manifest cannot be found.

CondaVerificationError: The package for python located at /local/scratch/autoafids/.pixi/envs/default/pkgs/python-3.9.23-hc30ae73_0_cpython
appears to be corrupted. The path 'lib/python3.9/encodings/zlib_codec.py'
specified in the package manifest cannot be found.

CondaVerificationError: The package for python located at /local/scratch/autoafids/.pixi/envs/default/pkgs/python-3.9.23-hc30ae73_0_cpython
appears to be corrupted. The path 'lib/python3.9/ensurepip/__init__.py'
specified in the package manifest cannot be found.

CondaVerificationError: The package for python located at /local/scratch/autoafids/.pixi/envs/default/pkgs/python-3.9.23-hc30ae73_0_cpython
appears to be corrupted. The path 'lib/python3.9/ensurepip/__pycache__/__main__.cpython-39.pyc'
specified in the package manifest cannot be found.

CondaVerificationError: The package for python located at /local/scratch/autoafids/.pixi/envs/default/pkgs/python-3.9.23-hc30ae73_0_cpython
appears to be corrupted. The path 'lib/python3.9/ensurepip/_bundled/__init__.py'
specified in the package manifest cannot be found.

CondaVerificationError: The package for python located at /local/scratch/autoafids/.pixi/envs/default/pkgs/python-3.9.23-hc30ae73_0_cpython
appears to be corrupted. The path 'lib/python3.9/ensurepip/_bundled/__pycache__/__init__.cpython-39.pyc'
specified in the package manifest cannot be found.

CondaVerificationError: The package for python located at /local/scratch/autoafids/.pixi/envs/default/pkgs/python-3.9.23-hc30ae73_0_cpython
appears to be corrupted. The path 'lib/python3.9/ensurepip/_bundled/pip-23.0.1-py3-none-any.whl'
specified in the package manifest cannot be found.

CondaVerificationError: The package for python located at /local/scratch/autoafids/.pixi/envs/default/pkgs/python-3.9.23-hc30ae73_0_cpython
appears to be corrupted. The path 'lib/python3.9/enum.py'
specified in the package manifest cannot be found.

CondaVerificationError: The package for python located at /local/scratch/autoafids/.pixi/envs/default/pkgs/python-3.9.23-hc30ae73_0_cpython
appears to be corrupted. The path 'lib/python3.9/filecmp.py'
specified in the package manifest cannot be found.

CondaVerificationError: The package for python located at /local/scratch/autoafids/.pixi/envs/default/pkgs/python-3.9.23-hc30ae73_0_cpython
appears to be corrupted. The path 'lib/python3.9/fileinput.py'
specified in the package manifest cannot be found.

CondaVerificationError: The package for python located at /local/scratch/autoafids/.pixi/envs/default/pkgs/python-3.9.23-hc30ae73_0_cpython
appears to be corrupted. The path 'lib/python3.9/fnmatch.py'
specified in the package manifest cannot be found.

CondaVerificationError: The package for python located at /local/scratch/autoafids/.pixi/envs/default/pkgs/python-3.9.23-hc30ae73_0_cpython
appears to be corrupted. The path 'lib/python3.9/fractions.py'
specified in the package manifest cannot be found.

CondaVerificationError: The package for python located at /local/scratch/autoafids/.pixi/envs/default/pkgs/python-3.9.23-hc30ae73_0_cpython
appears to be corrupted. The path 'lib/python3.9/ftplib.py'
specified in the package manifest cannot be found.

CondaVerificationError: The package for python located at /local/scratch/autoafids/.pixi/envs/default/pkgs/python-3.9.23-hc30ae73_0_cpython
appears to be corrupted. The path 'lib/python3.9/functools.py'
specified in the package manifest cannot be found.

CondaVerificationError: The package for python located at /local/scratch/autoafids/.pixi/envs/default/pkgs/python-3.9.23-hc30ae73_0_cpython
appears to be corrupted. The path 'lib/python3.9/genericpath.py'
specified in the package manifest cannot be found.

CondaVerificationError: The package for python located at /local/scratch/autoafids/.pixi/envs/default/pkgs/python-3.9.23-hc30ae73_0_cpython
appears to be corrupted. The path 'lib/python3.9/graphlib.py'
specified in the package manifest cannot be found.

CondaVerificationError: The package for python located at /local/scratch/autoafids/.pixi/envs/default/pkgs/python-3.9.23-hc30ae73_0_cpython
appears to be corrupted. The path 'lib/python3.9/gzip.py'
specified in the package manifest cannot be found.

CondaVerificationError: The package for python located at /local/scratch/autoafids/.pixi/envs/default/pkgs/python-3.9.23-hc30ae73_0_cpython
appears to be corrupted. The path 'lib/python3.9/hashlib.py'
specified in the package manifest cannot be found.

CondaVerificationError: The package for python located at /local/scratch/autoafids/.pixi/envs/default/pkgs/python-3.9.23-hc30ae73_0_cpython
appears to be corrupted. The path 'lib/python3.9/heapq.py'
specified in the package manifest cannot be found.

CondaVerificationError: The package for python located at /local/scratch/autoafids/.pixi/envs/default/pkgs/python-3.9.23-hc30ae73_0_cpython
appears to be corrupted. The path 'lib/python3.9/hmac.py'
specified in the package manifest cannot be found.

CondaVerificationError: The package for python located at /local/scratch/autoafids/.pixi/envs/default/pkgs/python-3.9.23-hc30ae73_0_cpython
appears to be corrupted. The path 'lib/python3.9/html/__init__.py'
specified in the package manifest cannot be found.

CondaVerificationError: The package for python located at /local/scratch/autoafids/.pixi/envs/default/pkgs/python-3.9.23-hc30ae73_0_cpython
appears to be corrupted. The path 'lib/python3.9/html/__pycache__/__init__.cpython-39.pyc'
specified in the package manifest cannot be found.

CondaVerificationError: The package for python located at /local/scratch/autoafids/.pixi/envs/default/pkgs/python-3.9.23-hc30ae73_0_cpython
appears to be corrupted. The path 'lib/python3.9/html/__pycache__/entities.cpython-39.pyc'
specified in the package manifest cannot be found.

CondaVerificationError: The package for python located at /local/scratch/autoafids/.pixi/envs/default/pkgs/python-3.9.23-hc30ae73_0_cpython
appears to be corrupted. The path 'lib/python3.9/http/__init__.py'
specified in the package manifest cannot be found.

CondaVerificationError: The package for python located at /local/scratch/autoafids/.pixi/envs/default/pkgs/python-3.9.23-hc30ae73_0_cpython
appears to be corrupted. The path 'lib/python3.9/http/__pycache__/cookies.cpython-39.pyc'
specified in the package manifest cannot be found.

CondaVerificationError: The package for python located at /local/scratch/autoafids/.pixi/envs/default/pkgs/python-3.9.23-hc30ae73_0_cpython
appears to be corrupted. The path 'lib/python3.9/http/__pycache__/server.cpython-39.pyc'
specified in the package manifest cannot be found.

CondaVerificationError: The package for python located at /local/scratch/autoafids/.pixi/envs/default/pkgs/python-3.9.23-hc30ae73_0_cpython
appears to be corrupted. The path 'lib/python3.9/http/client.py'
specified in the package manifest cannot be found.

CondaVerificationError: The package for python located at /local/scratch/autoafids/.pixi/envs/default/pkgs/python-3.9.23-hc30ae73_0_cpython
appears to be corrupted. The path 'lib/python3.9/http/cookiejar.py'
specified in the package manifest cannot be found.

CondaVerificationError: The package for python located at /local/scratch/autoafids/.pixi/envs/default/pkgs/python-3.9.23-hc30ae73_0_cpython
appears to be corrupted. The path 'lib/python3.9/http/cookies.py'
specified in the package manifest cannot be found.

CondaVerificationError: The package for python located at /local/scratch/autoafids/.pixi/envs/default/pkgs/python-3.9.23-hc30ae73_0_cpython
appears to be corrupted. The path 'lib/python3.9/http/server.py'
specified in the package manifest cannot be found.

CondaVerificationError: The package for python located at /local/scratch/autoafids/.pixi/envs/default/pkgs/python-3.9.23-hc30ae73_0_cpython
appears to be corrupted. The path 'lib/python3.9/idlelib/CREDITS.txt'
specified in the package manifest cannot be found.

CondaVerificationError: The package for python located at /local/scratch/autoafids/.pixi/envs/default/pkgs/python-3.9.23-hc30ae73_0_cpython
appears to be corrupted. The path 'lib/python3.9/idlelib/HISTORY.txt'
specified in the package manifest cannot be found.

CondaVerificationError: The package for python located at /local/scratch/autoafids/.pixi/envs/default/pkgs/python-3.9.23-hc30ae73_0_cpython
appears to be corrupted. The path 'lib/python3.9/idlelib/Icons/README.txt'
specified in the package manifest cannot be found.

CondaVerificationError: The package for python located at /local/scratch/autoafids/.pixi/envs/default/pkgs/python-3.9.23-hc30ae73_0_cpython
appears to be corrupted. The path 'lib/python3.9/idlelib/Icons/folder.gif'
specified in the package manifest cannot be found.

CondaVerificationError: The package for python located at /local/scratch/autoafids/.pixi/envs/default/pkgs/python-3.9.23-hc30ae73_0_cpython
appears to be corrupted. The path 'lib/python3.9/idlelib/Icons/idle.ico'
specified in the package manifest cannot be found.

CondaVerificationError: The package for python located at /local/scratch/autoafids/.pixi/envs/default/pkgs/python-3.9.23-hc30ae73_0_cpython
appears to be corrupted. The path 'lib/python3.9/idlelib/Icons/idle_16.gif'
specified in the package manifest cannot be found.

CondaVerificationError: The package for python located at /local/scratch/autoafids/.pixi/envs/default/pkgs/python-3.9.23-hc30ae73_0_cpython
appears to be corrupted. The path 'lib/python3.9/idlelib/Icons/idle_16.png'
specified in the package manifest cannot be found.

CondaVerificationError: The package for python located at /local/scratch/autoafids/.pixi/envs/default/pkgs/python-3.9.23-hc30ae73_0_cpython
appears to be corrupted. The path 'lib/python3.9/idlelib/Icons/idle_256.png'
specified in the package manifest cannot be found.

CondaVerificationError: The package for python located at /local/scratch/autoafids/.pixi/envs/default/pkgs/python-3.9.23-hc30ae73_0_cpython
appears to be corrupted. The path 'lib/python3.9/idlelib/Icons/idle_32.gif'
specified in the package manifest cannot be found.

CondaVerificationError: The package for python located at /local/scratch/autoafids/.pixi/envs/default/pkgs/python-3.9.23-hc30ae73_0_cpython
appears to be corrupted. The path 'lib/python3.9/idlelib/Icons/idle_48.gif'
specified in the package manifest cannot be found.

CondaVerificationError: The package for python located at /local/scratch/autoafids/.pixi/envs/default/pkgs/python-3.9.23-hc30ae73_0_cpython
appears to be corrupted. The path 'lib/python3.9/idlelib/Icons/minusnode.gif'
specified in the package manifest cannot be found.

CondaVerificationError: The package for python located at /local/scratch/autoafids/.pixi/envs/default/pkgs/python-3.9.23-hc30ae73_0_cpython
appears to be corrupted. The path 'lib/python3.9/idlelib/Icons/openfolder.gif'
specified in the package manifest cannot be found.

CondaVerificationError: The package for python located at /local/scratch/autoafids/.pixi/envs/default/pkgs/python-3.9.23-hc30ae73_0_cpython
appears to be corrupted. The path 'lib/python3.9/idlelib/TODO.txt'
specified in the package manifest cannot be found.

CondaVerificationError: The package for python located at /local/scratch/autoafids/.pixi/envs/default/pkgs/python-3.9.23-hc30ae73_0_cpython
appears to be corrupted. The path 'lib/python3.9/idlelib/__init__.py'
specified in the package manifest cannot be found.

CondaVerificationError: The package for python located at /local/scratch/autoafids/.pixi/envs/default/pkgs/python-3.9.23-hc30ae73_0_cpython
appears to be corrupted. The path 'lib/python3.9/idlelib/__main__.py'
specified in the package manifest cannot be found.

CondaVerificationError: The package for python located at /local/scratch/autoafids/.pixi/envs/default/pkgs/python-3.9.23-hc30ae73_0_cpython
appears to be corrupted. The path 'lib/python3.9/idlelib/__pycache__/__init__.cpython-39.pyc'
specified in the package manifest cannot be found.

CondaVerificationError: The package for python located at /local/scratch/autoafids/.pixi/envs/default/pkgs/python-3.9.23-hc30ae73_0_cpython
appears to be corrupted. The path 'lib/python3.9/idlelib/__pycache__/__main__.cpython-39.pyc'
specified in the package manifest cannot be found.

CondaVerificationError: The package for python located at /local/scratch/autoafids/.pixi/envs/default/pkgs/python-3.9.23-hc30ae73_0_cpython
appears to be corrupted. The path 'lib/python3.9/idlelib/__pycache__/autocomplete.cpython-39.pyc'
specified in the package manifest cannot be found.

CondaVerificationError: The package for python located at /local/scratch/autoafids/.pixi/envs/default/pkgs/python-3.9.23-hc30ae73_0_cpython
appears to be corrupted. The path 'lib/python3.9/idlelib/__pycache__/autocomplete_w.cpython-39.pyc'
specified in the package manifest cannot be found.

CondaVerificationError: The package for python located at /local/scratch/autoafids/.pixi/envs/default/pkgs/python-3.9.23-hc30ae73_0_cpython
appears to be corrupted. The path 'lib/python3.9/idlelib/__pycache__/autoexpand.cpython-39.pyc'
specified in the package manifest cannot be found.

CondaVerificationError: The package for python located at /local/scratch/autoafids/.pixi/envs/default/pkgs/python-3.9.23-hc30ae73_0_cpython
appears to be corrupted. The path 'lib/python3.9/idlelib/__pycache__/calltip.cpython-39.pyc'
specified in the package manifest cannot be found.

CondaVerificationError: The package for python located at /local/scratch/autoafids/.pixi/envs/default/pkgs/python-3.9.23-hc30ae73_0_cpython
appears to be corrupted. The path 'lib/python3.9/idlelib/__pycache__/calltip_w.cpython-39.pyc'
specified in the package manifest cannot be found.

CondaVerificationError: The package for python located at /local/scratch/autoafids/.pixi/envs/default/pkgs/python-3.9.23-hc30ae73_0_cpython
appears to be corrupted. The path 'lib/python3.9/idlelib/__pycache__/colorizer.cpython-39.pyc'
specified in the package manifest cannot be found.

CondaVerificationError: The package for python located at /local/scratch/autoafids/.pixi/envs/default/pkgs/python-3.9.23-hc30ae73_0_cpython
appears to be corrupted. The path 'lib/python3.9/idlelib/__pycache__/config.cpython-39.pyc'
specified in the package manifest cannot be found.

CondaVerificationError: The package for python located at /local/scratch/autoafids/.pixi/envs/default/pkgs/python-3.9.23-hc30ae73_0_cpython
appears to be corrupted. The path 'lib/python3.9/idlelib/__pycache__/config_key.cpython-39.pyc'
specified in the package manifest cannot be found.

CondaVerificationError: The package for python located at /local/scratch/autoafids/.pixi/envs/default/pkgs/python-3.9.23-hc30ae73_0_cpython
appears to be corrupted. The path 'lib/python3.9/idlelib/__pycache__/configdialog.cpython-39.pyc'
specified in the package manifest cannot be found.

CondaVerificationError: The package for python located at /local/scratch/autoafids/.pixi/envs/default/pkgs/python-3.9.23-hc30ae73_0_cpython
appears to be corrupted. The path 'lib/python3.9/idlelib/__pycache__/debugger_r.cpython-39.pyc'
specified in the package manifest cannot be found.

CondaVerificationError: The package for python located at /local/scratch/autoafids/.pixi/envs/default/pkgs/python-3.9.23-hc30ae73_0_cpython
appears to be corrupted. The path 'lib/python3.9/idlelib/__pycache__/delegator.cpython-39.pyc'
specified in the package manifest cannot be found.

CondaVerificationError: The package for python located at /local/scratch/autoafids/.pixi/envs/default/pkgs/python-3.9.23-hc30ae73_0_cpython
appears to be corrupted. The path 'lib/python3.9/idlelib/__pycache__/dynoption.cpython-39.pyc'
specified in the package manifest cannot be found.

CondaVerificationError: The package for python located at /local/scratch/autoafids/.pixi/envs/default/pkgs/python-3.9.23-hc30ae73_0_cpython
appears to be corrupted. The path 'lib/python3.9/idlelib/__pycache__/editor.cpython-39.pyc'
specified in the package manifest cannot be found.

CondaVerificationError: The package for python located at /local/scratch/autoafids/.pixi/envs/default/pkgs/python-3.9.23-hc30ae73_0_cpython
appears to be corrupted. The path 'lib/python3.9/idlelib/__pycache__/format.cpython-39.pyc'
specified in the package manifest cannot be found.

CondaVerificationError: The package for python located at /local/scratch/autoafids/.pixi/envs/default/pkgs/python-3.9.23-hc30ae73_0_cpython
appears to be corrupted. The path 'lib/python3.9/idlelib/__pycache__/grep.cpython-39.pyc'
specified in the package manifest cannot be found.

CondaVerificationError: The package for python located at /local/scratch/autoafids/.pixi/envs/default/pkgs/python-3.9.23-hc30ae73_0_cpython
appears to be corrupted. The path 'lib/python3.9/idlelib/__pycache__/help.cpython-39.pyc'
specified in the package manifest cannot be found.

CondaVerificationError: The package for python located at /local/scratch/autoafids/.pixi/envs/default/pkgs/python-3.9.23-hc30ae73_0_cpython
appears to be corrupted. The path 'lib/python3.9/idlelib/__pycache__/help_about.cpython-39.pyc'
specified in the package manifest cannot be found.

CondaVerificationError: The package for python located at /local/scratch/autoafids/.pixi/envs/default/pkgs/python-3.9.23-hc30ae73_0_cpython
appears to be corrupted. The path 'lib/python3.9/idlelib/__pycache__/hyperparser.cpython-39.pyc'
specified in the package manifest cannot be found.

CondaVerificationError: The package for python located at /local/scratch/autoafids/.pixi/envs/default/pkgs/python-3.9.23-hc30ae73_0_cpython
appears to be corrupted. The path 'lib/python3.9/idlelib/__pycache__/iomenu.cpython-39.pyc'
specified in the package manifest cannot be found.

CondaVerificationError: The package for python located at /local/scratch/autoafids/.pixi/envs/default/pkgs/python-3.9.23-hc30ae73_0_cpython
appears to be corrupted. The path 'lib/python3.9/idlelib/__pycache__/mainmenu.cpython-39.pyc'
specified in the package manifest cannot be found.

CondaVerificationError: The package for python located at /local/scratch/autoafids/.pixi/envs/default/pkgs/python-3.9.23-hc30ae73_0_cpython
appears to be corrupted. The path 'lib/python3.9/idlelib/__pycache__/multicall.cpython-39.pyc'
specified in the package manifest cannot be found.

CondaVerificationError: The package for python located at /local/scratch/autoafids/.pixi/envs/default/pkgs/python-3.9.23-hc30ae73_0_cpython
appears to be corrupted. The path 'lib/python3.9/idlelib/__pycache__/outwin.cpython-39.pyc'
specified in the package manifest cannot be found.

CondaVerificationError: The package for python located at /local/scratch/autoafids/.pixi/envs/default/pkgs/python-3.9.23-hc30ae73_0_cpython
appears to be corrupted. The path 'lib/python3.9/idlelib/__pycache__/parenmatch.cpython-39.pyc'
specified in the package manifest cannot be found.

CondaVerificationError: The package for python located at /local/scratch/autoafids/.pixi/envs/default/pkgs/python-3.9.23-hc30ae73_0_cpython
appears to be corrupted. The path 'lib/python3.9/idlelib/__pycache__/pyparse.cpython-39.pyc'
specified in the package manifest cannot be found.

CondaVerificationError: The package for python located at /local/scratch/autoafids/.pixi/envs/default/pkgs/python-3.9.23-hc30ae73_0_cpython
appears to be corrupted. The path 'lib/python3.9/idlelib/__pycache__/pyshell.cpython-39.pyc'
specified in the package manifest cannot be found.

CondaVerificationError: The package for python located at /local/scratch/autoafids/.pixi/envs/default/pkgs/python-3.9.23-hc30ae73_0_cpython
appears to be corrupted. The path 'lib/python3.9/idlelib/__pycache__/redirector.cpython-39.pyc'
specified in the package manifest cannot be found.

CondaVerificationError: The package for python located at /local/scratch/autoafids/.pixi/envs/default/pkgs/python-3.9.23-hc30ae73_0_cpython
appears to be corrupted. The path 'lib/python3.9/idlelib/__pycache__/replace.cpython-39.pyc'
specified in the package manifest cannot be found.

CondaVerificationError: The package for python located at /local/scratch/autoafids/.pixi/envs/default/pkgs/python-3.9.23-hc30ae73_0_cpython
appears to be corrupted. The path 'lib/python3.9/idlelib/__pycache__/rpc.cpython-39.pyc'
specified in the package manifest cannot be found.

CondaVerificationError: The package for python located at /local/scratch/autoafids/.pixi/envs/default/pkgs/python-3.9.23-hc30ae73_0_cpython
appears to be corrupted. The path 'lib/python3.9/idlelib/__pycache__/searchbase.cpython-39.pyc'
specified in the package manifest cannot be found.

CondaVerificationError: The package for python located at /local/scratch/autoafids/.pixi/envs/default/pkgs/python-3.9.23-hc30ae73_0_cpython
appears to be corrupted. The path 'lib/python3.9/idlelib/__pycache__/searchengine.cpython-39.pyc'
specified in the package manifest cannot be found.

CondaVerificationError: The package for python located at /local/scratch/autoafids/.pixi/envs/default/pkgs/python-3.9.23-hc30ae73_0_cpython
appears to be corrupted. The path 'lib/python3.9/idlelib/__pycache__/sidebar.cpython-39.pyc'
specified in the package manifest cannot be found.

CondaVerificationError: The package for python located at /local/scratch/autoafids/.pixi/envs/default/pkgs/python-3.9.23-hc30ae73_0_cpython
appears to be corrupted. The path 'lib/python3.9/idlelib/__pycache__/squeezer.cpython-39.pyc'
specified in the package manifest cannot be found.

CondaVerificationError: The package for python located at /local/scratch/autoafids/.pixi/envs/default/pkgs/python-3.9.23-hc30ae73_0_cpython
appears to be corrupted. The path 'lib/python3.9/idlelib/__pycache__/stackviewer.cpython-39.pyc'
specified in the package manifest cannot be found.

CondaVerificationError: The package for python located at /local/scratch/autoafids/.pixi/envs/default/pkgs/python-3.9.23-hc30ae73_0_cpython
appears to be corrupted. The path 'lib/python3.9/idlelib/__pycache__/statusbar.cpython-39.pyc'
specified in the package manifest cannot be found.

CondaVerificationError: The package for python located at /local/scratch/autoafids/.pixi/envs/default/pkgs/python-3.9.23-hc30ae73_0_cpython
appears to be corrupted. The path 'lib/python3.9/idlelib/__pycache__/textview.cpython-39.pyc'
specified in the package manifest cannot be found.

CondaVerificationError: The package for python located at /local/scratch/autoafids/.pixi/envs/default/pkgs/python-3.9.23-hc30ae73_0_cpython
appears to be corrupted. The path 'lib/python3.9/idlelib/__pycache__/tooltip.cpython-39.pyc'
specified in the package manifest cannot be found.

CondaVerificationError: The package for python located at /local/scratch/autoafids/.pixi/envs/default/pkgs/python-3.9.23-hc30ae73_0_cpython
appears to be corrupted. The path 'lib/python3.9/idlelib/__pycache__/tree.cpython-39.pyc'
specified in the package manifest cannot be found.

CondaVerificationError: The package for python located at /local/scratch/autoafids/.pixi/envs/default/pkgs/python-3.9.23-hc30ae73_0_cpython
appears to be corrupted. The path 'lib/python3.9/idlelib/__pycache__/window.cpython-39.pyc'
specified in the package manifest cannot be found.

CondaVerificationError: The package for python located at /local/scratch/autoafids/.pixi/envs/default/pkgs/python-3.9.23-hc30ae73_0_cpython
appears to be corrupted. The path 'lib/python3.9/idlelib/__pycache__/zoomheight.cpython-39.pyc'
specified in the package manifest cannot be found.

CondaVerificationError: The package for python located at /local/scratch/autoafids/.pixi/envs/default/pkgs/python-3.9.23-hc30ae73_0_cpython
appears to be corrupted. The path 'lib/python3.9/idlelib/autocomplete.py'
specified in the package manifest cannot be found.

CondaVerificationError: The package for python located at /local/scratch/autoafids/.pixi/envs/default/pkgs/python-3.9.23-hc30ae73_0_cpython
appears to be corrupted. The path 'lib/python3.9/idlelib/autoexpand.py'
specified in the package manifest cannot be found.

CondaVerificationError: The package for python located at /local/scratch/autoafids/.pixi/envs/default/pkgs/python-3.9.23-hc30ae73_0_cpython
appears to be corrupted. The path 'lib/python3.9/idlelib/browser.py'
specified in the package manifest cannot be found.

CondaVerificationError: The package for python located at /local/scratch/autoafids/.pixi/envs/default/pkgs/python-3.9.23-hc30ae73_0_cpython
appears to be corrupted. The path 'lib/python3.9/idlelib/calltip.py'
specified in the package manifest cannot be found.

CondaVerificationError: The package for python located at /local/scratch/autoafids/.pixi/envs/default/pkgs/python-3.9.23-hc30ae73_0_cpython
appears to be corrupted. The path 'lib/python3.9/idlelib/calltip_w.py'
specified in the package manifest cannot be found.

CondaVerificationError: The package for python located at /local/scratch/autoafids/.pixi/envs/default/pkgs/python-3.9.23-hc30ae73_0_cpython
appears to be corrupted. The path 'lib/python3.9/idlelib/codecontext.py'
specified in the package manifest cannot be found.

CondaVerificationError: The package for python located at /local/scratch/autoafids/.pixi/envs/default/pkgs/python-3.9.23-hc30ae73_0_cpython
appears to be corrupted. The path 'lib/python3.9/idlelib/colorizer.py'
specified in the package manifest cannot be found.

CondaVerificationError: The package for python located at /local/scratch/autoafids/.pixi/envs/default/pkgs/python-3.9.23-hc30ae73_0_cpython
appears to be corrupted. The path 'lib/python3.9/idlelib/config-highlight.def'
specified in the package manifest cannot be found.

CondaVerificationError: The package for python located at /local/scratch/autoafids/.pixi/envs/default/pkgs/python-3.9.23-hc30ae73_0_cpython
appears to be corrupted. The path 'lib/python3.9/idlelib/config-keys.def'
specified in the package manifest cannot be found.

CondaVerificationError: The package for python located at /local/scratch/autoafids/.pixi/envs/default/pkgs/python-3.9.23-hc30ae73_0_cpython
appears to be corrupted. The path 'lib/python3.9/idlelib/config-main.def'
specified in the package manifest cannot be found.

CondaVerificationError: The package for python located at /local/scratch/autoafids/.pixi/envs/default/pkgs/python-3.9.23-hc30ae73_0_cpython
appears to be corrupted. The path 'lib/python3.9/idlelib/config_key.py'
specified in the package manifest cannot be found.

CondaVerificationError: The package for python located at /local/scratch/autoafids/.pixi/envs/default/pkgs/python-3.9.23-hc30ae73_0_cpython
appears to be corrupted. The path 'lib/python3.9/idlelib/debugger.py'
specified in the package manifest cannot be found.

CondaVerificationError: The package for python located at /local/scratch/autoafids/.pixi/envs/default/pkgs/python-3.9.23-hc30ae73_0_cpython
appears to be corrupted. The path 'lib/python3.9/idlelib/debugobj_r.py'
specified in the package manifest cannot be found.

CondaVerificationError: The package for python located at /local/scratch/autoafids/.pixi/envs/default/pkgs/python-3.9.23-hc30ae73_0_cpython
appears to be corrupted. The path 'lib/python3.9/idlelib/delegator.py'
specified in the package manifest cannot be found.

CondaVerificationError: The package for python located at /local/scratch/autoafids/.pixi/envs/default/pkgs/python-3.9.23-hc30ae73_0_cpython
appears to be corrupted. The path 'lib/python3.9/idlelib/dynoption.py'
specified in the package manifest cannot be found.

CondaVerificationError: The package for python located at /local/scratch/autoafids/.pixi/envs/default/pkgs/python-3.9.23-hc30ae73_0_cpython
appears to be corrupted. The path 'lib/python3.9/idlelib/editor.py'
specified in the package manifest cannot be found.

CondaVerificationError: The package for python located at /local/scratch/autoafids/.pixi/envs/default/pkgs/python-3.9.23-hc30ae73_0_cpython
appears to be corrupted. The path 'lib/python3.9/idlelib/extend.txt'
specified in the package manifest cannot be found.

CondaVerificationError: The package for python located at /local/scratch/autoafids/.pixi/envs/default/pkgs/python-3.9.23-hc30ae73_0_cpython
appears to be corrupted. The path 'lib/python3.9/idlelib/filelist.py'
specified in the package manifest cannot be found.

CondaVerificationError: The package for python located at /local/scratch/autoafids/.pixi/envs/default/pkgs/python-3.9.23-hc30ae73_0_cpython
appears to be corrupted. The path 'lib/python3.9/idlelib/format.py'
specified in the package manifest cannot be found.

CondaVerificationError: The package for python located at /local/scratch/autoafids/.pixi/envs/default/pkgs/python-3.9.23-hc30ae73_0_cpython
appears to be corrupted. The path 'lib/python3.9/idlelib/grep.py'
specified in the package manifest cannot be found.

CondaVerificationError: The package for python located at /local/scratch/autoafids/.pixi/envs/default/pkgs/python-3.9.23-hc30ae73_0_cpython
appears to be corrupted. The path 'lib/python3.9/idlelib/hyperparser.py'
specified in the package manifest cannot be found.

CondaVerificationError: The package for python located at /local/scratch/autoafids/.pixi/envs/default/pkgs/python-3.9.23-hc30ae73_0_cpython
appears to be corrupted. The path 'lib/python3.9/idlelib/idle.bat'
specified in the package manifest cannot be found.

CondaVerificationError: The package for python located at /local/scratch/autoafids/.pixi/envs/default/pkgs/python-3.9.23-hc30ae73_0_cpython
appears to be corrupted. The path 'lib/python3.9/idlelib/idle.py'
specified in the package manifest cannot be found.

CondaVerificationError: The package for python located at /local/scratch/autoafids/.pixi/envs/default/pkgs/python-3.9.23-hc30ae73_0_cpython
appears to be corrupted. The path 'lib/python3.9/idlelib/idle_test/__init__.py'
specified in the package manifest cannot be found.

CondaVerificationError: The package for python located at /local/scratch/autoafids/.pixi/envs/default/pkgs/python-3.9.23-hc30ae73_0_cpython
appears to be corrupted. The path 'lib/python3.9/idlelib/idle_test/__pycache__/__init__.cpython-39.pyc'
specified in the package manifest cannot be found.

CondaVerificationError: The package for python located at /local/scratch/autoafids/.pixi/envs/default/pkgs/python-3.9.23-hc30ae73_0_cpython
appears to be corrupted. The path 'lib/python3.9/idlelib/idle_test/__pycache__/htest.cpython-39.pyc'
specified in the package manifest cannot be found.

CondaVerificationError: The package for python located at /local/scratch/autoafids/.pixi/envs/default/pkgs/python-3.9.23-hc30ae73_0_cpython
appears to be corrupted. The path 'lib/python3.9/idlelib/idle_test/__pycache__/mock_idle.cpython-39.pyc'
specified in the package manifest cannot be found.

CondaVerificationError: The package for python located at /local/scratch/autoafids/.pixi/envs/default/pkgs/python-3.9.23-hc30ae73_0_cpython
appears to be corrupted. The path 'lib/python3.9/idlelib/idle_test/__pycache__/mock_tk.cpython-39.pyc'
specified in the package manifest cannot be found.

CondaVerificationError: The package for python located at /local/scratch/autoafids/.pixi/envs/default/pkgs/python-3.9.23-hc30ae73_0_cpython
appears to be corrupted. The path 'lib/python3.9/idlelib/idle_test/__pycache__/template.cpython-39.pyc'
specified in the package manifest cannot be found.

CondaVerificationError: The package for python located at /local/scratch/autoafids/.pixi/envs/default/pkgs/python-3.9.23-hc30ae73_0_cpython
appears to be corrupted. The path 'lib/python3.9/idlelib/idle_test/__pycache__/test_autocomplete.cpython-39.pyc'
specified in the package manifest cannot be found.

CondaVerificationError: The package for python located at /local/scratch/autoafids/.pixi/envs/default/pkgs/python-3.9.23-hc30ae73_0_cpython
appears to be corrupted. The path 'lib/python3.9/idlelib/idle_test/__pycache__/test_autocomplete_w.cpython-39.pyc'
specified in the package manifest cannot be found.

CondaVerificationError: The package for python located at /local/scratch/autoafids/.pixi/envs/default/pkgs/python-3.9.23-hc30ae73_0_cpython
appears to be corrupted. The path 'lib/python3.9/idlelib/idle_test/__pycache__/test_autoexpand.cpython-39.pyc'
specified in the package manifest cannot be found.

CondaVerificationError: The package for python located at /local/scratch/autoafids/.pixi/envs/default/pkgs/python-3.9.23-hc30ae73_0_cpython
appears to be corrupted. The path 'lib/python3.9/idlelib/idle_test/__pycache__/test_browser.cpython-39.pyc'
specified in the package manifest cannot be found.

CondaVerificationError: The package for python located at /local/scratch/autoafids/.pixi/envs/default/pkgs/python-3.9.23-hc30ae73_0_cpython
appears to be corrupted. The path 'lib/python3.9/idlelib/idle_test/__pycache__/test_calltip.cpython-39.pyc'
specified in the package manifest cannot be found.

CondaVerificationError: The package for python located at /local/scratch/autoafids/.pixi/envs/default/pkgs/python-3.9.23-hc30ae73_0_cpython
appears to be corrupted. The path 'lib/python3.9/idlelib/idle_test/__pycache__/test_calltip_w.cpython-39.pyc'
specified in the package manifest cannot be found.

CondaVerificationError: The package for python located at /local/scratch/autoafids/.pixi/envs/default/pkgs/python-3.9.23-hc30ae73_0_cpython
appears to be corrupted. The path 'lib/python3.9/idlelib/idle_test/__pycache__/test_codecontext.cpython-39.pyc'
specified in the package manifest cannot be found.

CondaVerificationError: The package for python located at /local/scratch/autoafids/.pixi/envs/default/pkgs/python-3.9.23-hc30ae73_0_cpython
appears to be corrupted. The path 'lib/python3.9/idlelib/idle_test/__pycache__/test_colorizer.cpython-39.pyc'
specified in the package manifest cannot be found.

CondaVerificationError: The package for python located at /local/scratch/autoafids/.pixi/envs/default/pkgs/python-3.9.23-hc30ae73_0_cpython
appears to be corrupted. The path 'lib/python3.9/idlelib/idle_test/__pycache__/test_config.cpython-39.pyc'
specified in the package manifest cannot be found.

CondaVerificationError: The package for python located at /local/scratch/autoafids/.pixi/envs/default/pkgs/python-3.9.23-hc30ae73_0_cpython
appears to be corrupted. The path 'lib/python3.9/idlelib/idle_test/__pycache__/test_config_key.cpython-39.pyc'
specified in the package manifest cannot be found.

CondaVerificationError: The package for python located at /local/scratch/autoafids/.pixi/envs/default/pkgs/python-3.9.23-hc30ae73_0_cpython
appears to be corrupted. The path 'lib/python3.9/idlelib/idle_test/__pycache__/test_debugger.cpython-39.pyc'
specified in the package manifest cannot be found.

CondaVerificationError: The package for python located at /local/scratch/autoafids/.pixi/envs/default/pkgs/python-3.9.23-hc30ae73_0_cpython
appears to be corrupted. The path 'lib/python3.9/idlelib/idle_test/__pycache__/test_debugger_r.cpython-39.pyc'
specified in the package manifest cannot be found.

CondaVerificationError: The package for python located at /local/scratch/autoafids/.pixi/envs/default/pkgs/python-3.9.23-hc30ae73_0_cpython
appears to be corrupted. The path 'lib/python3.9/idlelib/idle_test/__pycache__/test_debugobj.cpython-39.pyc'
specified in the package manifest cannot be found.

CondaVerificationError: The package for python located at /local/scratch/autoafids/.pixi/envs/default/pkgs/python-3.9.23-hc30ae73_0_cpython
appears to be corrupted. The path 'lib/python3.9/idlelib/idle_test/__pycache__/test_debugobj_r.cpython-39.pyc'
specified in the package manifest cannot be found.

CondaVerificationError: The package for python located at /local/scratch/autoafids/.pixi/envs/default/pkgs/python-3.9.23-hc30ae73_0_cpython
appears to be corrupted. The path 'lib/python3.9/idlelib/idle_test/__pycache__/test_editor.cpython-39.pyc'
specified in the package manifest cannot be found.

CondaVerificationError: The package for python located at /local/scratch/autoafids/.pixi/envs/default/pkgs/python-3.9.23-hc30ae73_0_cpython
appears to be corrupted. The path 'lib/python3.9/idlelib/idle_test/__pycache__/test_filelist.cpython-39.pyc'
specified in the package manifest cannot be found.

CondaVerificationError: The package for python located at /local/scratch/autoafids/.pixi/envs/default/pkgs/python-3.9.23-hc30ae73_0_cpython
appears to be corrupted. The path 'lib/python3.9/idlelib/idle_test/__pycache__/test_help.cpython-39.pyc'
specified in the package manifest cannot be found.

CondaVerificationError: The package for python located at /local/scratch/autoafids/.pixi/envs/default/pkgs/python-3.9.23-hc30ae73_0_cpython
appears to be corrupted. The path 'lib/python3.9/idlelib/idle_test/__pycache__/test_help_about.cpython-39.pyc'
specified in the package manifest cannot be found.

CondaVerificationError: The package for python located at /local/scratch/autoafids/.pixi/envs/default/pkgs/python-3.9.23-hc30ae73_0_cpython
appears to be corrupted. The path 'lib/python3.9/idlelib/idle_test/__pycache__/test_history.cpython-39.pyc'
specified in the package manifest cannot be found.

CondaVerificationError: The package for python located at /local/scratch/autoafids/.pixi/envs/default/pkgs/python-3.9.23-hc30ae73_0_cpython
appears to be corrupted. The path 'lib/python3.9/idlelib/idle_test/__pycache__/test_hyperparser.cpython-39.pyc'
specified in the package manifest cannot be found.

CondaVerificationError: The package for python located at /local/scratch/autoafids/.pixi/envs/default/pkgs/python-3.9.23-hc30ae73_0_cpython
appears to be corrupted. The path 'lib/python3.9/idlelib/idle_test/__pycache__/test_iomenu.cpython-39.pyc'
specified in the package manifest cannot be found.

CondaVerificationError: The package for python located at /local/scratch/autoafids/.pixi/envs/default/pkgs/python-3.9.23-hc30ae73_0_cpython
appears to be corrupted. The path 'lib/python3.9/idlelib/idle_test/__pycache__/test_mainmenu.cpython-39.pyc'
specified in the package manifest cannot be found.

CondaVerificationError: The package for python located at /local/scratch/autoafids/.pixi/envs/default/pkgs/python-3.9.23-hc30ae73_0_cpython
appears to be corrupted. The path 'lib/python3.9/idlelib/idle_test/__pycache__/test_multicall.cpython-39.pyc'
specified in the package manifest cannot be found.

CondaVerificationError: The package for python located at /local/scratch/autoafids/.pixi/envs/default/pkgs/python-3.9.23-hc30ae73_0_cpython
appears to be corrupted. The path 'lib/python3.9/idlelib/idle_test/__pycache__/test_parenmatch.cpython-39.pyc'
specified in the package manifest cannot be found.

CondaVerificationError: The package for python located at /local/scratch/autoafids/.pixi/envs/default/pkgs/python-3.9.23-hc30ae73_0_cpython
appears to be corrupted. The path 'lib/python3.9/idlelib/idle_test/__pycache__/test_pathbrowser.cpython-39.pyc'
specified in the package manifest cannot be found.

CondaVerificationError: The package for python located at /local/scratch/autoafids/.pixi/envs/default/pkgs/python-3.9.23-hc30ae73_0_cpython
appears to be corrupted. The path 'lib/python3.9/idlelib/idle_test/__pycache__/test_percolator.cpython-39.pyc'
specified in the package manifest cannot be found.

CondaVerificationError: The package for python located at /local/scratch/autoafids/.pixi/envs/default/pkgs/python-3.9.23-hc30ae73_0_cpython
appears to be corrupted. The path 'lib/python3.9/idlelib/idle_test/__pycache__/test_pyshell.cpython-39.pyc'
specified in the package manifest cannot be found.

CondaVerificationError: The package for python located at /local/scratch/autoafids/.pixi/envs/default/pkgs/python-3.9.23-hc30ae73_0_cpython
appears to be corrupted. The path 'lib/python3.9/idlelib/idle_test/__pycache__/test_query.cpython-39.pyc'
specified in the package manifest cannot be found.

CondaVerificationError: The package for python located at /local/scratch/autoafids/.pixi/envs/default/pkgs/python-3.9.23-hc30ae73_0_cpython
appears to be corrupted. The path 'lib/python3.9/idlelib/idle_test/__pycache__/test_redirector.cpython-39.pyc'
specified in the package manifest cannot be found.

CondaVerificationError: The package for python located at /local/scratch/autoafids/.pixi/envs/default/pkgs/python-3.9.23-hc30ae73_0_cpython
appears to be corrupted. The path 'lib/python3.9/idlelib/idle_test/__pycache__/test_run.cpython-39.pyc'
specified in the package manifest cannot be found.

CondaVerificationError: The package for python located at /local/scratch/autoafids/.pixi/envs/default/pkgs/python-3.9.23-hc30ae73_0_cpython
appears to be corrupted. The path 'lib/python3.9/idlelib/idle_test/__pycache__/test_search.cpython-39.pyc'
specified in the package manifest cannot be found.

CondaVerificationError: The package for python located at /local/scratch/autoafids/.pixi/envs/default/pkgs/python-3.9.23-hc30ae73_0_cpython
appears to be corrupted. The path 'lib/python3.9/idlelib/idle_test/__pycache__/test_sidebar.cpython-39.pyc'
specified in the package manifest cannot be found.

CondaVerificationError: The package for python located at /local/scratch/autoafids/.pixi/envs/default/pkgs/python-3.9.23-hc30ae73_0_cpython
appears to be corrupted. The path 'lib/python3.9/idlelib/idle_test/__pycache__/test_stackviewer.cpython-39.pyc'
specified in the package manifest cannot be found.

CondaVerificationError: The package for python located at /local/scratch/autoafids/.pixi/envs/default/pkgs/python-3.9.23-hc30ae73_0_cpython
appears to be corrupted. The path 'lib/python3.9/idlelib/idle_test/__pycache__/test_statusbar.cpython-39.pyc'
specified in the package manifest cannot be found.

CondaVerificationError: The package for python located at /local/scratch/autoafids/.pixi/envs/default/pkgs/python-3.9.23-hc30ae73_0_cpython
appears to be corrupted. The path 'lib/python3.9/idlelib/idle_test/__pycache__/test_text.cpython-39.pyc'
specified in the package manifest cannot be found.

CondaVerificationError: The package for python located at /local/scratch/autoafids/.pixi/envs/default/pkgs/python-3.9.23-hc30ae73_0_cpython
appears to be corrupted. The path 'lib/python3.9/idlelib/idle_test/__pycache__/test_textview.cpython-39.pyc'
specified in the package manifest cannot be found.

CondaVerificationError: The package for python located at /local/scratch/autoafids/.pixi/envs/default/pkgs/python-3.9.23-hc30ae73_0_cpython
appears to be corrupted. The path 'lib/python3.9/idlelib/idle_test/__pycache__/test_tooltip.cpython-39.pyc'
specified in the package manifest cannot be found.

CondaVerificationError: The package for python located at /local/scratch/autoafids/.pixi/envs/default/pkgs/python-3.9.23-hc30ae73_0_cpython
appears to be corrupted. The path 'lib/python3.9/idlelib/idle_test/__pycache__/test_tree.cpython-39.pyc'
specified in the package manifest cannot be found.

CondaVerificationError: The package for python located at /local/scratch/autoafids/.pixi/envs/default/pkgs/python-3.9.23-hc30ae73_0_cpython
appears to be corrupted. The path 'lib/python3.9/idlelib/idle_test/__pycache__/test_undo.cpython-39.pyc'
specified in the package manifest cannot be found.

CondaVerificationError: The package for python located at /local/scratch/autoafids/.pixi/envs/default/pkgs/python-3.9.23-hc30ae73_0_cpython
appears to be corrupted. The path 'lib/python3.9/idlelib/idle_test/__pycache__/test_util.cpython-39.pyc'
specified in the package manifest cannot be found.

CondaVerificationError: The package for python located at /local/scratch/autoafids/.pixi/envs/default/pkgs/python-3.9.23-hc30ae73_0_cpython
appears to be corrupted. The path 'lib/python3.9/idlelib/idle_test/__pycache__/test_window.cpython-39.pyc'
specified in the package manifest cannot be found.

CondaVerificationError: The package for python located at /local/scratch/autoafids/.pixi/envs/default/pkgs/python-3.9.23-hc30ae73_0_cpython
appears to be corrupted. The path 'lib/python3.9/idlelib/idle_test/example_stub.pyi'
specified in the package manifest cannot be found.

CondaVerificationError: The package for python located at /local/scratch/autoafids/.pixi/envs/default/pkgs/python-3.9.23-hc30ae73_0_cpython
appears to be corrupted. The path 'lib/python3.9/idlelib/idle_test/mock_idle.py'
specified in the package manifest cannot be found.

CondaVerificationError: The package for python located at /local/scratch/autoafids/.pixi/envs/default/pkgs/python-3.9.23-hc30ae73_0_cpython
appears to be corrupted. The path 'lib/python3.9/idlelib/idle_test/template.py'
specified in the package manifest cannot be found.

CondaVerificationError: The package for python located at /local/scratch/autoafids/.pixi/envs/default/pkgs/python-3.9.23-hc30ae73_0_cpython
appears to be corrupted. The path 'lib/python3.9/idlelib/idle_test/test_autocomplete.py'
specified in the package manifest cannot be found.

CondaVerificationError: The package for python located at /local/scratch/autoafids/.pixi/envs/default/pkgs/python-3.9.23-hc30ae73_0_cpython
appears to be corrupted. The path 'lib/python3.9/idlelib/idle_test/test_browser.py'
specified in the package manifest cannot be found.

CondaVerificationError: The package for python located at /local/scratch/autoafids/.pixi/envs/default/pkgs/python-3.9.23-hc30ae73_0_cpython
appears to be corrupted. The path 'lib/python3.9/idlelib/idle_test/test_calltip.py'
specified in the package manifest cannot be found.

CondaVerificationError: The package for python located at /local/scratch/autoafids/.pixi/envs/default/pkgs/python-3.9.23-hc30ae73_0_cpython
appears to be corrupted. The path 'lib/python3.9/idlelib/idle_test/test_calltip_w.py'
specified in the package manifest cannot be found.

CondaVerificationError: The package for python located at /local/scratch/autoafids/.pixi/envs/default/pkgs/python-3.9.23-hc30ae73_0_cpython
appears to be corrupted. The path 'lib/python3.9/idlelib/idle_test/test_codecontext.py'
specified in the package manifest cannot be found.

CondaVerificationError: The package for python located at /local/scratch/autoafids/.pixi/envs/default/pkgs/python-3.9.23-hc30ae73_0_cpython
appears to be corrupted. The path 'lib/python3.9/idlelib/idle_test/test_colorizer.py'
specified in the package manifest cannot be found.

CondaVerificationError: The package for python located at /local/scratch/autoafids/.pixi/envs/default/pkgs/python-3.9.23-hc30ae73_0_cpython
appears to be corrupted. The path 'lib/python3.9/idlelib/idle_test/test_config_key.py'
specified in the package manifest cannot be found.

CondaVerificationError: The package for python located at /local/scratch/autoafids/.pixi/envs/default/pkgs/python-3.9.23-hc30ae73_0_cpython
appears to be corrupted. The path 'lib/python3.9/idlelib/idle_test/test_configdialog.py'
specified in the package manifest cannot be found.

CondaVerificationError: The package for python located at /local/scratch/autoafids/.pixi/envs/default/pkgs/python-3.9.23-hc30ae73_0_cpython
appears to be corrupted. The path 'lib/python3.9/idlelib/idle_test/test_debugger.py'
specified in the package manifest cannot be found.

CondaVerificationError: The package for python located at /local/scratch/autoafids/.pixi/envs/default/pkgs/python-3.9.23-hc30ae73_0_cpython
appears to be corrupted. The path 'lib/python3.9/idlelib/idle_test/test_debugger_r.py'
specified in the package manifest cannot be found.

CondaVerificationError: The package for python located at /local/scratch/autoafids/.pixi/envs/default/pkgs/python-3.9.23-hc30ae73_0_cpython
appears to be corrupted. The path 'lib/python3.9/idlelib/idle_test/test_debugobj.py'
specified in the package manifest cannot be found.

CondaVerificationError: The package for python located at /local/scratch/autoafids/.pixi/envs/default/pkgs/python-3.9.23-hc30ae73_0_cpython
appears to be corrupted. The path 'lib/python3.9/idlelib/idle_test/test_delegator.py'
specified in the package manifest cannot be found.

CondaVerificationError: The package for python located at /local/scratch/autoafids/.pixi/envs/default/pkgs/python-3.9.23-hc30ae73_0_cpython
appears to be corrupted. The path 'lib/python3.9/idlelib/idle_test/test_editmenu.py'
specified in the package manifest cannot be found.

CondaVerificationError: The package for python located at /local/scratch/autoafids/.pixi/envs/default/pkgs/python-3.9.23-hc30ae73_0_cpython
appears to be corrupted. The path 'lib/python3.9/idlelib/idle_test/test_filelist.py'
specified in the package manifest cannot be found.

CondaVerificationError: The package for python located at /local/scratch/autoafids/.pixi/envs/default/pkgs/python-3.9.23-hc30ae73_0_cpython
appears to be corrupted. The path 'lib/python3.9/idlelib/idle_test/test_grep.py'
specified in the package manifest cannot be found.

CondaVerificationError: The package for python located at /local/scratch/autoafids/.pixi/envs/default/pkgs/python-3.9.23-hc30ae73_0_cpython
appears to be corrupted. The path 'lib/python3.9/idlelib/idle_test/test_help.py'
specified in the package manifest cannot be found.

CondaVerificationError: The package for python located at /local/scratch/autoafids/.pixi/envs/default/pkgs/python-3.9.23-hc30ae73_0_cpython
appears to be corrupted. The path 'lib/python3.9/idlelib/idle_test/test_help_about.py'
specified in the package manifest cannot be found.

CondaVerificationError: The package for python located at /local/scratch/autoafids/.pixi/envs/default/pkgs/python-3.9.23-hc30ae73_0_cpython
appears to be corrupted. The path 'lib/python3.9/idlelib/idle_test/test_history.py'
specified in the package manifest cannot be found.

CondaVerificationError: The package for python located at /local/scratch/autoafids/.pixi/envs/default/pkgs/python-3.9.23-hc30ae73_0_cpython
appears to be corrupted. The path 'lib/python3.9/idlelib/idle_test/test_iomenu.py'
specified in the package manifest cannot be found.

CondaVerificationError: The package for python located at /local/scratch/autoafids/.pixi/envs/default/pkgs/python-3.9.23-hc30ae73_0_cpython
appears to be corrupted. The path 'lib/python3.9/idlelib/idle_test/test_macosx.py'
specified in the package manifest cannot be found.

CondaVerificationError: The package for python located at /local/scratch/autoafids/.pixi/envs/default/pkgs/python-3.9.23-hc30ae73_0_cpython
appears to be corrupted. The path 'lib/python3.9/idlelib/idle_test/test_mainmenu.py'
specified in the package manifest cannot be found.

CondaVerificationError: The package for python located at /local/scratch/autoafids/.pixi/envs/default/pkgs/python-3.9.23-hc30ae73_0_cpython
appears to be corrupted. The path 'lib/python3.9/idlelib/idle_test/test_outwin.py'
specified in the package manifest cannot be found.

CondaVerificationError: The package for python located at /local/scratch/autoafids/.pixi/envs/default/pkgs/python-3.9.23-hc30ae73_0_cpython
appears to be corrupted. The path 'lib/python3.9/idlelib/idle_test/test_parenmatch.py'
specified in the package manifest cannot be found.

CondaVerificationError: The package for python located at /local/scratch/autoafids/.pixi/envs/default/pkgs/python-3.9.23-hc30ae73_0_cpython
appears to be corrupted. The path 'lib/python3.9/idlelib/idle_test/test_percolator.py'
specified in the package manifest cannot be found.

CondaVerificationError: The package for python located at /local/scratch/autoafids/.pixi/envs/default/pkgs/python-3.9.23-hc30ae73_0_cpython
appears to be corrupted. The path 'lib/python3.9/idlelib/idle_test/test_pyparse.py'
specified in the package manifest cannot be found.

CondaVerificationError: The package for python located at /local/scratch/autoafids/.pixi/envs/default/pkgs/python-3.9.23-hc30ae73_0_cpython
appears to be corrupted. The path 'lib/python3.9/idlelib/idle_test/test_query.py'
specified in the package manifest cannot be found.

CondaVerificationError: The package for python located at /local/scratch/autoafids/.pixi/envs/default/pkgs/python-3.9.23-hc30ae73_0_cpython
appears to be corrupted. The path 'lib/python3.9/idlelib/idle_test/test_redirector.py'
specified in the package manifest cannot be found.

CondaVerificationError: The package for python located at /local/scratch/autoafids/.pixi/envs/default/pkgs/python-3.9.23-hc30ae73_0_cpython
appears to be corrupted. The path 'lib/python3.9/idlelib/idle_test/test_replace.py'
specified in the package manifest cannot be found.

CondaVerificationError: The package for python located at /local/scratch/autoafids/.pixi/envs/default/pkgs/python-3.9.23-hc30ae73_0_cpython
appears to be corrupted. The path 'lib/python3.9/idlelib/idle_test/test_run.py'
specified in the package manifest cannot be found.

CondaVerificationError: The package for python located at /local/scratch/autoafids/.pixi/envs/default/pkgs/python-3.9.23-hc30ae73_0_cpython
appears to be corrupted. The path 'lib/python3.9/idlelib/idle_test/test_runscript.py'
specified in the package manifest cannot be found.

CondaVerificationError: The package for python located at /local/scratch/autoafids/.pixi/envs/default/pkgs/python-3.9.23-hc30ae73_0_cpython
appears to be corrupted. The path 'lib/python3.9/idlelib/idle_test/test_scrolledlist.py'
specified in the package manifest cannot be found.

CondaVerificationError: The package for python located at /local/scratch/autoafids/.pixi/envs/default/pkgs/python-3.9.23-hc30ae73_0_cpython
appears to be corrupted. The path 'lib/python3.9/idlelib/idle_test/test_search.py'
specified in the package manifest cannot be found.

CondaVerificationError: The package for python located at /local/scratch/autoafids/.pixi/envs/default/pkgs/python-3.9.23-hc30ae73_0_cpython
appears to be corrupted. The path 'lib/python3.9/idlelib/idle_test/test_searchbase.py'
specified in the package manifest cannot be found.

CondaVerificationError: The package for python located at /local/scratch/autoafids/.pixi/envs/default/pkgs/python-3.9.23-hc30ae73_0_cpython
appears to be corrupted. The path 'lib/python3.9/idlelib/idle_test/test_searchengine.py'
specified in the package manifest cannot be found.

CondaVerificationError: The package for python located at /local/scratch/autoafids/.pixi/envs/default/pkgs/python-3.9.23-hc30ae73_0_cpython
appears to be corrupted. The path 'lib/python3.9/idlelib/idle_test/test_sidebar.py'
specified in the package manifest cannot be found.

CondaVerificationError: The package for python located at /local/scratch/autoafids/.pixi/envs/default/pkgs/python-3.9.23-hc30ae73_0_cpython
appears to be corrupted. The path 'lib/python3.9/idlelib/idle_test/test_squeezer.py'
specified in the package manifest cannot be found.

CondaVerificationError: The package for python located at /local/scratch/autoafids/.pixi/envs/default/pkgs/python-3.9.23-hc30ae73_0_cpython
appears to be corrupted. The path 'lib/python3.9/idlelib/idle_test/test_stackviewer.py'
specified in the package manifest cannot be found.

CondaVerificationError: The package for python located at /local/scratch/autoafids/.pixi/envs/default/pkgs/python-3.9.23-hc30ae73_0_cpython
appears to be corrupted. The path 'lib/python3.9/idlelib/idle_test/test_statusbar.py'
specified in the package manifest cannot be found.

CondaVerificationError: The package for python located at /local/scratch/autoafids/.pixi/envs/default/pkgs/python-3.9.23-hc30ae73_0_cpython
appears to be corrupted. The path 'lib/python3.9/idlelib/idle_test/test_text.py'
specified in the package manifest cannot be found.

CondaVerificationError: The package for python located at /local/scratch/autoafids/.pixi/envs/default/pkgs/python-3.9.23-hc30ae73_0_cpython
appears to be corrupted. The path 'lib/python3.9/idlelib/idle_test/test_textview.py'
specified in the package manifest cannot be found.

CondaVerificationError: The package for python located at /local/scratch/autoafids/.pixi/envs/default/pkgs/python-3.9.23-hc30ae73_0_cpython
appears to be corrupted. The path 'lib/python3.9/idlelib/idle_test/test_util.py'
specified in the package manifest cannot be found.

CondaVerificationError: The package for python located at /local/scratch/autoafids/.pixi/envs/default/pkgs/python-3.9.23-hc30ae73_0_cpython
appears to be corrupted. The path 'lib/python3.9/idlelib/idle_test/test_warning.py'
specified in the package manifest cannot be found.

CondaVerificationError: The package for python located at /local/scratch/autoafids/.pixi/envs/default/pkgs/python-3.9.23-hc30ae73_0_cpython
appears to be corrupted. The path 'lib/python3.9/idlelib/idle_test/test_zoomheight.py'
specified in the package manifest cannot be found.

CondaVerificationError: The package for python located at /local/scratch/autoafids/.pixi/envs/default/pkgs/python-3.9.23-hc30ae73_0_cpython
appears to be corrupted. The path 'lib/python3.9/idlelib/idle_test/test_zzdummy.py'
specified in the package manifest cannot be found.

CondaVerificationError: The package for python located at /local/scratch/autoafids/.pixi/envs/default/pkgs/python-3.9.23-hc30ae73_0_cpython
appears to be corrupted. The path 'lib/python3.9/idlelib/iomenu.py'
specified in the package manifest cannot be found.

CondaVerificationError: The package for python located at /local/scratch/autoafids/.pixi/envs/default/pkgs/python-3.9.23-hc30ae73_0_cpython
appears to be corrupted. The path 'lib/python3.9/idlelib/macosx.py'
specified in the package manifest cannot be found.

CondaVerificationError: The package for python located at /local/scratch/autoafids/.pixi/envs/default/pkgs/python-3.9.23-hc30ae73_0_cpython
appears to be corrupted. The path 'lib/python3.9/idlelib/mainmenu.py'
specified in the package manifest cannot be found.

CondaVerificationError: The package for python located at /local/scratch/autoafids/.pixi/envs/default/pkgs/python-3.9.23-hc30ae73_0_cpython
appears to be corrupted. The path 'lib/python3.9/idlelib/multicall.py'
specified in the package manifest cannot be found.

CondaVerificationError: The package for python located at /local/scratch/autoafids/.pixi/envs/default/pkgs/python-3.9.23-hc30ae73_0_cpython
appears to be corrupted. The path 'lib/python3.9/idlelib/outwin.py'
specified in the package manifest cannot be found.

CondaVerificationError: The package for python located at /local/scratch/autoafids/.pixi/envs/default/pkgs/python-3.9.23-hc30ae73_0_cpython
appears to be corrupted. The path 'lib/python3.9/idlelib/parenmatch.py'
specified in the package manifest cannot be found.

CondaVerificationError: The package for python located at /local/scratch/autoafids/.pixi/envs/default/pkgs/python-3.9.23-hc30ae73_0_cpython
appears to be corrupted. The path 'lib/python3.9/idlelib/percolator.py'
specified in the package manifest cannot be found.

CondaVerificationError: The package for python located at /local/scratch/autoafids/.pixi/envs/default/pkgs/python-3.9.23-hc30ae73_0_cpython
appears to be corrupted. The path 'lib/python3.9/idlelib/pyparse.py'
specified in the package manifest cannot be found.

CondaVerificationError: The package for python located at /local/scratch/autoafids/.pixi/envs/default/pkgs/python-3.9.23-hc30ae73_0_cpython
appears to be corrupted. The path 'lib/python3.9/idlelib/pyshell.py'
specified in the package manifest cannot be found.

CondaVerificationError: The package for python located at /local/scratch/autoafids/.pixi/envs/default/pkgs/python-3.9.23-hc30ae73_0_cpython
appears to be corrupted. The path 'lib/python3.9/idlelib/redirector.py'
specified in the package manifest cannot be found.

CondaVerificationError: The package for python located at /local/scratch/autoafids/.pixi/envs/default/pkgs/python-3.9.23-hc30ae73_0_cpython
appears to be corrupted. The path 'lib/python3.9/idlelib/replace.py'
specified in the package manifest cannot be found.

CondaVerificationError: The package for python located at /local/scratch/autoafids/.pixi/envs/default/pkgs/python-3.9.23-hc30ae73_0_cpython
appears to be corrupted. The path 'lib/python3.9/idlelib/rpc.py'
specified in the package manifest cannot be found.

CondaVerificationError: The package for python located at /local/scratch/autoafids/.pixi/envs/default/pkgs/python-3.9.23-hc30ae73_0_cpython
appears to be corrupted. The path 'lib/python3.9/idlelib/run.py'
specified in the package manifest cannot be found.

CondaVerificationError: The package for python located at /local/scratch/autoafids/.pixi/envs/default/pkgs/python-3.9.23-hc30ae73_0_cpython
appears to be corrupted. The path 'lib/python3.9/idlelib/runscript.py'
specified in the package manifest cannot be found.

CondaVerificationError: The package for python located at /local/scratch/autoafids/.pixi/envs/default/pkgs/python-3.9.23-hc30ae73_0_cpython
appears to be corrupted. The path 'lib/python3.9/idlelib/sidebar.py'
specified in the package manifest cannot be found.

CondaVerificationError: The package for python located at /local/scratch/autoafids/.pixi/envs/default/pkgs/python-3.9.23-hc30ae73_0_cpython
appears to be corrupted. The path 'lib/python3.9/idlelib/squeezer.py'
specified in the package manifest cannot be found.

CondaVerificationError: The package for python located at /local/scratch/autoafids/.pixi/envs/default/pkgs/python-3.9.23-hc30ae73_0_cpython
appears to be corrupted. The path 'lib/python3.9/idlelib/stackviewer.py'
specified in the package manifest cannot be found.

CondaVerificationError: The package for python located at /local/scratch/autoafids/.pixi/envs/default/pkgs/python-3.9.23-hc30ae73_0_cpython
appears to be corrupted. The path 'lib/python3.9/idlelib/statusbar.py'
specified in the package manifest cannot be found.

CondaVerificationError: The package for python located at /local/scratch/autoafids/.pixi/envs/default/pkgs/python-3.9.23-hc30ae73_0_cpython
appears to be corrupted. The path 'lib/python3.9/idlelib/textview.py'
specified in the package manifest cannot be found.

CondaVerificationError: The package for python located at /local/scratch/autoafids/.pixi/envs/default/pkgs/python-3.9.23-hc30ae73_0_cpython
appears to be corrupted. The path 'lib/python3.9/idlelib/tooltip.py'
specified in the package manifest cannot be found.

CondaVerificationError: The package for python located at /local/scratch/autoafids/.pixi/envs/default/pkgs/python-3.9.23-hc30ae73_0_cpython
appears to be corrupted. The path 'lib/python3.9/idlelib/tree.py'
specified in the package manifest cannot be found.

CondaVerificationError: The package for python located at /local/scratch/autoafids/.pixi/envs/default/pkgs/python-3.9.23-hc30ae73_0_cpython
appears to be corrupted. The path 'lib/python3.9/idlelib/undo.py'
specified in the package manifest cannot be found.

CondaVerificationError: The package for python located at /local/scratch/autoafids/.pixi/envs/default/pkgs/python-3.9.23-hc30ae73_0_cpython
appears to be corrupted. The path 'lib/python3.9/idlelib/util.py'
specified in the package manifest cannot be found.

CondaVerificationError: The package for python located at /local/scratch/autoafids/.pixi/envs/default/pkgs/python-3.9.23-hc30ae73_0_cpython
appears to be corrupted. The path 'lib/python3.9/idlelib/zoomheight.py'
specified in the package manifest cannot be found.

CondaVerificationError: The package for python located at /local/scratch/autoafids/.pixi/envs/default/pkgs/python-3.9.23-hc30ae73_0_cpython
appears to be corrupted. The path 'lib/python3.9/idlelib/zzdummy.py'
specified in the package manifest cannot be found.

CondaVerificationError: The package for python located at /local/scratch/autoafids/.pixi/envs/default/pkgs/python-3.9.23-hc30ae73_0_cpython
appears to be corrupted. The path 'lib/python3.9/imaplib.py'
specified in the package manifest cannot be found.

CondaVerificationError: The package for python located at /local/scratch/autoafids/.pixi/envs/default/pkgs/python-3.9.23-hc30ae73_0_cpython
appears to be corrupted. The path 'lib/python3.9/imghdr.py'
specified in the package manifest cannot be found.

CondaVerificationError: The package for python located at /local/scratch/autoafids/.pixi/envs/default/pkgs/python-3.9.23-hc30ae73_0_cpython
appears to be corrupted. The path 'lib/python3.9/imp.py'
specified in the package manifest cannot be found.

CondaVerificationError: The package for python located at /local/scratch/autoafids/.pixi/envs/default/pkgs/python-3.9.23-hc30ae73_0_cpython
appears to be corrupted. The path 'lib/python3.9/importlib/__init__.py'
specified in the package manifest cannot be found.

CondaVerificationError: The package for python located at /local/scratch/autoafids/.pixi/envs/default/pkgs/python-3.9.23-hc30ae73_0_cpython
appears to be corrupted. The path 'lib/python3.9/importlib/__pycache__/_bootstrap_external.cpython-39.pyc'
specified in the package manifest cannot be found.

CondaVerificationError: The package for python located at /local/scratch/autoafids/.pixi/envs/default/pkgs/python-3.9.23-hc30ae73_0_cpython
appears to be corrupted. The path 'lib/python3.9/importlib/__pycache__/_common.cpython-39.pyc'
specified in the package manifest cannot be found.

CondaVerificationError: The package for python located at /local/scratch/autoafids/.pixi/envs/default/pkgs/python-3.9.23-hc30ae73_0_cpython
appears to be corrupted. The path 'lib/python3.9/importlib/__pycache__/abc.cpython-39.pyc'
specified in the package manifest cannot be found.

CondaVerificationError: The package for python located at /local/scratch/autoafids/.pixi/envs/default/pkgs/python-3.9.23-hc30ae73_0_cpython
appears to be corrupted. The path 'lib/python3.9/importlib/__pycache__/metadata.cpython-39.pyc'
specified in the package manifest cannot be found.

CondaVerificationError: The package for python located at /local/scratch/autoafids/.pixi/envs/default/pkgs/python-3.9.23-hc30ae73_0_cpython
appears to be corrupted. The path 'lib/python3.9/importlib/__pycache__/resources.cpython-39.pyc'
specified in the package manifest cannot be found.

CondaVerificationError: The package for python located at /local/scratch/autoafids/.pixi/envs/default/pkgs/python-3.9.23-hc30ae73_0_cpython
appears to be corrupted. The path 'lib/python3.9/importlib/__pycache__/util.cpython-39.pyc'
specified in the package manifest cannot be found.

CondaVerificationError: The package for python located at /local/scratch/autoafids/.pixi/envs/default/pkgs/python-3.9.23-hc30ae73_0_cpython
appears to be corrupted. The path 'lib/python3.9/importlib/_bootstrap.py'
specified in the package manifest cannot be found.

CondaVerificationError: The package for python located at /local/scratch/autoafids/.pixi/envs/default/pkgs/python-3.9.23-hc30ae73_0_cpython
appears to be corrupted. The path 'lib/python3.9/importlib/_bootstrap_external.py'
specified in the package manifest cannot be found.

CondaVerificationError: The package for python located at /local/scratch/autoafids/.pixi/envs/default/pkgs/python-3.9.23-hc30ae73_0_cpython
appears to be corrupted. The path 'lib/python3.9/importlib/_common.py'
specified in the package manifest cannot be found.

CondaVerificationError: The package for python located at /local/scratch/autoafids/.pixi/envs/default/pkgs/python-3.9.23-hc30ae73_0_cpython
appears to be corrupted. The path 'lib/python3.9/importlib/abc.py'
specified in the package manifest cannot be found.

CondaVerificationError: The package for python located at /local/scratch/autoafids/.pixi/envs/default/pkgs/python-3.9.23-hc30ae73_0_cpython
appears to be corrupted. The path 'lib/python3.9/importlib/machinery.py'
specified in the package manifest cannot be found.

CondaVerificationError: The package for python located at /local/scratch/autoafids/.pixi/envs/default/pkgs/python-3.9.23-hc30ae73_0_cpython
appears to be corrupted. The path 'lib/python3.9/importlib/metadata.py'
specified in the package manifest cannot be found.

CondaVerificationError: The package for python located at /local/scratch/autoafids/.pixi/envs/default/pkgs/python-3.9.23-hc30ae73_0_cpython
appears to be corrupted. The path 'lib/python3.9/importlib/resources.py'
specified in the package manifest cannot be found.

CondaVerificationError: The package for python located at /local/scratch/autoafids/.pixi/envs/default/pkgs/python-3.9.23-hc30ae73_0_cpython
appears to be corrupted. The path 'lib/python3.9/importlib/util.py'
specified in the package manifest cannot be found.

CondaVerificationError: The package for python located at /local/scratch/autoafids/.pixi/envs/default/pkgs/python-3.9.23-hc30ae73_0_cpython
appears to be corrupted. The path 'lib/python3.9/inspect.py'
specified in the package manifest cannot be found.

CondaVerificationError: The package for python located at /local/scratch/autoafids/.pixi/envs/default/pkgs/python-3.9.23-hc30ae73_0_cpython
appears to be corrupted. The path 'lib/python3.9/io.py'
specified in the package manifest cannot be found.

CondaVerificationError: The package for python located at /local/scratch/autoafids/.pixi/envs/default/pkgs/python-3.9.23-hc30ae73_0_cpython
appears to be corrupted. The path 'lib/python3.9/ipaddress.py'
specified in the package manifest cannot be found.

CondaVerificationError: The package for python located at /local/scratch/autoafids/.pixi/envs/default/pkgs/python-3.9.23-hc30ae73_0_cpython
appears to be corrupted. The path 'lib/python3.9/json/__init__.py'
specified in the package manifest cannot be found.

CondaVerificationError: The package for python located at /local/scratch/autoafids/.pixi/envs/default/pkgs/python-3.9.23-hc30ae73_0_cpython
appears to be corrupted. The path 'lib/python3.9/json/__pycache__/__init__.cpython-39.pyc'
specified in the package manifest cannot be found.

CondaVerificationError: The package for python located at /local/scratch/autoafids/.pixi/envs/default/pkgs/python-3.9.23-hc30ae73_0_cpython
appears to be corrupted. The path 'lib/python3.9/json/__pycache__/encoder.cpython-39.pyc'
specified in the package manifest cannot be found.

CondaVerificationError: The package for python located at /local/scratch/autoafids/.pixi/envs/default/pkgs/python-3.9.23-hc30ae73_0_cpython
appears to be corrupted. The path 'lib/python3.9/json/__pycache__/scanner.cpython-39.pyc'
specified in the package manifest cannot be found.

CondaVerificationError: The package for python located at /local/scratch/autoafids/.pixi/envs/default/pkgs/python-3.9.23-hc30ae73_0_cpython
appears to be corrupted. The path 'lib/python3.9/json/__pycache__/tool.cpython-39.pyc'
specified in the package manifest cannot be found.

CondaVerificationError: The package for python located at /local/scratch/autoafids/.pixi/envs/default/pkgs/python-3.9.23-hc30ae73_0_cpython
appears to be corrupted. The path 'lib/python3.9/json/decoder.py'
specified in the package manifest cannot be found.

CondaVerificationError: The package for python located at /local/scratch/autoafids/.pixi/envs/default/pkgs/python-3.9.23-hc30ae73_0_cpython
appears to be corrupted. The path 'lib/python3.9/json/encoder.py'
specified in the package manifest cannot be found.

CondaVerificationError: The package for python located at /local/scratch/autoafids/.pixi/envs/default/pkgs/python-3.9.23-hc30ae73_0_cpython
appears to be corrupted. The path 'lib/python3.9/json/scanner.py'
specified in the package manifest cannot be found.

CondaVerificationError: The package for python located at /local/scratch/autoafids/.pixi/envs/default/pkgs/python-3.9.23-hc30ae73_0_cpython
appears to be corrupted. The path 'lib/python3.9/keyword.py'
specified in the package manifest cannot be found.

CondaVerificationError: The package for python located at /local/scratch/autoafids/.pixi/envs/default/pkgs/python-3.9.23-hc30ae73_0_cpython
appears to be corrupted. The path 'lib/python3.9/lib-dynload/_asyncio.cpython-39-x86_64-linux-gnu.so'
specified in the package manifest cannot be found.

CondaVerificationError: The package for python located at /local/scratch/autoafids/.pixi/envs/default/pkgs/python-3.9.23-hc30ae73_0_cpython
appears to be corrupted. The path 'lib/python3.9/lib-dynload/_bisect.cpython-39-x86_64-linux-gnu.so'
specified in the package manifest cannot be found.

CondaVerificationError: The package for python located at /local/scratch/autoafids/.pixi/envs/default/pkgs/python-3.9.23-hc30ae73_0_cpython
appears to be corrupted. The path 'lib/python3.9/lib-dynload/_blake2.cpython-39-x86_64-linux-gnu.so'
specified in the package manifest cannot be found.

CondaVerificationError: The package for python located at /local/scratch/autoafids/.pixi/envs/default/pkgs/python-3.9.23-hc30ae73_0_cpython
appears to be corrupted. The path 'lib/python3.9/lib-dynload/_bz2.cpython-39-x86_64-linux-gnu.so'
specified in the package manifest cannot be found.

CondaVerificationError: The package for python located at /local/scratch/autoafids/.pixi/envs/default/pkgs/python-3.9.23-hc30ae73_0_cpython
appears to be corrupted. The path 'lib/python3.9/lib-dynload/_codecs_cn.cpython-39-x86_64-linux-gnu.so'
specified in the package manifest cannot be found.

CondaVerificationError: The package for python located at /local/scratch/autoafids/.pixi/envs/default/pkgs/python-3.9.23-hc30ae73_0_cpython
appears to be corrupted. The path 'lib/python3.9/lib-dynload/_codecs_hk.cpython-39-x86_64-linux-gnu.so'
specified in the package manifest cannot be found.

CondaVerificationError: The package for python located at /local/scratch/autoafids/.pixi/envs/default/pkgs/python-3.9.23-hc30ae73_0_cpython
appears to be corrupted. The path 'lib/python3.9/lib-dynload/_codecs_iso2022.cpython-39-x86_64-linux-gnu.so'
specified in the package manifest cannot be found.

CondaVerificationError: The package for python located at /local/scratch/autoafids/.pixi/envs/default/pkgs/python-3.9.23-hc30ae73_0_cpython
appears to be corrupted. The path 'lib/python3.9/lib-dynload/_codecs_kr.cpython-39-x86_64-linux-gnu.so'
specified in the package manifest cannot be found.

CondaVerificationError: The package for python located at /local/scratch/autoafids/.pixi/envs/default/pkgs/python-3.9.23-hc30ae73_0_cpython
appears to be corrupted. The path 'lib/python3.9/lib-dynload/_codecs_tw.cpython-39-x86_64-linux-gnu.so'
specified in the package manifest cannot be found.

CondaVerificationError: The package for python located at /local/scratch/autoafids/.pixi/envs/default/pkgs/python-3.9.23-hc30ae73_0_cpython
appears to be corrupted. The path 'lib/python3.9/lib-dynload/_contextvars.cpython-39-x86_64-linux-gnu.so'
specified in the package manifest cannot be found.

CondaVerificationError: The package for python located at /local/scratch/autoafids/.pixi/envs/default/pkgs/python-3.9.23-hc30ae73_0_cpython
appears to be corrupted. The path 'lib/python3.9/lib-dynload/_crypt.cpython-39-x86_64-linux-gnu.so'
specified in the package manifest cannot be found.

CondaVerificationError: The package for python located at /local/scratch/autoafids/.pixi/envs/default/pkgs/python-3.9.23-hc30ae73_0_cpython
appears to be corrupted. The path 'lib/python3.9/lib-dynload/_csv.cpython-39-x86_64-linux-gnu.so'
specified in the package manifest cannot be found.

CondaVerificationError: The package for python located at /local/scratch/autoafids/.pixi/envs/default/pkgs/python-3.9.23-hc30ae73_0_cpython
appears to be corrupted. The path 'lib/python3.9/lib-dynload/_ctypes_test.cpython-39-x86_64-linux-gnu.so'
specified in the package manifest cannot be found.

CondaVerificationError: The package for python located at /local/scratch/autoafids/.pixi/envs/default/pkgs/python-3.9.23-hc30ae73_0_cpython
appears to be corrupted. The path 'lib/python3.9/lib-dynload/_curses.cpython-39-x86_64-linux-gnu.so'
specified in the package manifest cannot be found.

CondaVerificationError: The package for python located at /local/scratch/autoafids/.pixi/envs/default/pkgs/python-3.9.23-hc30ae73_0_cpython
appears to be corrupted. The path 'lib/python3.9/lib-dynload/_datetime.cpython-39-x86_64-linux-gnu.so'
specified in the package manifest cannot be found.

CondaVerificationError: The package for python located at /local/scratch/autoafids/.pixi/envs/default/pkgs/python-3.9.23-hc30ae73_0_cpython
appears to be corrupted. The path 'lib/python3.9/lib-dynload/_decimal.cpython-39-x86_64-linux-gnu.so'
specified in the package manifest cannot be found.

CondaVerificationError: The package for python located at /local/scratch/autoafids/.pixi/envs/default/pkgs/python-3.9.23-hc30ae73_0_cpython
appears to be corrupted. The path 'lib/python3.9/lib-dynload/_elementtree.cpython-39-x86_64-linux-gnu.so'
specified in the package manifest cannot be found.

CondaVerificationError: The package for python located at /local/scratch/autoafids/.pixi/envs/default/pkgs/python-3.9.23-hc30ae73_0_cpython
appears to be corrupted. The path 'lib/python3.9/lib-dynload/_hashlib.cpython-39-x86_64-linux-gnu.so'
specified in the package manifest cannot be found.

CondaVerificationError: The package for python located at /local/scratch/autoafids/.pixi/envs/default/pkgs/python-3.9.23-hc30ae73_0_cpython
appears to be corrupted. The path 'lib/python3.9/lib-dynload/_json.cpython-39-x86_64-linux-gnu.so'
specified in the package manifest cannot be found.

CondaVerificationError: The package for python located at /local/scratch/autoafids/.pixi/envs/default/pkgs/python-3.9.23-hc30ae73_0_cpython
appears to be corrupted. The path 'lib/python3.9/lib-dynload/_lzma.cpython-39-x86_64-linux-gnu.so'
specified in the package manifest cannot be found.

CondaVerificationError: The package for python located at /local/scratch/autoafids/.pixi/envs/default/pkgs/python-3.9.23-hc30ae73_0_cpython
appears to be corrupted. The path 'lib/python3.9/lib-dynload/_md5.cpython-39-x86_64-linux-gnu.so'
specified in the package manifest cannot be found.

CondaVerificationError: The package for python located at /local/scratch/autoafids/.pixi/envs/default/pkgs/python-3.9.23-hc30ae73_0_cpython
appears to be corrupted. The path 'lib/python3.9/lib-dynload/_multibytecodec.cpython-39-x86_64-linux-gnu.so'
specified in the package manifest cannot be found.

CondaVerificationError: The package for python located at /local/scratch/autoafids/.pixi/envs/default/pkgs/python-3.9.23-hc30ae73_0_cpython
appears to be corrupted. The path 'lib/python3.9/lib-dynload/_multiprocessing.cpython-39-x86_64-linux-gnu.so'
specified in the package manifest cannot be found.

CondaVerificationError: The package for python located at /local/scratch/autoafids/.pixi/envs/default/pkgs/python-3.9.23-hc30ae73_0_cpython
appears to be corrupted. The path 'lib/python3.9/lib-dynload/_opcode.cpython-39-x86_64-linux-gnu.so'
specified in the package manifest cannot be found.

CondaVerificationError: The package for python located at /local/scratch/autoafids/.pixi/envs/default/pkgs/python-3.9.23-hc30ae73_0_cpython
appears to be corrupted. The path 'lib/python3.9/lib-dynload/_pickle.cpython-39-x86_64-linux-gnu.so'
specified in the package manifest cannot be found.

CondaVerificationError: The package for python located at /local/scratch/autoafids/.pixi/envs/default/pkgs/python-3.9.23-hc30ae73_0_cpython
appears to be corrupted. The path 'lib/python3.9/lib-dynload/_posixshmem.cpython-39-x86_64-linux-gnu.so'
specified in the package manifest cannot be found.

CondaVerificationError: The package for python located at /local/scratch/autoafids/.pixi/envs/default/pkgs/python-3.9.23-hc30ae73_0_cpython
appears to be corrupted. The path 'lib/python3.9/lib-dynload/_queue.cpython-39-x86_64-linux-gnu.so'
specified in the package manifest cannot be found.

CondaVerificationError: The package for python located at /local/scratch/autoafids/.pixi/envs/default/pkgs/python-3.9.23-hc30ae73_0_cpython
appears to be corrupted. The path 'lib/python3.9/lib-dynload/_random.cpython-39-x86_64-linux-gnu.so'
specified in the package manifest cannot be found.

CondaVerificationError: The package for python located at /local/scratch/autoafids/.pixi/envs/default/pkgs/python-3.9.23-hc30ae73_0_cpython
appears to be corrupted. The path 'lib/python3.9/lib-dynload/_sha256.cpython-39-x86_64-linux-gnu.so'
specified in the package manifest cannot be found.

CondaVerificationError: The package for python located at /local/scratch/autoafids/.pixi/envs/default/pkgs/python-3.9.23-hc30ae73_0_cpython
appears to be corrupted. The path 'lib/python3.9/lib-dynload/_sha3.cpython-39-x86_64-linux-gnu.so'
specified in the package manifest cannot be found.

CondaVerificationError: The package for python located at /local/scratch/autoafids/.pixi/envs/default/pkgs/python-3.9.23-hc30ae73_0_cpython
appears to be corrupted. The path 'lib/python3.9/lib-dynload/_sha512.cpython-39-x86_64-linux-gnu.so'
specified in the package manifest cannot be found.

CondaVerificationError: The package for python located at /local/scratch/autoafids/.pixi/envs/default/pkgs/python-3.9.23-hc30ae73_0_cpython
appears to be corrupted. The path 'lib/python3.9/lib-dynload/_socket.cpython-39-x86_64-linux-gnu.so'
specified in the package manifest cannot be found.

CondaVerificationError: The package for python located at /local/scratch/autoafids/.pixi/envs/default/pkgs/python-3.9.23-hc30ae73_0_cpython
appears to be corrupted. The path 'lib/python3.9/lib-dynload/_sqlite3.cpython-39-x86_64-linux-gnu.so'
specified in the package manifest cannot be found.

CondaVerificationError: The package for python located at /local/scratch/autoafids/.pixi/envs/default/pkgs/python-3.9.23-hc30ae73_0_cpython
appears to be corrupted. The path 'lib/python3.9/lib-dynload/_statistics.cpython-39-x86_64-linux-gnu.so'
specified in the package manifest cannot be found.

CondaVerificationError: The package for python located at /local/scratch/autoafids/.pixi/envs/default/pkgs/python-3.9.23-hc30ae73_0_cpython
appears to be corrupted. The path 'lib/python3.9/lib-dynload/_struct.cpython-39-x86_64-linux-gnu.so'
specified in the package manifest cannot be found.

CondaVerificationError: The package for python located at /local/scratch/autoafids/.pixi/envs/default/pkgs/python-3.9.23-hc30ae73_0_cpython
appears to be corrupted. The path 'lib/python3.9/lib-dynload/_testbuffer.cpython-39-x86_64-linux-gnu.so'
specified in the package manifest cannot be found.

CondaVerificationError: The package for python located at /local/scratch/autoafids/.pixi/envs/default/pkgs/python-3.9.23-hc30ae73_0_cpython
appears to be corrupted. The path 'lib/python3.9/lib-dynload/_testcapi.cpython-39-x86_64-linux-gnu.so'
specified in the package manifest cannot be found.

CondaVerificationError: The package for python located at /local/scratch/autoafids/.pixi/envs/default/pkgs/python-3.9.23-hc30ae73_0_cpython
appears to be corrupted. The path 'lib/python3.9/lib-dynload/_testimportmultiple.cpython-39-x86_64-linux-gnu.so'
specified in the package manifest cannot be found.

CondaVerificationError: The package for python located at /local/scratch/autoafids/.pixi/envs/default/pkgs/python-3.9.23-hc30ae73_0_cpython
appears to be corrupted. The path 'lib/python3.9/lib-dynload/_testmultiphase.cpython-39-x86_64-linux-gnu.so'
specified in the package manifest cannot be found.

CondaVerificationError: The package for python located at /local/scratch/autoafids/.pixi/envs/default/pkgs/python-3.9.23-hc30ae73_0_cpython
appears to be corrupted. The path 'lib/python3.9/lib-dynload/_tkinter.cpython-39-x86_64-linux-gnu.so'
specified in the package manifest cannot be found.

CondaVerificationError: The package for python located at /local/scratch/autoafids/.pixi/envs/default/pkgs/python-3.9.23-hc30ae73_0_cpython
appears to be corrupted. The path 'lib/python3.9/lib-dynload/_uuid.cpython-39-x86_64-linux-gnu.so'
specified in the package manifest cannot be found.

CondaVerificationError: The package for python located at /local/scratch/autoafids/.pixi/envs/default/pkgs/python-3.9.23-hc30ae73_0_cpython
appears to be corrupted. The path 'lib/python3.9/lib-dynload/_xxsubinterpreters.cpython-39-x86_64-linux-gnu.so'
specified in the package manifest cannot be found.

CondaVerificationError: The package for python located at /local/scratch/autoafids/.pixi/envs/default/pkgs/python-3.9.23-hc30ae73_0_cpython
appears to be corrupted. The path 'lib/python3.9/lib-dynload/_zoneinfo.cpython-39-x86_64-linux-gnu.so'
specified in the package manifest cannot be found.

CondaVerificationError: The package for python located at /local/scratch/autoafids/.pixi/envs/default/pkgs/python-3.9.23-hc30ae73_0_cpython
appears to be corrupted. The path 'lib/python3.9/lib-dynload/array.cpython-39-x86_64-linux-gnu.so'
specified in the package manifest cannot be found.

CondaVerificationError: The package for python located at /local/scratch/autoafids/.pixi/envs/default/pkgs/python-3.9.23-hc30ae73_0_cpython
appears to be corrupted. The path 'lib/python3.9/lib-dynload/audioop.cpython-39-x86_64-linux-gnu.so'
specified in the package manifest cannot be found.

CondaVerificationError: The package for python located at /local/scratch/autoafids/.pixi/envs/default/pkgs/python-3.9.23-hc30ae73_0_cpython
appears to be corrupted. The path 'lib/python3.9/lib-dynload/binascii.cpython-39-x86_64-linux-gnu.so'
specified in the package manifest cannot be found.

CondaVerificationError: The package for python located at /local/scratch/autoafids/.pixi/envs/default/pkgs/python-3.9.23-hc30ae73_0_cpython
appears to be corrupted. The path 'lib/python3.9/lib-dynload/cmath.cpython-39-x86_64-linux-gnu.so'
specified in the package manifest cannot be found.

CondaVerificationError: The package for python located at /local/scratch/autoafids/.pixi/envs/default/pkgs/python-3.9.23-hc30ae73_0_cpython
appears to be corrupted. The path 'lib/python3.9/lib-dynload/fcntl.cpython-39-x86_64-linux-gnu.so'
specified in the package manifest cannot be found.

CondaVerificationError: The package for python located at /local/scratch/autoafids/.pixi/envs/default/pkgs/python-3.9.23-hc30ae73_0_cpython
appears to be corrupted. The path 'lib/python3.9/lib-dynload/grp.cpython-39-x86_64-linux-gnu.so'
specified in the package manifest cannot be found.

CondaVerificationError: The package for python located at /local/scratch/autoafids/.pixi/envs/default/pkgs/python-3.9.23-hc30ae73_0_cpython
appears to be corrupted. The path 'lib/python3.9/lib-dynload/math.cpython-39-x86_64-linux-gnu.so'
specified in the package manifest cannot be found.

CondaVerificationError: The package for python located at /local/scratch/autoafids/.pixi/envs/default/pkgs/python-3.9.23-hc30ae73_0_cpython
appears to be corrupted. The path 'lib/python3.9/lib-dynload/mmap.cpython-39-x86_64-linux-gnu.so'
specified in the package manifest cannot be found.

CondaVerificationError: The package for python located at /local/scratch/autoafids/.pixi/envs/default/pkgs/python-3.9.23-hc30ae73_0_cpython
appears to be corrupted. The path 'lib/python3.9/lib-dynload/nis.cpython-39-x86_64-linux-gnu.so'
specified in the package manifest cannot be found.

CondaVerificationError: The package for python located at /local/scratch/autoafids/.pixi/envs/default/pkgs/python-3.9.23-hc30ae73_0_cpython
appears to be corrupted. The path 'lib/python3.9/lib-dynload/ossaudiodev.cpython-39-x86_64-linux-gnu.so'
specified in the package manifest cannot be found.

CondaVerificationError: The package for python located at /local/scratch/autoafids/.pixi/envs/default/pkgs/python-3.9.23-hc30ae73_0_cpython
appears to be corrupted. The path 'lib/python3.9/lib-dynload/readline.cpython-39-x86_64-linux-gnu.so'
specified in the package manifest cannot be found.

CondaVerificationError: The package for python located at /local/scratch/autoafids/.pixi/envs/default/pkgs/python-3.9.23-hc30ae73_0_cpython
appears to be corrupted. The path 'lib/python3.9/lib-dynload/resource.cpython-39-x86_64-linux-gnu.so'
specified in the package manifest cannot be found.

CondaVerificationError: The package for python located at /local/scratch/autoafids/.pixi/envs/default/pkgs/python-3.9.23-hc30ae73_0_cpython
appears to be corrupted. The path 'lib/python3.9/lib-dynload/select.cpython-39-x86_64-linux-gnu.so'
specified in the package manifest cannot be found.

CondaVerificationError: The package for python located at /local/scratch/autoafids/.pixi/envs/default/pkgs/python-3.9.23-hc30ae73_0_cpython
appears to be corrupted. The path 'lib/python3.9/lib-dynload/spwd.cpython-39-x86_64-linux-gnu.so'
specified in the package manifest cannot be found.

CondaVerificationError: The package for python located at /local/scratch/autoafids/.pixi/envs/default/pkgs/python-3.9.23-hc30ae73_0_cpython
appears to be corrupted. The path 'lib/python3.9/lib-dynload/syslog.cpython-39-x86_64-linux-gnu.so'
specified in the package manifest cannot be found.

CondaVerificationError: The package for python located at /local/scratch/autoafids/.pixi/envs/default/pkgs/python-3.9.23-hc30ae73_0_cpython
appears to be corrupted. The path 'lib/python3.9/lib-dynload/unicodedata.cpython-39-x86_64-linux-gnu.so'
specified in the package manifest cannot be found.

CondaVerificationError: The package for python located at /local/scratch/autoafids/.pixi/envs/default/pkgs/python-3.9.23-hc30ae73_0_cpython
appears to be corrupted. The path 'lib/python3.9/lib-dynload/xxlimited.cpython-39-x86_64-linux-gnu.so'
specified in the package manifest cannot be found.

CondaVerificationError: The package for python located at /local/scratch/autoafids/.pixi/envs/default/pkgs/python-3.9.23-hc30ae73_0_cpython
appears to be corrupted. The path 'lib/python3.9/lib-dynload/zlib.cpython-39-x86_64-linux-gnu.so'
specified in the package manifest cannot be found.

CondaVerificationError: The package for python located at /local/scratch/autoafids/.pixi/envs/default/pkgs/python-3.9.23-hc30ae73_0_cpython
appears to be corrupted. The path 'lib/python3.9/lib2to3/Grammar.txt'
specified in the package manifest cannot be found.

CondaVerificationError: The package for python located at /local/scratch/autoafids/.pixi/envs/default/pkgs/python-3.9.23-hc30ae73_0_cpython
appears to be corrupted. The path 'lib/python3.9/lib2to3/Grammar3.9.23.final.0.pickle'
specified in the package manifest cannot be found.

CondaVerificationError: The package for python located at /local/scratch/autoafids/.pixi/envs/default/pkgs/python-3.9.23-hc30ae73_0_cpython
appears to be corrupted. The path 'lib/python3.9/lib2to3/PatternGrammar.txt'
specified in the package manifest cannot be found.

CondaVerificationError: The package for python located at /local/scratch/autoafids/.pixi/envs/default/pkgs/python-3.9.23-hc30ae73_0_cpython
appears to be corrupted. The path 'lib/python3.9/lib2to3/PatternGrammar3.9.23.final.0.pickle'
specified in the package manifest cannot be found.

CondaVerificationError: The package for python located at /local/scratch/autoafids/.pixi/envs/default/pkgs/python-3.9.23-hc30ae73_0_cpython
appears to be corrupted. The path 'lib/python3.9/lib2to3/__init__.py'
specified in the package manifest cannot be found.

CondaVerificationError: The package for python located at /local/scratch/autoafids/.pixi/envs/default/pkgs/python-3.9.23-hc30ae73_0_cpython
appears to be corrupted. The path 'lib/python3.9/lib2to3/__pycache__/__init__.cpython-39.pyc'
specified in the package manifest cannot be found.

CondaVerificationError: The package for python located at /local/scratch/autoafids/.pixi/envs/default/pkgs/python-3.9.23-hc30ae73_0_cpython
appears to be corrupted. The path 'lib/python3.9/lib2to3/__pycache__/btm_matcher.cpython-39.pyc'
specified in the package manifest cannot be found.

CondaVerificationError: The package for python located at /local/scratch/autoafids/.pixi/envs/default/pkgs/python-3.9.23-hc30ae73_0_cpython
appears to be corrupted. The path 'lib/python3.9/lib2to3/__pycache__/fixer_base.cpython-39.pyc'
specified in the package manifest cannot be found.

CondaVerificationError: The package for python located at /local/scratch/autoafids/.pixi/envs/default/pkgs/python-3.9.23-hc30ae73_0_cpython
appears to be corrupted. The path 'lib/python3.9/lib2to3/__pycache__/main.cpython-39.pyc'
specified in the package manifest cannot be found.

CondaVerificationError: The package for python located at /local/scratch/autoafids/.pixi/envs/default/pkgs/python-3.9.23-hc30ae73_0_cpython
appears to be corrupted. The path 'lib/python3.9/lib2to3/__pycache__/patcomp.cpython-39.pyc'
specified in the package manifest cannot be found.

CondaVerificationError: The package for python located at /local/scratch/autoafids/.pixi/envs/default/pkgs/python-3.9.23-hc30ae73_0_cpython
appears to be corrupted. The path 'lib/python3.9/lib2to3/__pycache__/pygram.cpython-39.pyc'
specified in the package manifest cannot be found.

CondaVerificationError: The package for python located at /local/scratch/autoafids/.pixi/envs/default/pkgs/python-3.9.23-hc30ae73_0_cpython
appears to be corrupted. The path 'lib/python3.9/lib2to3/__pycache__/pytree.cpython-39.pyc'
specified in the package manifest cannot be found.

CondaVerificationError: The package for python located at /local/scratch/autoafids/.pixi/envs/default/pkgs/python-3.9.23-hc30ae73_0_cpython
appears to be corrupted. The path 'lib/python3.9/lib2to3/__pycache__/refactor.cpython-39.pyc'
specified in the package manifest cannot be found.

CondaVerificationError: The package for python located at /local/scratch/autoafids/.pixi/envs/default/pkgs/python-3.9.23-hc30ae73_0_cpython
appears to be corrupted. The path 'lib/python3.9/lib2to3/btm_matcher.py'
specified in the package manifest cannot be found.

CondaVerificationError: The package for python located at /local/scratch/autoafids/.pixi/envs/default/pkgs/python-3.9.23-hc30ae73_0_cpython
appears to be corrupted. The path 'lib/python3.9/lib2to3/btm_utils.py'
specified in the package manifest cannot be found.

CondaVerificationError: The package for python located at /local/scratch/autoafids/.pixi/envs/default/pkgs/python-3.9.23-hc30ae73_0_cpython
appears to be corrupted. The path 'lib/python3.9/lib2to3/fixer_base.py'
specified in the package manifest cannot be found.

CondaVerificationError: The package for python located at /local/scratch/autoafids/.pixi/envs/default/pkgs/python-3.9.23-hc30ae73_0_cpython
appears to be corrupted. The path 'lib/python3.9/lib2to3/fixer_util.py'
specified in the package manifest cannot be found.

CondaVerificationError: The package for python located at /local/scratch/autoafids/.pixi/envs/default/pkgs/python-3.9.23-hc30ae73_0_cpython
appears to be corrupted. The path 'lib/python3.9/lib2to3/fixes/__init__.py'
specified in the package manifest cannot be found.

CondaVerificationError: The package for python located at /local/scratch/autoafids/.pixi/envs/default/pkgs/python-3.9.23-hc30ae73_0_cpython
appears to be corrupted. The path 'lib/python3.9/lib2to3/fixes/__pycache__/__init__.cpython-39.pyc'
specified in the package manifest cannot be found.

CondaVerificationError: The package for python located at /local/scratch/autoafids/.pixi/envs/default/pkgs/python-3.9.23-hc30ae73_0_cpython
appears to be corrupted. The path 'lib/python3.9/lib2to3/fixes/__pycache__/fix_apply.cpython-39.pyc'
specified in the package manifest cannot be found.

CondaVerificationError: The package for python located at /local/scratch/autoafids/.pixi/envs/default/pkgs/python-3.9.23-hc30ae73_0_cpython
appears to be corrupted. The path 'lib/python3.9/lib2to3/fixes/__pycache__/fix_asserts.cpython-39.pyc'
specified in the package manifest cannot be found.

CondaVerificationError: The package for python located at /local/scratch/autoafids/.pixi/envs/default/pkgs/python-3.9.23-hc30ae73_0_cpython
appears to be corrupted. The path 'lib/python3.9/lib2to3/fixes/__pycache__/fix_buffer.cpython-39.pyc'
specified in the package manifest cannot be found.

CondaVerificationError: The package for python located at /local/scratch/autoafids/.pixi/envs/default/pkgs/python-3.9.23-hc30ae73_0_cpython
appears to be corrupted. The path 'lib/python3.9/lib2to3/fixes/__pycache__/fix_except.cpython-39.pyc'
specified in the package manifest cannot be found.

CondaVerificationError: The package for python located at /local/scratch/autoafids/.pixi/envs/default/pkgs/python-3.9.23-hc30ae73_0_cpython
appears to be corrupted. The path 'lib/python3.9/lib2to3/fixes/__pycache__/fix_exec.cpython-39.pyc'
specified in the package manifest cannot be found.

CondaVerificationError: The package for python located at /local/scratch/autoafids/.pixi/envs/default/pkgs/python-3.9.23-hc30ae73_0_cpython
appears to be corrupted. The path 'lib/python3.9/lib2to3/fixes/__pycache__/fix_execfile.cpython-39.pyc'
specified in the package manifest cannot be found.

CondaVerificationError: The package for python located at /local/scratch/autoafids/.pixi/envs/default/pkgs/python-3.9.23-hc30ae73_0_cpython
appears to be corrupted. The path 'lib/python3.9/lib2to3/fixes/__pycache__/fix_exitfunc.cpython-39.pyc'
specified in the package manifest cannot be found.

CondaVerificationError: The package for python located at /local/scratch/autoafids/.pixi/envs/default/pkgs/python-3.9.23-hc30ae73_0_cpython
appears to be corrupted. The path 'lib/python3.9/lib2to3/fixes/__pycache__/fix_funcattrs.cpython-39.pyc'
specified in the package manifest cannot be found.

CondaVerificationError: The package for python located at /local/scratch/autoafids/.pixi/envs/default/pkgs/python-3.9.23-hc30ae73_0_cpython
appears to be corrupted. The path 'lib/python3.9/lib2to3/fixes/__pycache__/fix_getcwdu.cpython-39.pyc'
specified in the package manifest cannot be found.

CondaVerificationError: The package for python located at /local/scratch/autoafids/.pixi/envs/default/pkgs/python-3.9.23-hc30ae73_0_cpython
appears to be corrupted. The path 'lib/python3.9/lib2to3/fixes/__pycache__/fix_has_key.cpython-39.pyc'
specified in the package manifest cannot be found.

CondaVerificationError: The package for python located at /local/scratch/autoafids/.pixi/envs/default/pkgs/python-3.9.23-hc30ae73_0_cpython
appears to be corrupted. The path 'lib/python3.9/lib2to3/fixes/__pycache__/fix_import.cpython-39.pyc'
specified in the package manifest cannot be found.

CondaVerificationError: The package for python located at /local/scratch/autoafids/.pixi/envs/default/pkgs/python-3.9.23-hc30ae73_0_cpython
appears to be corrupted. The path 'lib/python3.9/lib2to3/fixes/__pycache__/fix_imports.cpython-39.pyc'
specified in the package manifest cannot be found.

CondaVerificationError: The package for python located at /local/scratch/autoafids/.pixi/envs/default/pkgs/python-3.9.23-hc30ae73_0_cpython
appears to be corrupted. The path 'lib/python3.9/lib2to3/fixes/__pycache__/fix_imports2.cpython-39.pyc'
specified in the package manifest cannot be found.

CondaVerificationError: The package for python located at /local/scratch/autoafids/.pixi/envs/default/pkgs/python-3.9.23-hc30ae73_0_cpython
appears to be corrupted. The path 'lib/python3.9/lib2to3/fixes/__pycache__/fix_input.cpython-39.pyc'
specified in the package manifest cannot be found.

CondaVerificationError: The package for python located at /local/scratch/autoafids/.pixi/envs/default/pkgs/python-3.9.23-hc30ae73_0_cpython
appears to be corrupted. The path 'lib/python3.9/lib2to3/fixes/__pycache__/fix_isinstance.cpython-39.pyc'
specified in the package manifest cannot be found.

CondaVerificationError: The package for python located at /local/scratch/autoafids/.pixi/envs/default/pkgs/python-3.9.23-hc30ae73_0_cpython
appears to be corrupted. The path 'lib/python3.9/lib2to3/fixes/__pycache__/fix_itertools.cpython-39.pyc'
specified in the package manifest cannot be found.

CondaVerificationError: The package for python located at /local/scratch/autoafids/.pixi/envs/default/pkgs/python-3.9.23-hc30ae73_0_cpython
appears to be corrupted. The path 'lib/python3.9/lib2to3/fixes/__pycache__/fix_itertools_imports.cpython-39.pyc'
specified in the package manifest cannot be found.

CondaVerificationError: The package for python located at /local/scratch/autoafids/.pixi/envs/default/pkgs/python-3.9.23-hc30ae73_0_cpython
appears to be corrupted. The path 'lib/python3.9/lib2to3/fixes/__pycache__/fix_map.cpython-39.pyc'
specified in the package manifest cannot be found.

CondaVerificationError: The package for python located at /local/scratch/autoafids/.pixi/envs/default/pkgs/python-3.9.23-hc30ae73_0_cpython
appears to be corrupted. The path 'lib/python3.9/lib2to3/fixes/__pycache__/fix_methodattrs.cpython-39.pyc'
specified in the package manifest cannot be found.

CondaVerificationError: The package for python located at /local/scratch/autoafids/.pixi/envs/default/pkgs/python-3.9.23-hc30ae73_0_cpython
appears to be corrupted. The path 'lib/python3.9/lib2to3/fixes/__pycache__/fix_next.cpython-39.pyc'
specified in the package manifest cannot be found.

CondaVerificationError: The package for python located at /local/scratch/autoafids/.pixi/envs/default/pkgs/python-3.9.23-hc30ae73_0_cpython
appears to be corrupted. The path 'lib/python3.9/lib2to3/fixes/__pycache__/fix_nonzero.cpython-39.pyc'
specified in the package manifest cannot be found.

CondaVerificationError: The package for python located at /local/scratch/autoafids/.pixi/envs/default/pkgs/python-3.9.23-hc30ae73_0_cpython
appears to be corrupted. The path 'lib/python3.9/lib2to3/fixes/__pycache__/fix_numliterals.cpython-39.pyc'
specified in the package manifest cannot be found.

CondaVerificationError: The package for python located at /local/scratch/autoafids/.pixi/envs/default/pkgs/python-3.9.23-hc30ae73_0_cpython
appears to be corrupted. The path 'lib/python3.9/lib2to3/fixes/__pycache__/fix_operator.cpython-39.pyc'
specified in the package manifest cannot be found.

CondaVerificationError: The package for python located at /local/scratch/autoafids/.pixi/envs/default/pkgs/python-3.9.23-hc30ae73_0_cpython
appears to be corrupted. The path 'lib/python3.9/lib2to3/fixes/__pycache__/fix_raise.cpython-39.pyc'
specified in the package manifest cannot be found.

CondaVerificationError: The package for python located at /local/scratch/autoafids/.pixi/envs/default/pkgs/python-3.9.23-hc30ae73_0_cpython
appears to be corrupted. The path 'lib/python3.9/lib2to3/fixes/__pycache__/fix_raw_input.cpython-39.pyc'
specified in the package manifest cannot be found.

CondaVerificationError: The package for python located at /local/scratch/autoafids/.pixi/envs/default/pkgs/python-3.9.23-hc30ae73_0_cpython
appears to be corrupted. The path 'lib/python3.9/lib2to3/fixes/__pycache__/fix_reload.cpython-39.pyc'
specified in the package manifest cannot be found.

CondaVerificationError: The package for python located at /local/scratch/autoafids/.pixi/envs/default/pkgs/python-3.9.23-hc30ae73_0_cpython
appears to be corrupted. The path 'lib/python3.9/lib2to3/fixes/__pycache__/fix_renames.cpython-39.pyc'
specified in the package manifest cannot be found.

CondaVerificationError: The package for python located at /local/scratch/autoafids/.pixi/envs/default/pkgs/python-3.9.23-hc30ae73_0_cpython
appears to be corrupted. The path 'lib/python3.9/lib2to3/fixes/__pycache__/fix_repr.cpython-39.pyc'
specified in the package manifest cannot be found.

CondaVerificationError: The package for python located at /local/scratch/autoafids/.pixi/envs/default/pkgs/python-3.9.23-hc30ae73_0_cpython
appears to be corrupted. The path 'lib/python3.9/lib2to3/fixes/__pycache__/fix_set_literal.cpython-39.pyc'
specified in the package manifest cannot be found.

CondaVerificationError: The package for python located at /local/scratch/autoafids/.pixi/envs/default/pkgs/python-3.9.23-hc30ae73_0_cpython
appears to be corrupted. The path 'lib/python3.9/lib2to3/fixes/__pycache__/fix_standarderror.cpython-39.pyc'
specified in the package manifest cannot be found.

CondaVerificationError: The package for python located at /local/scratch/autoafids/.pixi/envs/default/pkgs/python-3.9.23-hc30ae73_0_cpython
appears to be corrupted. The path 'lib/python3.9/lib2to3/fixes/__pycache__/fix_sys_exc.cpython-39.pyc'
specified in the package manifest cannot be found.

CondaVerificationError: The package for python located at /local/scratch/autoafids/.pixi/envs/default/pkgs/python-3.9.23-hc30ae73_0_cpython
appears to be corrupted. The path 'lib/python3.9/lib2to3/fixes/__pycache__/fix_tuple_params.cpython-39.pyc'
specified in the package manifest cannot be found.

CondaVerificationError: The package for python located at /local/scratch/autoafids/.pixi/envs/default/pkgs/python-3.9.23-hc30ae73_0_cpython
appears to be corrupted. The path 'lib/python3.9/lib2to3/fixes/__pycache__/fix_types.cpython-39.pyc'
specified in the package manifest cannot be found.

CondaVerificationError: The package for python located at /local/scratch/autoafids/.pixi/envs/default/pkgs/python-3.9.23-hc30ae73_0_cpython
appears to be corrupted. The path 'lib/python3.9/lib2to3/fixes/__pycache__/fix_unicode.cpython-39.pyc'
specified in the package manifest cannot be found.

CondaVerificationError: The package for python located at /local/scratch/autoafids/.pixi/envs/default/pkgs/python-3.9.23-hc30ae73_0_cpython
appears to be corrupted. The path 'lib/python3.9/lib2to3/fixes/__pycache__/fix_ws_comma.cpython-39.pyc'
specified in the package manifest cannot be found.

CondaVerificationError: The package for python located at /local/scratch/autoafids/.pixi/envs/default/pkgs/python-3.9.23-hc30ae73_0_cpython
appears to be corrupted. The path 'lib/python3.9/lib2to3/fixes/__pycache__/fix_xrange.cpython-39.pyc'
specified in the package manifest cannot be found.

CondaVerificationError: The package for python located at /local/scratch/autoafids/.pixi/envs/default/pkgs/python-3.9.23-hc30ae73_0_cpython
appears to be corrupted. The path 'lib/python3.9/lib2to3/fixes/__pycache__/fix_xreadlines.cpython-39.pyc'
specified in the package manifest cannot be found.

CondaVerificationError: The package for python located at /local/scratch/autoafids/.pixi/envs/default/pkgs/python-3.9.23-hc30ae73_0_cpython
appears to be corrupted. The path 'lib/python3.9/lib2to3/fixes/__pycache__/fix_zip.cpython-39.pyc'
specified in the package manifest cannot be found.

CondaVerificationError: The package for python located at /local/scratch/autoafids/.pixi/envs/default/pkgs/python-3.9.23-hc30ae73_0_cpython
appears to be corrupted. The path 'lib/python3.9/lib2to3/fixes/fix_apply.py'
specified in the package manifest cannot be found.

CondaVerificationError: The package for python located at /local/scratch/autoafids/.pixi/envs/default/pkgs/python-3.9.23-hc30ae73_0_cpython
appears to be corrupted. The path 'lib/python3.9/lib2to3/fixes/fix_asserts.py'
specified in the package manifest cannot be found.

CondaVerificationError: The package for python located at /local/scratch/autoafids/.pixi/envs/default/pkgs/python-3.9.23-hc30ae73_0_cpython
appears to be corrupted. The path 'lib/python3.9/lib2to3/fixes/fix_basestring.py'
specified in the package manifest cannot be found.

CondaVerificationError: The package for python located at /local/scratch/autoafids/.pixi/envs/default/pkgs/python-3.9.23-hc30ae73_0_cpython
appears to be corrupted. The path 'lib/python3.9/lib2to3/fixes/fix_buffer.py'
specified in the package manifest cannot be found.

CondaVerificationError: The package for python located at /local/scratch/autoafids/.pixi/envs/default/pkgs/python-3.9.23-hc30ae73_0_cpython
appears to be corrupted. The path 'lib/python3.9/lib2to3/fixes/fix_dict.py'
specified in the package manifest cannot be found.

CondaVerificationError: The package for python located at /local/scratch/autoafids/.pixi/envs/default/pkgs/python-3.9.23-hc30ae73_0_cpython
appears to be corrupted. The path 'lib/python3.9/lib2to3/fixes/fix_exec.py'
specified in the package manifest cannot be found.

CondaVerificationError: The package for python located at /local/scratch/autoafids/.pixi/envs/default/pkgs/python-3.9.23-hc30ae73_0_cpython
appears to be corrupted. The path 'lib/python3.9/lib2to3/fixes/fix_exitfunc.py'
specified in the package manifest cannot be found.

CondaVerificationError: The package for python located at /local/scratch/autoafids/.pixi/envs/default/pkgs/python-3.9.23-hc30ae73_0_cpython
appears to be corrupted. The path 'lib/python3.9/lib2to3/fixes/fix_filter.py'
specified in the package manifest cannot be found.

CondaVerificationError: The package for python located at /local/scratch/autoafids/.pixi/envs/default/pkgs/python-3.9.23-hc30ae73_0_cpython
appears to be corrupted. The path 'lib/python3.9/lib2to3/fixes/fix_funcattrs.py'
specified in the package manifest cannot be found.

CondaVerificationError: The package for python located at /local/scratch/autoafids/.pixi/envs/default/pkgs/python-3.9.23-hc30ae73_0_cpython
appears to be corrupted. The path 'lib/python3.9/lib2to3/fixes/fix_future.py'
specified in the package manifest cannot be found.

CondaVerificationError: The package for python located at /local/scratch/autoafids/.pixi/envs/default/pkgs/python-3.9.23-hc30ae73_0_cpython
appears to be corrupted. The path 'lib/python3.9/lib2to3/fixes/fix_has_key.py'
specified in the package manifest cannot be found.

CondaVerificationError: The package for python located at /local/scratch/autoafids/.pixi/envs/default/pkgs/python-3.9.23-hc30ae73_0_cpython
appears to be corrupted. The path 'lib/python3.9/lib2to3/fixes/fix_idioms.py'
specified in the package manifest cannot be found.

CondaVerificationError: The package for python located at /local/scratch/autoafids/.pixi/envs/default/pkgs/python-3.9.23-hc30ae73_0_cpython
appears to be corrupted. The path 'lib/python3.9/lib2to3/fixes/fix_imports.py'
specified in the package manifest cannot be found.

CondaVerificationError: The package for python located at /local/scratch/autoafids/.pixi/envs/default/pkgs/python-3.9.23-hc30ae73_0_cpython
appears to be corrupted. The path 'lib/python3.9/lib2to3/fixes/fix_imports2.py'
specified in the package manifest cannot be found.

CondaVerificationError: The package for python located at /local/scratch/autoafids/.pixi/envs/default/pkgs/python-3.9.23-hc30ae73_0_cpython
appears to be corrupted. The path 'lib/python3.9/lib2to3/fixes/fix_input.py'
specified in the package manifest cannot be found.

CondaVerificationError: The package for python located at /local/scratch/autoafids/.pixi/envs/default/pkgs/python-3.9.23-hc30ae73_0_cpython
appears to be corrupted. The path 'lib/python3.9/lib2to3/fixes/fix_intern.py'
specified in the package manifest cannot be found.

CondaVerificationError: The package for python located at /local/scratch/autoafids/.pixi/envs/default/pkgs/python-3.9.23-hc30ae73_0_cpython
appears to be corrupted. The path 'lib/python3.9/lib2to3/fixes/fix_isinstance.py'
specified in the package manifest cannot be found.

CondaVerificationError: The package for python located at /local/scratch/autoafids/.pixi/envs/default/pkgs/python-3.9.23-hc30ae73_0_cpython
appears to be corrupted. The path 'lib/python3.9/lib2to3/fixes/fix_itertools.py'
specified in the package manifest cannot be found.

CondaVerificationError: The package for python located at /local/scratch/autoafids/.pixi/envs/default/pkgs/python-3.9.23-hc30ae73_0_cpython
appears to be corrupted. The path 'lib/python3.9/lib2to3/fixes/fix_map.py'
specified in the package manifest cannot be found.

CondaVerificationError: The package for python located at /local/scratch/autoafids/.pixi/envs/default/pkgs/python-3.9.23-hc30ae73_0_cpython
appears to be corrupted. The path 'lib/python3.9/lib2to3/fixes/fix_metaclass.py'
specified in the package manifest cannot be found.

CondaVerificationError: The package for python located at /local/scratch/autoafids/.pixi/envs/default/pkgs/python-3.9.23-hc30ae73_0_cpython
appears to be corrupted. The path 'lib/python3.9/lib2to3/fixes/fix_ne.py'
specified in the package manifest cannot be found.

CondaVerificationError: The package for python located at /local/scratch/autoafids/.pixi/envs/default/pkgs/python-3.9.23-hc30ae73_0_cpython
appears to be corrupted. The path 'lib/python3.9/lib2to3/fixes/fix_next.py'
specified in the package manifest cannot be found.

CondaVerificationError: The package for python located at /local/scratch/autoafids/.pixi/envs/default/pkgs/python-3.9.23-hc30ae73_0_cpython
appears to be corrupted. The path 'lib/python3.9/lib2to3/fixes/fix_nonzero.py'
specified in the package manifest cannot be found.

CondaVerificationError: The package for python located at /local/scratch/autoafids/.pixi/envs/default/pkgs/python-3.9.23-hc30ae73_0_cpython
appears to be corrupted. The path 'lib/python3.9/lib2to3/fixes/fix_operator.py'
specified in the package manifest cannot be found.

CondaVerificationError: The package for python located at /local/scratch/autoafids/.pixi/envs/default/pkgs/python-3.9.23-hc30ae73_0_cpython
appears to be corrupted. The path 'lib/python3.9/lib2to3/fixes/fix_paren.py'
specified in the package manifest cannot be found.

CondaVerificationError: The package for python located at /local/scratch/autoafids/.pixi/envs/default/pkgs/python-3.9.23-hc30ae73_0_cpython
appears to be corrupted. The path 'lib/python3.9/lib2to3/fixes/fix_print.py'
specified in the package manifest cannot be found.

CondaVerificationError: The package for python located at /local/scratch/autoafids/.pixi/envs/default/pkgs/python-3.9.23-hc30ae73_0_cpython
appears to be corrupted. The path 'lib/python3.9/lib2to3/fixes/fix_raise.py'
specified in the package manifest cannot be found.

CondaVerificationError: The package for python located at /local/scratch/autoafids/.pixi/envs/default/pkgs/python-3.9.23-hc30ae73_0_cpython
appears to be corrupted. The path 'lib/python3.9/lib2to3/fixes/fix_raw_input.py'
specified in the package manifest cannot be found.

CondaVerificationError: The package for python located at /local/scratch/autoafids/.pixi/envs/default/pkgs/python-3.9.23-hc30ae73_0_cpython
appears to be corrupted. The path 'lib/python3.9/lib2to3/fixes/fix_reduce.py'
specified in the package manifest cannot be found.

CondaVerificationError: The package for python located at /local/scratch/autoafids/.pixi/envs/default/pkgs/python-3.9.23-hc30ae73_0_cpython
appears to be corrupted. The path 'lib/python3.9/lib2to3/fixes/fix_reload.py'
specified in the package manifest cannot be found.

CondaVerificationError: The package for python located at /local/scratch/autoafids/.pixi/envs/default/pkgs/python-3.9.23-hc30ae73_0_cpython
appears to be corrupted. The path 'lib/python3.9/lib2to3/fixes/fix_repr.py'
specified in the package manifest cannot be found.

CondaVerificationError: The package for python located at /local/scratch/autoafids/.pixi/envs/default/pkgs/python-3.9.23-hc30ae73_0_cpython
appears to be corrupted. The path 'lib/python3.9/lib2to3/fixes/fix_sys_exc.py'
specified in the package manifest cannot be found.

CondaVerificationError: The package for python located at /local/scratch/autoafids/.pixi/envs/default/pkgs/python-3.9.23-hc30ae73_0_cpython
appears to be corrupted. The path 'lib/python3.9/lib2to3/fixes/fix_throw.py'
specified in the package manifest cannot be found.

CondaVerificationError: The package for python located at /local/scratch/autoafids/.pixi/envs/default/pkgs/python-3.9.23-hc30ae73_0_cpython
appears to be corrupted. The path 'lib/python3.9/lib2to3/fixes/fix_tuple_params.py'
specified in the package manifest cannot be found.

CondaVerificationError: The package for python located at /local/scratch/autoafids/.pixi/envs/default/pkgs/python-3.9.23-hc30ae73_0_cpython
appears to be corrupted. The path 'lib/python3.9/lib2to3/fixes/fix_types.py'
specified in the package manifest cannot be found.

CondaVerificationError: The package for python located at /local/scratch/autoafids/.pixi/envs/default/pkgs/python-3.9.23-hc30ae73_0_cpython
appears to be corrupted. The path 'lib/python3.9/lib2to3/fixes/fix_unicode.py'
specified in the package manifest cannot be found.

CondaVerificationError: The package for python located at /local/scratch/autoafids/.pixi/envs/default/pkgs/python-3.9.23-hc30ae73_0_cpython
appears to be corrupted. The path 'lib/python3.9/lib2to3/fixes/fix_urllib.py'
specified in the package manifest cannot be found.

CondaVerificationError: The package for python located at /local/scratch/autoafids/.pixi/envs/default/pkgs/python-3.9.23-hc30ae73_0_cpython
appears to be corrupted. The path 'lib/python3.9/lib2to3/fixes/fix_xrange.py'
specified in the package manifest cannot be found.

CondaVerificationError: The package for python located at /local/scratch/autoafids/.pixi/envs/default/pkgs/python-3.9.23-hc30ae73_0_cpython
appears to be corrupted. The path 'lib/python3.9/lib2to3/fixes/fix_xreadlines.py'
specified in the package manifest cannot be found.

CondaVerificationError: The package for python located at /local/scratch/autoafids/.pixi/envs/default/pkgs/python-3.9.23-hc30ae73_0_cpython
appears to be corrupted. The path 'lib/python3.9/lib2to3/fixes/fix_zip.py'
specified in the package manifest cannot be found.

CondaVerificationError: The package for python located at /local/scratch/autoafids/.pixi/envs/default/pkgs/python-3.9.23-hc30ae73_0_cpython
appears to be corrupted. The path 'lib/python3.9/lib2to3/main.py'
specified in the package manifest cannot be found.

CondaVerificationError: The package for python located at /local/scratch/autoafids/.pixi/envs/default/pkgs/python-3.9.23-hc30ae73_0_cpython
appears to be corrupted. The path 'lib/python3.9/lib2to3/patcomp.py'
specified in the package manifest cannot be found.

CondaVerificationError: The package for python located at /local/scratch/autoafids/.pixi/envs/default/pkgs/python-3.9.23-hc30ae73_0_cpython
appears to be corrupted. The path 'lib/python3.9/lib2to3/pgen2/__init__.py'
specified in the package manifest cannot be found.

CondaVerificationError: The package for python located at /local/scratch/autoafids/.pixi/envs/default/pkgs/python-3.9.23-hc30ae73_0_cpython
appears to be corrupted. The path 'lib/python3.9/lib2to3/pgen2/__pycache__/__init__.cpython-39.pyc'
specified in the package manifest cannot be found.

CondaVerificationError: The package for python located at /local/scratch/autoafids/.pixi/envs/default/pkgs/python-3.9.23-hc30ae73_0_cpython
appears to be corrupted. The path 'lib/python3.9/lib2to3/pgen2/__pycache__/driver.cpython-39.pyc'
specified in the package manifest cannot be found.

CondaVerificationError: The package for python located at /local/scratch/autoafids/.pixi/envs/default/pkgs/python-3.9.23-hc30ae73_0_cpython
appears to be corrupted. The path 'lib/python3.9/lib2to3/pgen2/__pycache__/grammar.cpython-39.pyc'
specified in the package manifest cannot be found.

CondaVerificationError: The package for python located at /local/scratch/autoafids/.pixi/envs/default/pkgs/python-3.9.23-hc30ae73_0_cpython
appears to be corrupted. The path 'lib/python3.9/lib2to3/pgen2/__pycache__/literals.cpython-39.pyc'
specified in the package manifest cannot be found.

CondaVerificationError: The package for python located at /local/scratch/autoafids/.pixi/envs/default/pkgs/python-3.9.23-hc30ae73_0_cpython
appears to be corrupted. The path 'lib/python3.9/lib2to3/pgen2/__pycache__/parse.cpython-39.pyc'
specified in the package manifest cannot be found.

CondaVerificationError: The package for python located at /local/scratch/autoafids/.pixi/envs/default/pkgs/python-3.9.23-hc30ae73_0_cpython
appears to be corrupted. The path 'lib/python3.9/lib2to3/pgen2/__pycache__/pgen.cpython-39.pyc'
specified in the package manifest cannot be found.

CondaVerificationError: The package for python located at /local/scratch/autoafids/.pixi/envs/default/pkgs/python-3.9.23-hc30ae73_0_cpython
appears to be corrupted. The path 'lib/python3.9/lib2to3/pgen2/__pycache__/token.cpython-39.pyc'
specified in the package manifest cannot be found.

CondaVerificationError: The package for python located at /local/scratch/autoafids/.pixi/envs/default/pkgs/python-3.9.23-hc30ae73_0_cpython
appears to be corrupted. The path 'lib/python3.9/lib2to3/pgen2/driver.py'
specified in the package manifest cannot be found.

CondaVerificationError: The package for python located at /local/scratch/autoafids/.pixi/envs/default/pkgs/python-3.9.23-hc30ae73_0_cpython
appears to be corrupted. The path 'lib/python3.9/lib2to3/pgen2/grammar.py'
specified in the package manifest cannot be found.

CondaVerificationError: The package for python located at /local/scratch/autoafids/.pixi/envs/default/pkgs/python-3.9.23-hc30ae73_0_cpython
appears to be corrupted. The path 'lib/python3.9/lib2to3/pgen2/literals.py'
specified in the package manifest cannot be found.

CondaVerificationError: The package for python located at /local/scratch/autoafids/.pixi/envs/default/pkgs/python-3.9.23-hc30ae73_0_cpython
appears to be corrupted. The path 'lib/python3.9/lib2to3/pgen2/parse.py'
specified in the package manifest cannot be found.

CondaVerificationError: The package for python located at /local/scratch/autoafids/.pixi/envs/default/pkgs/python-3.9.23-hc30ae73_0_cpython
appears to be corrupted. The path 'lib/python3.9/lib2to3/pgen2/pgen.py'
specified in the package manifest cannot be found.

CondaVerificationError: The package for python located at /local/scratch/autoafids/.pixi/envs/default/pkgs/python-3.9.23-hc30ae73_0_cpython
appears to be corrupted. The path 'lib/python3.9/lib2to3/pgen2/token.py'
specified in the package manifest cannot be found.

CondaVerificationError: The package for python located at /local/scratch/autoafids/.pixi/envs/default/pkgs/python-3.9.23-hc30ae73_0_cpython
appears to be corrupted. The path 'lib/python3.9/lib2to3/pgen2/tokenize.py'
specified in the package manifest cannot be found.

CondaVerificationError: The package for python located at /local/scratch/autoafids/.pixi/envs/default/pkgs/python-3.9.23-hc30ae73_0_cpython
appears to be corrupted. The path 'lib/python3.9/lib2to3/pytree.py'
specified in the package manifest cannot be found.

CondaVerificationError: The package for python located at /local/scratch/autoafids/.pixi/envs/default/pkgs/python-3.9.23-hc30ae73_0_cpython
appears to be corrupted. The path 'lib/python3.9/lib2to3/refactor.py'
specified in the package manifest cannot be found.

CondaVerificationError: The package for python located at /local/scratch/autoafids/.pixi/envs/default/pkgs/python-3.9.23-hc30ae73_0_cpython
appears to be corrupted. The path 'lib/python3.9/lib2to3/tests/__pycache__/__init__.cpython-39.pyc'
specified in the package manifest cannot be found.

CondaVerificationError: The package for python located at /local/scratch/autoafids/.pixi/envs/default/pkgs/python-3.9.23-hc30ae73_0_cpython
appears to be corrupted. The path 'lib/python3.9/lib2to3/tests/__pycache__/pytree_idempotency.cpython-39.pyc'
specified in the package manifest cannot be found.

CondaVerificationError: The package for python located at /local/scratch/autoafids/.pixi/envs/default/pkgs/python-3.9.23-hc30ae73_0_cpython
appears to be corrupted. The path 'lib/python3.9/lib2to3/tests/__pycache__/test_all_fixers.cpython-39.pyc'
specified in the package manifest cannot be found.

CondaVerificationError: The package for python located at /local/scratch/autoafids/.pixi/envs/default/pkgs/python-3.9.23-hc30ae73_0_cpython
appears to be corrupted. The path 'lib/python3.9/lib2to3/tests/__pycache__/test_main.cpython-39.pyc'
specified in the package manifest cannot be found.

CondaVerificationError: The package for python located at /local/scratch/autoafids/.pixi/envs/default/pkgs/python-3.9.23-hc30ae73_0_cpython
appears to be corrupted. The path 'lib/python3.9/lib2to3/tests/__pycache__/test_parser.cpython-39.pyc'
specified in the package manifest cannot be found.

CondaVerificationError: The package for python located at /local/scratch/autoafids/.pixi/envs/default/pkgs/python-3.9.23-hc30ae73_0_cpython
appears to be corrupted. The path 'lib/python3.9/lib2to3/tests/__pycache__/test_pytree.cpython-39.pyc'
specified in the package manifest cannot be found.

CondaVerificationError: The package for python located at /local/scratch/autoafids/.pixi/envs/default/pkgs/python-3.9.23-hc30ae73_0_cpython
appears to be corrupted. The path 'lib/python3.9/lib2to3/tests/__pycache__/test_refactor.cpython-39.pyc'
specified in the package manifest cannot be found.

CondaVerificationError: The package for python located at /local/scratch/autoafids/.pixi/envs/default/pkgs/python-3.9.23-hc30ae73_0_cpython
appears to be corrupted. The path 'lib/python3.9/lib2to3/tests/data/README'
specified in the package manifest cannot be found.

CondaVerificationError: The package for python located at /local/scratch/autoafids/.pixi/envs/default/pkgs/python-3.9.23-hc30ae73_0_cpython
appears to be corrupted. The path 'lib/python3.9/lib2to3/tests/data/__pycache__/infinite_recursion.cpython-39.pyc'
specified in the package manifest cannot be found.

CondaVerificationError: The package for python located at /local/scratch/autoafids/.pixi/envs/default/pkgs/python-3.9.23-hc30ae73_0_cpython
appears to be corrupted. The path 'lib/python3.9/lib2to3/tests/data/__pycache__/py3_test_grammar.cpython-39.pyc'
specified in the package manifest cannot be found.

CondaVerificationError: The package for python located at /local/scratch/autoafids/.pixi/envs/default/pkgs/python-3.9.23-hc30ae73_0_cpython
appears to be corrupted. The path 'lib/python3.9/lib2to3/tests/data/bom.py'
specified in the package manifest cannot be found.

CondaVerificationError: The package for python located at /local/scratch/autoafids/.pixi/envs/default/pkgs/python-3.9.23-hc30ae73_0_cpython
appears to be corrupted. The path 'lib/python3.9/lib2to3/tests/data/crlf.py'
specified in the package manifest cannot be found.

CondaVerificationError: The package for python located at /local/scratch/autoafids/.pixi/envs/default/pkgs/python-3.9.23-hc30ae73_0_cpython
appears to be corrupted. The path 'lib/python3.9/lib2to3/tests/data/different_encoding.py'
specified in the package manifest cannot be found.

CondaVerificationError: The package for python located at /local/scratch/autoafids/.pixi/envs/default/pkgs/python-3.9.23-hc30ae73_0_cpython
appears to be corrupted. The path 'lib/python3.9/lib2to3/tests/data/false_encoding.py'
specified in the package manifest cannot be found.

CondaVerificationError: The package for python located at /local/scratch/autoafids/.pixi/envs/default/pkgs/python-3.9.23-hc30ae73_0_cpython
appears to be corrupted. The path 'lib/python3.9/lib2to3/tests/data/fixers/__pycache__/parrot_example.cpython-39.pyc'
specified in the package manifest cannot be found.

CondaVerificationError: The package for python located at /local/scratch/autoafids/.pixi/envs/default/pkgs/python-3.9.23-hc30ae73_0_cpython
appears to be corrupted. The path 'lib/python3.9/lib2to3/tests/data/fixers/bad_order.py'
specified in the package manifest cannot be found.

CondaVerificationError: The package for python located at /local/scratch/autoafids/.pixi/envs/default/pkgs/python-3.9.23-hc30ae73_0_cpython
appears to be corrupted. The path 'lib/python3.9/lib2to3/tests/data/fixers/myfixes/__init__.py'
specified in the package manifest cannot be found.

CondaVerificationError: The package for python located at /local/scratch/autoafids/.pixi/envs/default/pkgs/python-3.9.23-hc30ae73_0_cpython
appears to be corrupted. The path 'lib/python3.9/lib2to3/tests/data/fixers/myfixes/__pycache__/__init__.cpython-39.pyc'
specified in the package manifest cannot be found.

CondaVerificationError: The package for python located at /local/scratch/autoafids/.pixi/envs/default/pkgs/python-3.9.23-hc30ae73_0_cpython
appears to be corrupted. The path 'lib/python3.9/lib2to3/tests/data/fixers/myfixes/__pycache__/fix_explicit.cpython-39.pyc'
specified in the package manifest cannot be found.

CondaVerificationError: The package for python located at /local/scratch/autoafids/.pixi/envs/default/pkgs/python-3.9.23-hc30ae73_0_cpython
appears to be corrupted. The path 'lib/python3.9/lib2to3/tests/data/fixers/myfixes/__pycache__/fix_first.cpython-39.pyc'
specified in the package manifest cannot be found.

CondaVerificationError: The package for python located at /local/scratch/autoafids/.pixi/envs/default/pkgs/python-3.9.23-hc30ae73_0_cpython
appears to be corrupted. The path 'lib/python3.9/lib2to3/tests/data/fixers/myfixes/__pycache__/fix_last.cpython-39.pyc'
specified in the package manifest cannot be found.

CondaVerificationError: The package for python located at /local/scratch/autoafids/.pixi/envs/default/pkgs/python-3.9.23-hc30ae73_0_cpython
appears to be corrupted. The path 'lib/python3.9/lib2to3/tests/data/fixers/myfixes/__pycache__/fix_parrot.cpython-39.pyc'
specified in the package manifest cannot be found.

CondaVerificationError: The package for python located at /local/scratch/autoafids/.pixi/envs/default/pkgs/python-3.9.23-hc30ae73_0_cpython
appears to be corrupted. The path 'lib/python3.9/lib2to3/tests/data/fixers/myfixes/fix_explicit.py'
specified in the package manifest cannot be found.

CondaVerificationError: The package for python located at /local/scratch/autoafids/.pixi/envs/default/pkgs/python-3.9.23-hc30ae73_0_cpython
appears to be corrupted. The path 'lib/python3.9/lib2to3/tests/data/fixers/myfixes/fix_first.py'
specified in the package manifest cannot be found.

CondaVerificationError: The package for python located at /local/scratch/autoafids/.pixi/envs/default/pkgs/python-3.9.23-hc30ae73_0_cpython
appears to be corrupted. The path 'lib/python3.9/lib2to3/tests/data/fixers/myfixes/fix_parrot.py'
specified in the package manifest cannot be found.

CondaVerificationError: The package for python located at /local/scratch/autoafids/.pixi/envs/default/pkgs/python-3.9.23-hc30ae73_0_cpython
appears to be corrupted. The path 'lib/python3.9/lib2to3/tests/data/fixers/myfixes/fix_preorder.py'
specified in the package manifest cannot be found.

CondaVerificationError: The package for python located at /local/scratch/autoafids/.pixi/envs/default/pkgs/python-3.9.23-hc30ae73_0_cpython
appears to be corrupted. The path 'lib/python3.9/lib2to3/tests/data/fixers/parrot_example.py'
specified in the package manifest cannot be found.

CondaVerificationError: The package for python located at /local/scratch/autoafids/.pixi/envs/default/pkgs/python-3.9.23-hc30ae73_0_cpython
appears to be corrupted. The path 'lib/python3.9/lib2to3/tests/data/infinite_recursion.py'
specified in the package manifest cannot be found.

CondaVerificationError: The package for python located at /local/scratch/autoafids/.pixi/envs/default/pkgs/python-3.9.23-hc30ae73_0_cpython
appears to be corrupted. The path 'lib/python3.9/lib2to3/tests/data/py2_test_grammar.py'
specified in the package manifest cannot be found.

CondaVerificationError: The package for python located at /local/scratch/autoafids/.pixi/envs/default/pkgs/python-3.9.23-hc30ae73_0_cpython
appears to be corrupted. The path 'lib/python3.9/lib2to3/tests/data/py3_test_grammar.py'
specified in the package manifest cannot be found.

CondaVerificationError: The package for python located at /local/scratch/autoafids/.pixi/envs/default/pkgs/python-3.9.23-hc30ae73_0_cpython
appears to be corrupted. The path 'lib/python3.9/lib2to3/tests/support.py'
specified in the package manifest cannot be found.

CondaVerificationError: The package for python located at /local/scratch/autoafids/.pixi/envs/default/pkgs/python-3.9.23-hc30ae73_0_cpython
appears to be corrupted. The path 'lib/python3.9/lib2to3/tests/test_all_fixers.py'
specified in the package manifest cannot be found.

CondaVerificationError: The package for python located at /local/scratch/autoafids/.pixi/envs/default/pkgs/python-3.9.23-hc30ae73_0_cpython
appears to be corrupted. The path 'lib/python3.9/lib2to3/tests/test_main.py'
specified in the package manifest cannot be found.

CondaVerificationError: The package for python located at /local/scratch/autoafids/.pixi/envs/default/pkgs/python-3.9.23-hc30ae73_0_cpython
appears to be corrupted. The path 'lib/python3.9/lib2to3/tests/test_parser.py'
specified in the package manifest cannot be found.

CondaVerificationError: The package for python located at /local/scratch/autoafids/.pixi/envs/default/pkgs/python-3.9.23-hc30ae73_0_cpython
appears to be corrupted. The path 'lib/python3.9/lib2to3/tests/test_refactor.py'
specified in the package manifest cannot be found.

CondaVerificationError: The package for python located at /local/scratch/autoafids/.pixi/envs/default/pkgs/python-3.9.23-hc30ae73_0_cpython
appears to be corrupted. The path 'lib/python3.9/lib2to3/tests/test_util.py'
specified in the package manifest cannot be found.

CondaVerificationError: The package for python located at /local/scratch/autoafids/.pixi/envs/default/pkgs/python-3.9.23-hc30ae73_0_cpython
appears to be corrupted. The path 'lib/python3.9/linecache.py'
specified in the package manifest cannot be found.

CondaVerificationError: The package for python located at /local/scratch/autoafids/.pixi/envs/default/pkgs/python-3.9.23-hc30ae73_0_cpython
appears to be corrupted. The path 'lib/python3.9/locale.py'
specified in the package manifest cannot be found.

CondaVerificationError: The package for python located at /local/scratch/autoafids/.pixi/envs/default/pkgs/python-3.9.23-hc30ae73_0_cpython
appears to be corrupted. The path 'lib/python3.9/logging/__init__.py'
specified in the package manifest cannot be found.

CondaVerificationError: The package for python located at /local/scratch/autoafids/.pixi/envs/default/pkgs/python-3.9.23-hc30ae73_0_cpython
appears to be corrupted. The path 'lib/python3.9/logging/__pycache__/handlers.cpython-39.pyc'
specified in the package manifest cannot be found.

CondaVerificationError: The package for python located at /local/scratch/autoafids/.pixi/envs/default/pkgs/python-3.9.23-hc30ae73_0_cpython
appears to be corrupted. The path 'lib/python3.9/logging/config.py'
specified in the package manifest cannot be found.

CondaVerificationError: The package for python located at /local/scratch/autoafids/.pixi/envs/default/pkgs/python-3.9.23-hc30ae73_0_cpython
appears to be corrupted. The path 'lib/python3.9/lzma.py'
specified in the package manifest cannot be found.

CondaVerificationError: The package for python located at /local/scratch/autoafids/.pixi/envs/default/pkgs/python-3.9.23-hc30ae73_0_cpython
appears to be corrupted. The path 'lib/python3.9/mailbox.py'
specified in the package manifest cannot be found.

CondaVerificationError: The package for python located at /local/scratch/autoafids/.pixi/envs/default/pkgs/python-3.9.23-hc30ae73_0_cpython
appears to be corrupted. The path 'lib/python3.9/mailcap.py'
specified in the package manifest cannot be found.

CondaVerificationError: The package for python located at /local/scratch/autoafids/.pixi/envs/default/pkgs/python-3.9.23-hc30ae73_0_cpython
appears to be corrupted. The path 'lib/python3.9/mimetypes.py'
specified in the package manifest cannot be found.

CondaVerificationError: The package for python located at /local/scratch/autoafids/.pixi/envs/default/pkgs/python-3.9.23-hc30ae73_0_cpython
appears to be corrupted. The path 'lib/python3.9/modulefinder.py'
specified in the package manifest cannot be found.

CondaVerificationError: The package for python located at /local/scratch/autoafids/.pixi/envs/default/pkgs/python-3.9.23-hc30ae73_0_cpython
appears to be corrupted. The path 'lib/python3.9/multiprocessing/__init__.py'
specified in the package manifest cannot be found.

CondaVerificationError: The package for python located at /local/scratch/autoafids/.pixi/envs/default/pkgs/python-3.9.23-hc30ae73_0_cpython
appears to be corrupted. The path 'lib/python3.9/multiprocessing/__pycache__/__init__.cpython-39.pyc'
specified in the package manifest cannot be found.

CondaVerificationError: The package for python located at /local/scratch/autoafids/.pixi/envs/default/pkgs/python-3.9.23-hc30ae73_0_cpython
appears to be corrupted. The path 'lib/python3.9/multiprocessing/__pycache__/connection.cpython-39.pyc'
specified in the package manifest cannot be found.

CondaVerificationError: The package for python located at /local/scratch/autoafids/.pixi/envs/default/pkgs/python-3.9.23-hc30ae73_0_cpython
appears to be corrupted. The path 'lib/python3.9/multiprocessing/__pycache__/context.cpython-39.pyc'
specified in the package manifest cannot be found.

CondaVerificationError: The package for python located at /local/scratch/autoafids/.pixi/envs/default/pkgs/python-3.9.23-hc30ae73_0_cpython
appears to be corrupted. The path 'lib/python3.9/multiprocessing/__pycache__/forkserver.cpython-39.pyc'
specified in the package manifest cannot be found.

CondaVerificationError: The package for python located at /local/scratch/autoafids/.pixi/envs/default/pkgs/python-3.9.23-hc30ae73_0_cpython
appears to be corrupted. The path 'lib/python3.9/multiprocessing/__pycache__/heap.cpython-39.pyc'
specified in the package manifest cannot be found.

CondaVerificationError: The package for python located at /local/scratch/autoafids/.pixi/envs/default/pkgs/python-3.9.23-hc30ae73_0_cpython
appears to be corrupted. The path 'lib/python3.9/multiprocessing/__pycache__/pool.cpython-39.pyc'
specified in the package manifest cannot be found.

CondaVerificationError: The package for python located at /local/scratch/autoafids/.pixi/envs/default/pkgs/python-3.9.23-hc30ae73_0_cpython
appears to be corrupted. The path 'lib/python3.9/multiprocessing/__pycache__/popen_fork.cpython-39.pyc'
specified in the package manifest cannot be found.

CondaVerificationError: The package for python located at /local/scratch/autoafids/.pixi/envs/default/pkgs/python-3.9.23-hc30ae73_0_cpython
appears to be corrupted. The path 'lib/python3.9/multiprocessing/__pycache__/popen_spawn_posix.cpython-39.pyc'
specified in the package manifest cannot be found.

CondaVerificationError: The package for python located at /local/scratch/autoafids/.pixi/envs/default/pkgs/python-3.9.23-hc30ae73_0_cpython
appears to be corrupted. The path 'lib/python3.9/multiprocessing/__pycache__/popen_spawn_win32.cpython-39.pyc'
specified in the package manifest cannot be found.

CondaVerificationError: The package for python located at /local/scratch/autoafids/.pixi/envs/default/pkgs/python-3.9.23-hc30ae73_0_cpython
appears to be corrupted. The path 'lib/python3.9/multiprocessing/__pycache__/process.cpython-39.pyc'
specified in the package manifest cannot be found.

CondaVerificationError: The package for python located at /local/scratch/autoafids/.pixi/envs/default/pkgs/python-3.9.23-hc30ae73_0_cpython
appears to be corrupted. The path 'lib/python3.9/multiprocessing/__pycache__/resource_sharer.cpython-39.pyc'
specified in the package manifest cannot be found.

CondaVerificationError: The package for python located at /local/scratch/autoafids/.pixi/envs/default/pkgs/python-3.9.23-hc30ae73_0_cpython
appears to be corrupted. The path 'lib/python3.9/multiprocessing/__pycache__/resource_tracker.cpython-39.pyc'
specified in the package manifest cannot be found.

CondaVerificationError: The package for python located at /local/scratch/autoafids/.pixi/envs/default/pkgs/python-3.9.23-hc30ae73_0_cpython
appears to be corrupted. The path 'lib/python3.9/multiprocessing/__pycache__/shared_memory.cpython-39.pyc'
specified in the package manifest cannot be found.

CondaVerificationError: The package for python located at /local/scratch/autoafids/.pixi/envs/default/pkgs/python-3.9.23-hc30ae73_0_cpython
appears to be corrupted. The path 'lib/python3.9/multiprocessing/__pycache__/sharedctypes.cpython-39.pyc'
specified in the package manifest cannot be found.

CondaVerificationError: The package for python located at /local/scratch/autoafids/.pixi/envs/default/pkgs/python-3.9.23-hc30ae73_0_cpython
appears to be corrupted. The path 'lib/python3.9/multiprocessing/__pycache__/spawn.cpython-39.pyc'
specified in the package manifest cannot be found.

CondaVerificationError: The package for python located at /local/scratch/autoafids/.pixi/envs/default/pkgs/python-3.9.23-hc30ae73_0_cpython
appears to be corrupted. The path 'lib/python3.9/multiprocessing/__pycache__/synchronize.cpython-39.pyc'
specified in the package manifest cannot be found.

CondaVerificationError: The package for python located at /local/scratch/autoafids/.pixi/envs/default/pkgs/python-3.9.23-hc30ae73_0_cpython
appears to be corrupted. The path 'lib/python3.9/multiprocessing/__pycache__/util.cpython-39.pyc'
specified in the package manifest cannot be found.

CondaVerificationError: The package for python located at /local/scratch/autoafids/.pixi/envs/default/pkgs/python-3.9.23-hc30ae73_0_cpython
appears to be corrupted. The path 'lib/python3.9/multiprocessing/connection.py'
specified in the package manifest cannot be found.

CondaVerificationError: The package for python located at /local/scratch/autoafids/.pixi/envs/default/pkgs/python-3.9.23-hc30ae73_0_cpython
appears to be corrupted. The path 'lib/python3.9/multiprocessing/dummy/__init__.py'
specified in the package manifest cannot be found.

CondaVerificationError: The package for python located at /local/scratch/autoafids/.pixi/envs/default/pkgs/python-3.9.23-hc30ae73_0_cpython
appears to be corrupted. The path 'lib/python3.9/multiprocessing/dummy/__pycache__/__init__.cpython-39.pyc'
specified in the package manifest cannot be found.

CondaVerificationError: The package for python located at /local/scratch/autoafids/.pixi/envs/default/pkgs/python-3.9.23-hc30ae73_0_cpython
appears to be corrupted. The path 'lib/python3.9/multiprocessing/dummy/__pycache__/connection.cpython-39.pyc'
specified in the package manifest cannot be found.

CondaVerificationError: The package for python located at /local/scratch/autoafids/.pixi/envs/default/pkgs/python-3.9.23-hc30ae73_0_cpython
appears to be corrupted. The path 'lib/python3.9/multiprocessing/forkserver.py'
specified in the package manifest cannot be found.

CondaVerificationError: The package for python located at /local/scratch/autoafids/.pixi/envs/default/pkgs/python-3.9.23-hc30ae73_0_cpython
appears to be corrupted. The path 'lib/python3.9/multiprocessing/heap.py'
specified in the package manifest cannot be found.

CondaVerificationError: The package for python located at /local/scratch/autoafids/.pixi/envs/default/pkgs/python-3.9.23-hc30ae73_0_cpython
appears to be corrupted. The path 'lib/python3.9/multiprocessing/managers.py'
specified in the package manifest cannot be found.

CondaVerificationError: The package for python located at /local/scratch/autoafids/.pixi/envs/default/pkgs/python-3.9.23-hc30ae73_0_cpython
appears to be corrupted. The path 'lib/python3.9/multiprocessing/pool.py'
specified in the package manifest cannot be found.

CondaVerificationError: The package for python located at /local/scratch/autoafids/.pixi/envs/default/pkgs/python-3.9.23-hc30ae73_0_cpython
appears to be corrupted. The path 'lib/python3.9/multiprocessing/popen_spawn_posix.py'
specified in the package manifest cannot be found.

CondaVerificationError: The package for python located at /local/scratch/autoafids/.pixi/envs/default/pkgs/python-3.9.23-hc30ae73_0_cpython
appears to be corrupted. The path 'lib/python3.9/multiprocessing/process.py'
specified in the package manifest cannot be found.

CondaVerificationError: The package for python located at /local/scratch/autoafids/.pixi/envs/default/pkgs/python-3.9.23-hc30ae73_0_cpython
appears to be corrupted. The path 'lib/python3.9/multiprocessing/queues.py'
specified in the package manifest cannot be found.

CondaVerificationError: The package for python located at /local/scratch/autoafids/.pixi/envs/default/pkgs/python-3.9.23-hc30ae73_0_cpython
appears to be corrupted. The path 'lib/python3.9/multiprocessing/resource_sharer.py'
specified in the package manifest cannot be found.

CondaVerificationError: The package for python located at /local/scratch/autoafids/.pixi/envs/default/pkgs/python-3.9.23-hc30ae73_0_cpython
appears to be corrupted. The path 'lib/python3.9/multiprocessing/resource_tracker.py'
specified in the package manifest cannot be found.

CondaVerificationError: The package for python located at /local/scratch/autoafids/.pixi/envs/default/pkgs/python-3.9.23-hc30ae73_0_cpython
appears to be corrupted. The path 'lib/python3.9/multiprocessing/shared_memory.py'
specified in the package manifest cannot be found.

CondaVerificationError: The package for python located at /local/scratch/autoafids/.pixi/envs/default/pkgs/python-3.9.23-hc30ae73_0_cpython
appears to be corrupted. The path 'lib/python3.9/multiprocessing/sharedctypes.py'
specified in the package manifest cannot be found.

CondaVerificationError: The package for python located at /local/scratch/autoafids/.pixi/envs/default/pkgs/python-3.9.23-hc30ae73_0_cpython
appears to be corrupted. The path 'lib/python3.9/multiprocessing/spawn.py'
specified in the package manifest cannot be found.

CondaVerificationError: The package for python located at /local/scratch/autoafids/.pixi/envs/default/pkgs/python-3.9.23-hc30ae73_0_cpython
appears to be corrupted. The path 'lib/python3.9/multiprocessing/synchronize.py'
specified in the package manifest cannot be found.

CondaVerificationError: The package for python located at /local/scratch/autoafids/.pixi/envs/default/pkgs/python-3.9.23-hc30ae73_0_cpython
appears to be corrupted. The path 'lib/python3.9/multiprocessing/util.py'
specified in the package manifest cannot be found.

CondaVerificationError: The package for python located at /local/scratch/autoafids/.pixi/envs/default/pkgs/python-3.9.23-hc30ae73_0_cpython
appears to be corrupted. The path 'lib/python3.9/netrc.py'
specified in the package manifest cannot be found.

CondaVerificationError: The package for python located at /local/scratch/autoafids/.pixi/envs/default/pkgs/python-3.9.23-hc30ae73_0_cpython
appears to be corrupted. The path 'lib/python3.9/nntplib.py'
specified in the package manifest cannot be found.

CondaVerificationError: The package for python located at /local/scratch/autoafids/.pixi/envs/default/pkgs/python-3.9.23-hc30ae73_0_cpython
appears to be corrupted. The path 'lib/python3.9/ntpath.py'
specified in the package manifest cannot be found.

CondaVerificationError: The package for python located at /local/scratch/autoafids/.pixi/envs/default/pkgs/python-3.9.23-hc30ae73_0_cpython
appears to be corrupted. The path 'lib/python3.9/nturl2path.py'
specified in the package manifest cannot be found.

CondaVerificationError: The package for python located at /local/scratch/autoafids/.pixi/envs/default/pkgs/python-3.9.23-hc30ae73_0_cpython
appears to be corrupted. The path 'lib/python3.9/numbers.py'
specified in the package manifest cannot be found.

CondaVerificationError: The package for python located at /local/scratch/autoafids/.pixi/envs/default/pkgs/python-3.9.23-hc30ae73_0_cpython
appears to be corrupted. The path 'lib/python3.9/opcode.py'
specified in the package manifest cannot be found.

CondaVerificationError: The package for python located at /local/scratch/autoafids/.pixi/envs/default/pkgs/python-3.9.23-hc30ae73_0_cpython
appears to be corrupted. The path 'lib/python3.9/optparse.py'
specified in the package manifest cannot be found.

CondaVerificationError: The package for python located at /local/scratch/autoafids/.pixi/envs/default/pkgs/python-3.9.23-hc30ae73_0_cpython
appears to be corrupted. The path 'lib/python3.9/os.py'
specified in the package manifest cannot be found.

CondaVerificationError: The package for python located at /local/scratch/autoafids/.pixi/envs/default/pkgs/python-3.9.23-hc30ae73_0_cpython
appears to be corrupted. The path 'lib/python3.9/pickle.py'
specified in the package manifest cannot be found.

CondaVerificationError: The package for python located at /local/scratch/autoafids/.pixi/envs/default/pkgs/python-3.9.23-hc30ae73_0_cpython
appears to be corrupted. The path 'lib/python3.9/pickletools.py'
specified in the package manifest cannot be found.

CondaVerificationError: The package for python located at /local/scratch/autoafids/.pixi/envs/default/pkgs/python-3.9.23-hc30ae73_0_cpython
appears to be corrupted. The path 'lib/python3.9/pipes.py'
specified in the package manifest cannot be found.

CondaVerificationError: The package for python located at /local/scratch/autoafids/.pixi/envs/default/pkgs/python-3.9.23-hc30ae73_0_cpython
appears to be corrupted. The path 'lib/python3.9/pkgutil.py'
specified in the package manifest cannot be found.

CondaVerificationError: The package for python located at /local/scratch/autoafids/.pixi/envs/default/pkgs/python-3.9.23-hc30ae73_0_cpython
appears to be corrupted. The path 'lib/python3.9/platform.py'
specified in the package manifest cannot be found.

CondaVerificationError: The package for python located at /local/scratch/autoafids/.pixi/envs/default/pkgs/python-3.9.23-hc30ae73_0_cpython
appears to be corrupted. The path 'lib/python3.9/poplib.py'
specified in the package manifest cannot be found.

CondaVerificationError: The package for python located at /local/scratch/autoafids/.pixi/envs/default/pkgs/python-3.9.23-hc30ae73_0_cpython
appears to be corrupted. The path 'lib/python3.9/posixpath.py'
specified in the package manifest cannot be found.

CondaVerificationError: The package for python located at /local/scratch/autoafids/.pixi/envs/default/pkgs/python-3.9.23-hc30ae73_0_cpython
appears to be corrupted. The path 'lib/python3.9/pstats.py'
specified in the package manifest cannot be found.

CondaVerificationError: The package for python located at /local/scratch/autoafids/.pixi/envs/default/pkgs/python-3.9.23-hc30ae73_0_cpython
appears to be corrupted. The path 'lib/python3.9/pty.py'
specified in the package manifest cannot be found.

CondaVerificationError: The package for python located at /local/scratch/autoafids/.pixi/envs/default/pkgs/python-3.9.23-hc30ae73_0_cpython
appears to be corrupted. The path 'lib/python3.9/pyclbr.py'
specified in the package manifest cannot be found.

CondaVerificationError: The package for python located at /local/scratch/autoafids/.pixi/envs/default/pkgs/python-3.9.23-hc30ae73_0_cpython
appears to be corrupted. The path 'lib/python3.9/pydoc_data/__init__.py'
specified in the package manifest cannot be found.

CondaVerificationError: The package for python located at /local/scratch/autoafids/.pixi/envs/default/pkgs/python-3.9.23-hc30ae73_0_cpython
appears to be corrupted. The path 'lib/python3.9/pydoc_data/_pydoc.css'
specified in the package manifest cannot be found.

CondaVerificationError: The package for python located at /local/scratch/autoafids/.pixi/envs/default/pkgs/python-3.9.23-hc30ae73_0_cpython
appears to be corrupted. The path 'lib/python3.9/pydoc_data/topics.py'
specified in the package manifest cannot be found.

CondaVerificationError: The package for python located at /local/scratch/autoafids/.pixi/envs/default/pkgs/python-3.9.23-hc30ae73_0_cpython
appears to be corrupted. The path 'lib/python3.9/queue.py'
specified in the package manifest cannot be found.

CondaVerificationError: The package for python located at /local/scratch/autoafids/.pixi/envs/default/pkgs/python-3.9.23-hc30ae73_0_cpython
appears to be corrupted. The path 'lib/python3.9/quopri.py'
specified in the package manifest cannot be found.

CondaVerificationError: The package for python located at /local/scratch/autoafids/.pixi/envs/default/pkgs/python-3.9.23-hc30ae73_0_cpython
appears to be corrupted. The path 'lib/python3.9/random.py'
specified in the package manifest cannot be found.

CondaVerificationError: The package for python located at /local/scratch/autoafids/.pixi/envs/default/pkgs/python-3.9.23-hc30ae73_0_cpython
appears to be corrupted. The path 'lib/python3.9/rlcompleter.py'
specified in the package manifest cannot be found.

CondaVerificationError: The package for python located at /local/scratch/autoafids/.pixi/envs/default/pkgs/python-3.9.23-hc30ae73_0_cpython
appears to be corrupted. The path 'lib/python3.9/sched.py'
specified in the package manifest cannot be found.

CondaVerificationError: The package for python located at /local/scratch/autoafids/.pixi/envs/default/pkgs/python-3.9.23-hc30ae73_0_cpython
appears to be corrupted. The path 'lib/python3.9/secrets.py'
specified in the package manifest cannot be found.

CondaVerificationError: The package for python located at /local/scratch/autoafids/.pixi/envs/default/pkgs/python-3.9.23-hc30ae73_0_cpython
appears to be corrupted. The path 'lib/python3.9/selectors.py'
specified in the package manifest cannot be found.

CondaVerificationError: The package for python located at /local/scratch/autoafids/.pixi/envs/default/pkgs/python-3.9.23-hc30ae73_0_cpython
appears to be corrupted. The path 'lib/python3.9/shlex.py'
specified in the package manifest cannot be found.

CondaVerificationError: The package for python located at /local/scratch/autoafids/.pixi/envs/default/pkgs/python-3.9.23-hc30ae73_0_cpython
appears to be corrupted. The path 'lib/python3.9/shutil.py'
specified in the package manifest cannot be found.

CondaVerificationError: The package for python located at /local/scratch/autoafids/.pixi/envs/default/pkgs/python-3.9.23-hc30ae73_0_cpython
appears to be corrupted. The path 'lib/python3.9/signal.py'
specified in the package manifest cannot be found.

CondaVerificationError: The package for python located at /local/scratch/autoafids/.pixi/envs/default/pkgs/python-3.9.23-hc30ae73_0_cpython
appears to be corrupted. The path 'lib/python3.9/site-packages/README.txt'
specified in the package manifest cannot be found.

CondaVerificationError: The package for python located at /local/scratch/autoafids/.pixi/envs/default/pkgs/python-3.9.23-hc30ae73_0_cpython
appears to be corrupted. The path 'lib/python3.9/site.py'
specified in the package manifest cannot be found.

CondaVerificationError: The package for python located at /local/scratch/autoafids/.pixi/envs/default/pkgs/python-3.9.23-hc30ae73_0_cpython
appears to be corrupted. The path 'lib/python3.9/smtpd.py'
specified in the package manifest cannot be found.

CondaVerificationError: The package for python located at /local/scratch/autoafids/.pixi/envs/default/pkgs/python-3.9.23-hc30ae73_0_cpython
appears to be corrupted. The path 'lib/python3.9/smtplib.py'
specified in the package manifest cannot be found.

CondaVerificationError: The package for python located at /local/scratch/autoafids/.pixi/envs/default/pkgs/python-3.9.23-hc30ae73_0_cpython
appears to be corrupted. The path 'lib/python3.9/sndhdr.py'
specified in the package manifest cannot be found.

CondaVerificationError: The package for python located at /local/scratch/autoafids/.pixi/envs/default/pkgs/python-3.9.23-hc30ae73_0_cpython
appears to be corrupted. The path 'lib/python3.9/socket.py'
specified in the package manifest cannot be found.

CondaVerificationError: The package for python located at /local/scratch/autoafids/.pixi/envs/default/pkgs/python-3.9.23-hc30ae73_0_cpython
appears to be corrupted. The path 'lib/python3.9/socketserver.py'
specified in the package manifest cannot be found.

CondaVerificationError: The package for python located at /local/scratch/autoafids/.pixi/envs/default/pkgs/python-3.9.23-hc30ae73_0_cpython
appears to be corrupted. The path 'lib/python3.9/sqlite3/__init__.py'
specified in the package manifest cannot be found.

CondaVerificationError: The package for python located at /local/scratch/autoafids/.pixi/envs/default/pkgs/python-3.9.23-hc30ae73_0_cpython
appears to be corrupted. The path 'lib/python3.9/sqlite3/__pycache__/__init__.cpython-39.pyc'
specified in the package manifest cannot be found.

CondaVerificationError: The package for python located at /local/scratch/autoafids/.pixi/envs/default/pkgs/python-3.9.23-hc30ae73_0_cpython
appears to be corrupted. The path 'lib/python3.9/sqlite3/__pycache__/dbapi2.cpython-39.pyc'
specified in the package manifest cannot be found.

CondaVerificationError: The package for python located at /local/scratch/autoafids/.pixi/envs/default/pkgs/python-3.9.23-hc30ae73_0_cpython
appears to be corrupted. The path 'lib/python3.9/sqlite3/__pycache__/dump.cpython-39.pyc'
specified in the package manifest cannot be found.

CondaVerificationError: The package for python located at /local/scratch/autoafids/.pixi/envs/default/pkgs/python-3.9.23-hc30ae73_0_cpython
appears to be corrupted. The path 'lib/python3.9/sqlite3/dbapi2.py'
specified in the package manifest cannot be found.

CondaVerificationError: The package for python located at /local/scratch/autoafids/.pixi/envs/default/pkgs/python-3.9.23-hc30ae73_0_cpython
appears to be corrupted. The path 'lib/python3.9/sqlite3/dump.py'
specified in the package manifest cannot be found.

CondaVerificationError: The package for python located at /local/scratch/autoafids/.pixi/envs/default/pkgs/python-3.9.23-hc30ae73_0_cpython
appears to be corrupted. The path 'lib/python3.9/sre_constants.py'
specified in the package manifest cannot be found.

CondaVerificationError: The package for python located at /local/scratch/autoafids/.pixi/envs/default/pkgs/python-3.9.23-hc30ae73_0_cpython
appears to be corrupted. The path 'lib/python3.9/sre_parse.py'
specified in the package manifest cannot be found.

CondaVerificationError: The package for python located at /local/scratch/autoafids/.pixi/envs/default/pkgs/python-3.9.23-hc30ae73_0_cpython
appears to be corrupted. The path 'lib/python3.9/ssl.py'
specified in the package manifest cannot be found.

CondaVerificationError: The package for python located at /local/scratch/autoafids/.pixi/envs/default/pkgs/python-3.9.23-hc30ae73_0_cpython
appears to be corrupted. The path 'lib/python3.9/stat.py'
specified in the package manifest cannot be found.

CondaVerificationError: The package for python located at /local/scratch/autoafids/.pixi/envs/default/pkgs/python-3.9.23-hc30ae73_0_cpython
appears to be corrupted. The path 'lib/python3.9/statistics.py'
specified in the package manifest cannot be found.

CondaVerificationError: The package for python located at /local/scratch/autoafids/.pixi/envs/default/pkgs/python-3.9.23-hc30ae73_0_cpython
appears to be corrupted. The path 'lib/python3.9/string.py'
specified in the package manifest cannot be found.

CondaVerificationError: The package for python located at /local/scratch/autoafids/.pixi/envs/default/pkgs/python-3.9.23-hc30ae73_0_cpython
appears to be corrupted. The path 'lib/python3.9/stringprep.py'
specified in the package manifest cannot be found.

CondaVerificationError: The package for python located at /local/scratch/autoafids/.pixi/envs/default/pkgs/python-3.9.23-hc30ae73_0_cpython
appears to be corrupted. The path 'lib/python3.9/struct.py'
specified in the package manifest cannot be found.

CondaVerificationError: The package for python located at /local/scratch/autoafids/.pixi/envs/default/pkgs/python-3.9.23-hc30ae73_0_cpython
appears to be corrupted. The path 'lib/python3.9/subprocess.py'
specified in the package manifest cannot be found.

CondaVerificationError: The package for python located at /local/scratch/autoafids/.pixi/envs/default/pkgs/python-3.9.23-hc30ae73_0_cpython
appears to be corrupted. The path 'lib/python3.9/symbol.py'
specified in the package manifest cannot be found.

CondaVerificationError: The package for python located at /local/scratch/autoafids/.pixi/envs/default/pkgs/python-3.9.23-hc30ae73_0_cpython
appears to be corrupted. The path 'lib/python3.9/symtable.py'
specified in the package manifest cannot be found.

CondaVerificationError: The package for python located at /local/scratch/autoafids/.pixi/envs/default/pkgs/python-3.9.23-hc30ae73_0_cpython
appears to be corrupted. The path 'lib/python3.9/sysconfig.py'
specified in the package manifest cannot be found.

CondaVerificationError: The package for python located at /local/scratch/autoafids/.pixi/envs/default/pkgs/python-3.9.23-hc30ae73_0_cpython
appears to be corrupted. The path 'lib/python3.9/tabnanny.py'
specified in the package manifest cannot be found.

CondaVerificationError: The package for python located at /local/scratch/autoafids/.pixi/envs/default/pkgs/python-3.9.23-hc30ae73_0_cpython
appears to be corrupted. The path 'lib/python3.9/tarfile.py'
specified in the package manifest cannot be found.

CondaVerificationError: The package for python located at /local/scratch/autoafids/.pixi/envs/default/pkgs/python-3.9.23-hc30ae73_0_cpython
appears to be corrupted. The path 'lib/python3.9/tempfile.py'
specified in the package manifest cannot be found.

CondaVerificationError: The package for python located at /local/scratch/autoafids/.pixi/envs/default/pkgs/python-3.9.23-hc30ae73_0_cpython
appears to be corrupted. The path 'lib/python3.9/test/__init__.py'
specified in the package manifest cannot be found.

CondaVerificationError: The package for python located at /local/scratch/autoafids/.pixi/envs/default/pkgs/python-3.9.23-hc30ae73_0_cpython
appears to be corrupted. The path 'lib/python3.9/test/__pycache__/__init__.cpython-39.pyc'
specified in the package manifest cannot be found.

CondaVerificationError: The package for python located at /local/scratch/autoafids/.pixi/envs/default/pkgs/python-3.9.23-hc30ae73_0_cpython
appears to be corrupted. The path 'lib/python3.9/test/__pycache__/test_script_helper.cpython-39.pyc'
specified in the package manifest cannot be found.

CondaVerificationError: The package for python located at /local/scratch/autoafids/.pixi/envs/default/pkgs/python-3.9.23-hc30ae73_0_cpython
appears to be corrupted. The path 'lib/python3.9/test/support/__pycache__/__init__.cpython-39.pyc'
specified in the package manifest cannot be found.

CondaVerificationError: The package for python located at /local/scratch/autoafids/.pixi/envs/default/pkgs/python-3.9.23-hc30ae73_0_cpython
appears to be corrupted. The path 'lib/python3.9/test/support/__pycache__/bytecode_helper.cpython-39.pyc'
specified in the package manifest cannot be found.

CondaVerificationError: The package for python located at /local/scratch/autoafids/.pixi/envs/default/pkgs/python-3.9.23-hc30ae73_0_cpython
appears to be corrupted. The path 'lib/python3.9/test/support/__pycache__/hashlib_helper.cpython-39.pyc'
specified in the package manifest cannot be found.

CondaVerificationError: The package for python located at /local/scratch/autoafids/.pixi/envs/default/pkgs/python-3.9.23-hc30ae73_0_cpython
appears to be corrupted. The path 'lib/python3.9/test/support/__pycache__/logging_helper.cpython-39.pyc'
specified in the package manifest cannot be found.

CondaVerificationError: The package for python located at /local/scratch/autoafids/.pixi/envs/default/pkgs/python-3.9.23-hc30ae73_0_cpython
appears to be corrupted. The path 'lib/python3.9/test/support/__pycache__/script_helper.cpython-39.pyc'
specified in the package manifest cannot be found.

CondaVerificationError: The package for python located at /local/scratch/autoafids/.pixi/envs/default/pkgs/python-3.9.23-hc30ae73_0_cpython
appears to be corrupted. The path 'lib/python3.9/test/support/__pycache__/socket_helper.cpython-39.pyc'
specified in the package manifest cannot be found.

CondaVerificationError: The package for python located at /local/scratch/autoafids/.pixi/envs/default/pkgs/python-3.9.23-hc30ae73_0_cpython
appears to be corrupted. The path 'lib/python3.9/test/support/__pycache__/testresult.cpython-39.pyc'
specified in the package manifest cannot be found.

CondaVerificationError: The package for python located at /local/scratch/autoafids/.pixi/envs/default/pkgs/python-3.9.23-hc30ae73_0_cpython
appears to be corrupted. The path 'lib/python3.9/test/support/__pycache__/warnings_helper.cpython-39.pyc'
specified in the package manifest cannot be found.

CondaVerificationError: The package for python located at /local/scratch/autoafids/.pixi/envs/default/pkgs/python-3.9.23-hc30ae73_0_cpython
appears to be corrupted. The path 'lib/python3.9/test/support/hashlib_helper.py'
specified in the package manifest cannot be found.

CondaVerificationError: The package for python located at /local/scratch/autoafids/.pixi/envs/default/pkgs/python-3.9.23-hc30ae73_0_cpython
appears to be corrupted. The path 'lib/python3.9/test/support/script_helper.py'
specified in the package manifest cannot be found.

CondaVerificationError: The package for python located at /local/scratch/autoafids/.pixi/envs/default/pkgs/python-3.9.23-hc30ae73_0_cpython
appears to be corrupted. The path 'lib/python3.9/test/support/socket_helper.py'
specified in the package manifest cannot be found.

CondaVerificationError: The package for python located at /local/scratch/autoafids/.pixi/envs/default/pkgs/python-3.9.23-hc30ae73_0_cpython
appears to be corrupted. The path 'lib/python3.9/test/support/testresult.py'
specified in the package manifest cannot be found.

CondaVerificationError: The package for python located at /local/scratch/autoafids/.pixi/envs/default/pkgs/python-3.9.23-hc30ae73_0_cpython
appears to be corrupted. The path 'lib/python3.9/test/support/warnings_helper.py'
specified in the package manifest cannot be found.

CondaVerificationError: The package for python located at /local/scratch/autoafids/.pixi/envs/default/pkgs/python-3.9.23-hc30ae73_0_cpython
appears to be corrupted. The path 'lib/python3.9/test/test_script_helper.py'
specified in the package manifest cannot be found.

CondaVerificationError: The package for python located at /local/scratch/autoafids/.pixi/envs/default/pkgs/python-3.9.23-hc30ae73_0_cpython
appears to be corrupted. The path 'lib/python3.9/textwrap.py'
specified in the package manifest cannot be found.

CondaVerificationError: The package for python located at /local/scratch/autoafids/.pixi/envs/default/pkgs/python-3.9.23-hc30ae73_0_cpython
appears to be corrupted. The path 'lib/python3.9/this.py'
specified in the package manifest cannot be found.

CondaVerificationError: The package for python located at /local/scratch/autoafids/.pixi/envs/default/pkgs/python-3.9.23-hc30ae73_0_cpython
appears to be corrupted. The path 'lib/python3.9/tkinter/__init__.py'
specified in the package manifest cannot be found.

CondaVerificationError: The package for python located at /local/scratch/autoafids/.pixi/envs/default/pkgs/python-3.9.23-hc30ae73_0_cpython
appears to be corrupted. The path 'lib/python3.9/tkinter/__main__.py'
specified in the package manifest cannot be found.

CondaVerificationError: The package for python located at /local/scratch/autoafids/.pixi/envs/default/pkgs/python-3.9.23-hc30ae73_0_cpython
appears to be corrupted. The path 'lib/python3.9/tkinter/__pycache__/__init__.cpython-39.pyc'
specified in the package manifest cannot be found.

CondaVerificationError: The package for python located at /local/scratch/autoafids/.pixi/envs/default/pkgs/python-3.9.23-hc30ae73_0_cpython
appears to be corrupted. The path 'lib/python3.9/tkinter/__pycache__/__main__.cpython-39.pyc'
specified in the package manifest cannot be found.

CondaVerificationError: The package for python located at /local/scratch/autoafids/.pixi/envs/default/pkgs/python-3.9.23-hc30ae73_0_cpython
appears to be corrupted. The path 'lib/python3.9/tkinter/__pycache__/commondialog.cpython-39.pyc'
specified in the package manifest cannot be found.

CondaVerificationError: The package for python located at /local/scratch/autoafids/.pixi/envs/default/pkgs/python-3.9.23-hc30ae73_0_cpython
appears to be corrupted. The path 'lib/python3.9/tkinter/__pycache__/constants.cpython-39.pyc'
specified in the package manifest cannot be found.

CondaVerificationError: The package for python located at /local/scratch/autoafids/.pixi/envs/default/pkgs/python-3.9.23-hc30ae73_0_cpython
appears to be corrupted. The path 'lib/python3.9/tkinter/__pycache__/dialog.cpython-39.pyc'
specified in the package manifest cannot be found.

CondaVerificationError: The package for python located at /local/scratch/autoafids/.pixi/envs/default/pkgs/python-3.9.23-hc30ae73_0_cpython
appears to be corrupted. The path 'lib/python3.9/tkinter/__pycache__/dnd.cpython-39.pyc'
specified in the package manifest cannot be found.

CondaVerificationError: The package for python located at /local/scratch/autoafids/.pixi/envs/default/pkgs/python-3.9.23-hc30ae73_0_cpython
appears to be corrupted. The path 'lib/python3.9/tkinter/__pycache__/font.cpython-39.pyc'
specified in the package manifest cannot be found.

CondaVerificationError: The package for python located at /local/scratch/autoafids/.pixi/envs/default/pkgs/python-3.9.23-hc30ae73_0_cpython
appears to be corrupted. The path 'lib/python3.9/tkinter/__pycache__/messagebox.cpython-39.pyc'
specified in the package manifest cannot be found.

CondaVerificationError: The package for python located at /local/scratch/autoafids/.pixi/envs/default/pkgs/python-3.9.23-hc30ae73_0_cpython
appears to be corrupted. The path 'lib/python3.9/tkinter/__pycache__/simpledialog.cpython-39.pyc'
specified in the package manifest cannot be found.

CondaVerificationError: The package for python located at /local/scratch/autoafids/.pixi/envs/default/pkgs/python-3.9.23-hc30ae73_0_cpython
appears to be corrupted. The path 'lib/python3.9/tkinter/__pycache__/ttk.cpython-39.pyc'
specified in the package manifest cannot be found.

CondaVerificationError: The package for python located at /local/scratch/autoafids/.pixi/envs/default/pkgs/python-3.9.23-hc30ae73_0_cpython
appears to be corrupted. The path 'lib/python3.9/tkinter/commondialog.py'
specified in the package manifest cannot be found.

CondaVerificationError: The package for python located at /local/scratch/autoafids/.pixi/envs/default/pkgs/python-3.9.23-hc30ae73_0_cpython
appears to be corrupted. The path 'lib/python3.9/tkinter/constants.py'
specified in the package manifest cannot be found.

CondaVerificationError: The package for python located at /local/scratch/autoafids/.pixi/envs/default/pkgs/python-3.9.23-hc30ae73_0_cpython
appears to be corrupted. The path 'lib/python3.9/tkinter/dialog.py'
specified in the package manifest cannot be found.

CondaVerificationError: The package for python located at /local/scratch/autoafids/.pixi/envs/default/pkgs/python-3.9.23-hc30ae73_0_cpython
appears to be corrupted. The path 'lib/python3.9/tkinter/dnd.py'
specified in the package manifest cannot be found.

CondaVerificationError: The package for python located at /local/scratch/autoafids/.pixi/envs/default/pkgs/python-3.9.23-hc30ae73_0_cpython
appears to be corrupted. The path 'lib/python3.9/tkinter/filedialog.py'
specified in the package manifest cannot be found.

CondaVerificationError: The package for python located at /local/scratch/autoafids/.pixi/envs/default/pkgs/python-3.9.23-hc30ae73_0_cpython
appears to be corrupted. The path 'lib/python3.9/tkinter/font.py'
specified in the package manifest cannot be found.

CondaVerificationError: The package for python located at /local/scratch/autoafids/.pixi/envs/default/pkgs/python-3.9.23-hc30ae73_0_cpython
appears to be corrupted. The path 'lib/python3.9/tkinter/messagebox.py'
specified in the package manifest cannot be found.

CondaVerificationError: The package for python located at /local/scratch/autoafids/.pixi/envs/default/pkgs/python-3.9.23-hc30ae73_0_cpython
appears to be corrupted. The path 'lib/python3.9/tkinter/simpledialog.py'
specified in the package manifest cannot be found.

CondaVerificationError: The package for python located at /local/scratch/autoafids/.pixi/envs/default/pkgs/python-3.9.23-hc30ae73_0_cpython
appears to be corrupted. The path 'lib/python3.9/tkinter/tix.py'
specified in the package manifest cannot be found.

CondaVerificationError: The package for python located at /local/scratch/autoafids/.pixi/envs/default/pkgs/python-3.9.23-hc30ae73_0_cpython
appears to be corrupted. The path 'lib/python3.9/tkinter/ttk.py'
specified in the package manifest cannot be found.

CondaVerificationError: The package for python located at /local/scratch/autoafids/.pixi/envs/default/pkgs/python-3.9.23-hc30ae73_0_cpython
appears to be corrupted. The path 'lib/python3.9/token.py'
specified in the package manifest cannot be found.

CondaVerificationError: The package for python located at /local/scratch/autoafids/.pixi/envs/default/pkgs/python-3.9.23-hc30ae73_0_cpython
appears to be corrupted. The path 'lib/python3.9/tokenize.py'
specified in the package manifest cannot be found.

CondaVerificationError: The package for python located at /local/scratch/autoafids/.pixi/envs/default/pkgs/python-3.9.23-hc30ae73_0_cpython
appears to be corrupted. The path 'lib/python3.9/trace.py'
specified in the package manifest cannot be found.

CondaVerificationError: The package for python located at /local/scratch/autoafids/.pixi/envs/default/pkgs/python-3.9.23-hc30ae73_0_cpython
appears to be corrupted. The path 'lib/python3.9/traceback.py'
specified in the package manifest cannot be found.

CondaVerificationError: The package for python located at /local/scratch/autoafids/.pixi/envs/default/pkgs/python-3.9.23-hc30ae73_0_cpython
appears to be corrupted. The path 'lib/python3.9/turtle.py'
specified in the package manifest cannot be found.

CondaVerificationError: The package for python located at /local/scratch/autoafids/.pixi/envs/default/pkgs/python-3.9.23-hc30ae73_0_cpython
appears to be corrupted. The path 'lib/python3.9/turtledemo/__init__.py'
specified in the package manifest cannot be found.

CondaVerificationError: The package for python located at /local/scratch/autoafids/.pixi/envs/default/pkgs/python-3.9.23-hc30ae73_0_cpython
appears to be corrupted. The path 'lib/python3.9/turtledemo/__pycache__/__init__.cpython-39.pyc'
specified in the package manifest cannot be found.

CondaVerificationError: The package for python located at /local/scratch/autoafids/.pixi/envs/default/pkgs/python-3.9.23-hc30ae73_0_cpython
appears to be corrupted. The path 'lib/python3.9/turtledemo/__pycache__/__main__.cpython-39.pyc'
specified in the package manifest cannot be found.

CondaVerificationError: The package for python located at /local/scratch/autoafids/.pixi/envs/default/pkgs/python-3.9.23-hc30ae73_0_cpython
appears to be corrupted. The path 'lib/python3.9/turtledemo/__pycache__/bytedesign.cpython-39.pyc'
specified in the package manifest cannot be found.

CondaVerificationError: The package for python located at /local/scratch/autoafids/.pixi/envs/default/pkgs/python-3.9.23-hc30ae73_0_cpython
appears to be corrupted. The path 'lib/python3.9/turtledemo/__pycache__/clock.cpython-39.pyc'
specified in the package manifest cannot be found.

CondaVerificationError: The package for python located at /local/scratch/autoafids/.pixi/envs/default/pkgs/python-3.9.23-hc30ae73_0_cpython
appears to be corrupted. The path 'lib/python3.9/turtledemo/__pycache__/fractalcurves.cpython-39.pyc'
specified in the package manifest cannot be found.

CondaVerificationError: The package for python located at /local/scratch/autoafids/.pixi/envs/default/pkgs/python-3.9.23-hc30ae73_0_cpython
appears to be corrupted. The path 'lib/python3.9/turtledemo/__pycache__/minimal_hanoi.cpython-39.pyc'
specified in the package manifest cannot be found.

CondaVerificationError: The package for python located at /local/scratch/autoafids/.pixi/envs/default/pkgs/python-3.9.23-hc30ae73_0_cpython
appears to be corrupted. The path 'lib/python3.9/turtledemo/__pycache__/nim.cpython-39.pyc'
specified in the package manifest cannot be found.

CondaVerificationError: The package for python located at /local/scratch/autoafids/.pixi/envs/default/pkgs/python-3.9.23-hc30ae73_0_cpython
appears to be corrupted. The path 'lib/python3.9/turtledemo/__pycache__/paint.cpython-39.pyc'
specified in the package manifest cannot be found.

CondaVerificationError: The package for python located at /local/scratch/autoafids/.pixi/envs/default/pkgs/python-3.9.23-hc30ae73_0_cpython
appears to be corrupted. The path 'lib/python3.9/turtledemo/__pycache__/penrose.cpython-39.pyc'
specified in the package manifest cannot be found.

CondaVerificationError: The package for python located at /local/scratch/autoafids/.pixi/envs/default/pkgs/python-3.9.23-hc30ae73_0_cpython
appears to be corrupted. The path 'lib/python3.9/turtledemo/__pycache__/planet_and_moon.cpython-39.pyc'
specified in the package manifest cannot be found.

CondaVerificationError: The package for python located at /local/scratch/autoafids/.pixi/envs/default/pkgs/python-3.9.23-hc30ae73_0_cpython
appears to be corrupted. The path 'lib/python3.9/turtledemo/__pycache__/round_dance.cpython-39.pyc'
specified in the package manifest cannot be found.

CondaVerificationError: The package for python located at /local/scratch/autoafids/.pixi/envs/default/pkgs/python-3.9.23-hc30ae73_0_cpython
appears to be corrupted. The path 'lib/python3.9/turtledemo/__pycache__/sorting_animate.cpython-39.pyc'
specified in the package manifest cannot be found.

CondaVerificationError: The package for python located at /local/scratch/autoafids/.pixi/envs/default/pkgs/python-3.9.23-hc30ae73_0_cpython
appears to be corrupted. The path 'lib/python3.9/turtledemo/__pycache__/tree.cpython-39.pyc'
specified in the package manifest cannot be found.

CondaVerificationError: The package for python located at /local/scratch/autoafids/.pixi/envs/default/pkgs/python-3.9.23-hc30ae73_0_cpython
appears to be corrupted. The path 'lib/python3.9/turtledemo/__pycache__/two_canvases.cpython-39.pyc'
specified in the package manifest cannot be found.

CondaVerificationError: The package for python located at /local/scratch/autoafids/.pixi/envs/default/pkgs/python-3.9.23-hc30ae73_0_cpython
appears to be corrupted. The path 'lib/python3.9/turtledemo/__pycache__/yinyang.cpython-39.pyc'
specified in the package manifest cannot be found.

CondaVerificationError: The package for python located at /local/scratch/autoafids/.pixi/envs/default/pkgs/python-3.9.23-hc30ae73_0_cpython
appears to be corrupted. The path 'lib/python3.9/turtledemo/bytedesign.py'
specified in the package manifest cannot be found.

CondaVerificationError: The package for python located at /local/scratch/autoafids/.pixi/envs/default/pkgs/python-3.9.23-hc30ae73_0_cpython
appears to be corrupted. The path 'lib/python3.9/turtledemo/chaos.py'
specified in the package manifest cannot be found.

CondaVerificationError: The package for python located at /local/scratch/autoafids/.pixi/envs/default/pkgs/python-3.9.23-hc30ae73_0_cpython
appears to be corrupted. The path 'lib/python3.9/turtledemo/colormixer.py'
specified in the package manifest cannot be found.

CondaVerificationError: The package for python located at /local/scratch/autoafids/.pixi/envs/default/pkgs/python-3.9.23-hc30ae73_0_cpython
appears to be corrupted. The path 'lib/python3.9/turtledemo/forest.py'
specified in the package manifest cannot be found.

CondaVerificationError: The package for python located at /local/scratch/autoafids/.pixi/envs/default/pkgs/python-3.9.23-hc30ae73_0_cpython
appears to be corrupted. The path 'lib/python3.9/turtledemo/fractalcurves.py'
specified in the package manifest cannot be found.

CondaVerificationError: The package for python located at /local/scratch/autoafids/.pixi/envs/default/pkgs/python-3.9.23-hc30ae73_0_cpython
appears to be corrupted. The path 'lib/python3.9/turtledemo/nim.py'
specified in the package manifest cannot be found.

CondaVerificationError: The package for python located at /local/scratch/autoafids/.pixi/envs/default/pkgs/python-3.9.23-hc30ae73_0_cpython
appears to be corrupted. The path 'lib/python3.9/turtledemo/paint.py'
specified in the package manifest cannot be found.

CondaVerificationError: The package for python located at /local/scratch/autoafids/.pixi/envs/default/pkgs/python-3.9.23-hc30ae73_0_cpython
appears to be corrupted. The path 'lib/python3.9/turtledemo/peace.py'
specified in the package manifest cannot be found.

CondaVerificationError: The package for python located at /local/scratch/autoafids/.pixi/envs/default/pkgs/python-3.9.23-hc30ae73_0_cpython
appears to be corrupted. The path 'lib/python3.9/turtledemo/penrose.py'
specified in the package manifest cannot be found.

CondaVerificationError: The package for python located at /local/scratch/autoafids/.pixi/envs/default/pkgs/python-3.9.23-hc30ae73_0_cpython
appears to be corrupted. The path 'lib/python3.9/turtledemo/planet_and_moon.py'
specified in the package manifest cannot be found.

CondaVerificationError: The package for python located at /local/scratch/autoafids/.pixi/envs/default/pkgs/python-3.9.23-hc30ae73_0_cpython
appears to be corrupted. The path 'lib/python3.9/turtledemo/round_dance.py'
specified in the package manifest cannot be found.

CondaVerificationError: The package for python located at /local/scratch/autoafids/.pixi/envs/default/pkgs/python-3.9.23-hc30ae73_0_cpython
appears to be corrupted. The path 'lib/python3.9/turtledemo/sorting_animate.py'
specified in the package manifest cannot be found.

CondaVerificationError: The package for python located at /local/scratch/autoafids/.pixi/envs/default/pkgs/python-3.9.23-hc30ae73_0_cpython
appears to be corrupted. The path 'lib/python3.9/turtledemo/yinyang.py'
specified in the package manifest cannot be found.

CondaVerificationError: The package for python located at /local/scratch/autoafids/.pixi/envs/default/pkgs/python-3.9.23-hc30ae73_0_cpython
appears to be corrupted. The path 'lib/python3.9/types.py'
specified in the package manifest cannot be found.

CondaVerificationError: The package for python located at /local/scratch/autoafids/.pixi/envs/default/pkgs/python-3.9.23-hc30ae73_0_cpython
appears to be corrupted. The path 'lib/python3.9/typing.py'
specified in the package manifest cannot be found.

CondaVerificationError: The package for python located at /local/scratch/autoafids/.pixi/envs/default/pkgs/python-3.9.23-hc30ae73_0_cpython
appears to be corrupted. The path 'lib/python3.9/unittest/__init__.py'
specified in the package manifest cannot be found.

CondaVerificationError: The package for python located at /local/scratch/autoafids/.pixi/envs/default/pkgs/python-3.9.23-hc30ae73_0_cpython
appears to be corrupted. The path 'lib/python3.9/unittest/__pycache__/__main__.cpython-39.pyc'
specified in the package manifest cannot be found.

CondaVerificationError: The package for python located at /local/scratch/autoafids/.pixi/envs/default/pkgs/python-3.9.23-hc30ae73_0_cpython
appears to be corrupted. The path 'lib/python3.9/unittest/__pycache__/async_case.cpython-39.pyc'
specified in the package manifest cannot be found.

CondaVerificationError: The package for python located at /local/scratch/autoafids/.pixi/envs/default/pkgs/python-3.9.23-hc30ae73_0_cpython
appears to be corrupted. The path 'lib/python3.9/unittest/__pycache__/case.cpython-39.pyc'
specified in the package manifest cannot be found.

CondaVerificationError: The package for python located at /local/scratch/autoafids/.pixi/envs/default/pkgs/python-3.9.23-hc30ae73_0_cpython
appears to be corrupted. The path 'lib/python3.9/unittest/__pycache__/loader.cpython-39.pyc'
specified in the package manifest cannot be found.

CondaVerificationError: The package for python located at /local/scratch/autoafids/.pixi/envs/default/pkgs/python-3.9.23-hc30ae73_0_cpython
appears to be corrupted. The path 'lib/python3.9/unittest/__pycache__/main.cpython-39.pyc'
specified in the package manifest cannot be found.

CondaVerificationError: The package for python located at /local/scratch/autoafids/.pixi/envs/default/pkgs/python-3.9.23-hc30ae73_0_cpython
appears to be corrupted. The path 'lib/python3.9/unittest/__pycache__/mock.cpython-39.pyc'
specified in the package manifest cannot be found.

CondaVerificationError: The package for python located at /local/scratch/autoafids/.pixi/envs/default/pkgs/python-3.9.23-hc30ae73_0_cpython
appears to be corrupted. The path 'lib/python3.9/unittest/__pycache__/result.cpython-39.pyc'
specified in the package manifest cannot be found.

CondaVerificationError: The package for python located at /local/scratch/autoafids/.pixi/envs/default/pkgs/python-3.9.23-hc30ae73_0_cpython
appears to be corrupted. The path 'lib/python3.9/unittest/__pycache__/runner.cpython-39.pyc'
specified in the package manifest cannot be found.

CondaVerificationError: The package for python located at /local/scratch/autoafids/.pixi/envs/default/pkgs/python-3.9.23-hc30ae73_0_cpython
appears to be corrupted. The path 'lib/python3.9/unittest/__pycache__/signals.cpython-39.pyc'
specified in the package manifest cannot be found.

CondaVerificationError: The package for python located at /local/scratch/autoafids/.pixi/envs/default/pkgs/python-3.9.23-hc30ae73_0_cpython
appears to be corrupted. The path 'lib/python3.9/unittest/__pycache__/suite.cpython-39.pyc'
specified in the package manifest cannot be found.

CondaVerificationError: The package for python located at /local/scratch/autoafids/.pixi/envs/default/pkgs/python-3.9.23-hc30ae73_0_cpython
appears to be corrupted. The path 'lib/python3.9/unittest/__pycache__/util.cpython-39.pyc'
specified in the package manifest cannot be found.

CondaVerificationError: The package for python located at /local/scratch/autoafids/.pixi/envs/default/pkgs/python-3.9.23-hc30ae73_0_cpython
appears to be corrupted. The path 'lib/python3.9/unittest/_log.py'
specified in the package manifest cannot be found.

CondaVerificationError: The package for python located at /local/scratch/autoafids/.pixi/envs/default/pkgs/python-3.9.23-hc30ae73_0_cpython
appears to be corrupted. The path 'lib/python3.9/unittest/async_case.py'
specified in the package manifest cannot be found.

CondaVerificationError: The package for python located at /local/scratch/autoafids/.pixi/envs/default/pkgs/python-3.9.23-hc30ae73_0_cpython
appears to be corrupted. The path 'lib/python3.9/unittest/case.py'
specified in the package manifest cannot be found.

CondaVerificationError: The package for python located at /local/scratch/autoafids/.pixi/envs/default/pkgs/python-3.9.23-hc30ae73_0_cpython
appears to be corrupted. The path 'lib/python3.9/unittest/loader.py'
specified in the package manifest cannot be found.

CondaVerificationError: The package for python located at /local/scratch/autoafids/.pixi/envs/default/pkgs/python-3.9.23-hc30ae73_0_cpython
appears to be corrupted. The path 'lib/python3.9/unittest/main.py'
specified in the package manifest cannot be found.

CondaVerificationError: The package for python located at /local/scratch/autoafids/.pixi/envs/default/pkgs/python-3.9.23-hc30ae73_0_cpython
appears to be corrupted. The path 'lib/python3.9/unittest/mock.py'
specified in the package manifest cannot be found.

CondaVerificationError: The package for python located at /local/scratch/autoafids/.pixi/envs/default/pkgs/python-3.9.23-hc30ae73_0_cpython
appears to be corrupted. The path 'lib/python3.9/unittest/result.py'
specified in the package manifest cannot be found.

CondaVerificationError: The package for python located at /local/scratch/autoafids/.pixi/envs/default/pkgs/python-3.9.23-hc30ae73_0_cpython
appears to be corrupted. The path 'lib/python3.9/unittest/runner.py'
specified in the package manifest cannot be found.

CondaVerificationError: The package for python located at /local/scratch/autoafids/.pixi/envs/default/pkgs/python-3.9.23-hc30ae73_0_cpython
appears to be corrupted. The path 'lib/python3.9/unittest/signals.py'
specified in the package manifest cannot be found.

CondaVerificationError: The package for python located at /local/scratch/autoafids/.pixi/envs/default/pkgs/python-3.9.23-hc30ae73_0_cpython
appears to be corrupted. The path 'lib/python3.9/unittest/suite.py'
specified in the package manifest cannot be found.

CondaVerificationError: The package for python located at /local/scratch/autoafids/.pixi/envs/default/pkgs/python-3.9.23-hc30ae73_0_cpython
appears to be corrupted. The path 'lib/python3.9/unittest/util.py'
specified in the package manifest cannot be found.

CondaVerificationError: The package for python located at /local/scratch/autoafids/.pixi/envs/default/pkgs/python-3.9.23-hc30ae73_0_cpython
appears to be corrupted. The path 'lib/python3.9/urllib/__pycache__/error.cpython-39.pyc'
specified in the package manifest cannot be found.

CondaVerificationError: The package for python located at /local/scratch/autoafids/.pixi/envs/default/pkgs/python-3.9.23-hc30ae73_0_cpython
appears to be corrupted. The path 'lib/python3.9/urllib/__pycache__/request.cpython-39.pyc'
specified in the package manifest cannot be found.

CondaVerificationError: The package for python located at /local/scratch/autoafids/.pixi/envs/default/pkgs/python-3.9.23-hc30ae73_0_cpython
appears to be corrupted. The path 'lib/python3.9/urllib/__pycache__/response.cpython-39.pyc'
specified in the package manifest cannot be found.

CondaVerificationError: The package for python located at /local/scratch/autoafids/.pixi/envs/default/pkgs/python-3.9.23-hc30ae73_0_cpython
appears to be corrupted. The path 'lib/python3.9/urllib/__pycache__/robotparser.cpython-39.pyc'
specified in the package manifest cannot be found.

CondaVerificationError: The package for python located at /local/scratch/autoafids/.pixi/envs/default/pkgs/python-3.9.23-hc30ae73_0_cpython
appears to be corrupted. The path 'lib/python3.9/urllib/error.py'
specified in the package manifest cannot be found.

CondaVerificationError: The package for python located at /local/scratch/autoafids/.pixi/envs/default/pkgs/python-3.9.23-hc30ae73_0_cpython
appears to be corrupted. The path 'lib/python3.9/urllib/request.py'
specified in the package manifest cannot be found.

CondaVerificationError: The package for python located at /local/scratch/autoafids/.pixi/envs/default/pkgs/python-3.9.23-hc30ae73_0_cpython
appears to be corrupted. The path 'lib/python3.9/urllib/response.py'
specified in the package manifest cannot be found.

CondaVerificationError: The package for python located at /local/scratch/autoafids/.pixi/envs/default/pkgs/python-3.9.23-hc30ae73_0_cpython
appears to be corrupted. The path 'lib/python3.9/urllib/robotparser.py'
specified in the package manifest cannot be found.

CondaVerificationError: The package for python located at /local/scratch/autoafids/.pixi/envs/default/pkgs/python-3.9.23-hc30ae73_0_cpython
appears to be corrupted. The path 'lib/python3.9/uu.py'
specified in the package manifest cannot be found.

CondaVerificationError: The package for python located at /local/scratch/autoafids/.pixi/envs/default/pkgs/python-3.9.23-hc30ae73_0_cpython
appears to be corrupted. The path 'lib/python3.9/uuid.py'
specified in the package manifest cannot be found.

CondaVerificationError: The package for python located at /local/scratch/autoafids/.pixi/envs/default/pkgs/python-3.9.23-hc30ae73_0_cpython
appears to be corrupted. The path 'lib/python3.9/venv/__init__.py'
specified in the package manifest cannot be found.

CondaVerificationError: The package for python located at /local/scratch/autoafids/.pixi/envs/default/pkgs/python-3.9.23-hc30ae73_0_cpython
appears to be corrupted. The path 'lib/python3.9/venv/__main__.py'
specified in the package manifest cannot be found.

CondaVerificationError: The package for python located at /local/scratch/autoafids/.pixi/envs/default/pkgs/python-3.9.23-hc30ae73_0_cpython
appears to be corrupted. The path 'lib/python3.9/venv/__pycache__/__main__.cpython-39.pyc'
specified in the package manifest cannot be found.

CondaVerificationError: The package for python located at /local/scratch/autoafids/.pixi/envs/default/pkgs/python-3.9.23-hc30ae73_0_cpython
appears to be corrupted. The path 'lib/python3.9/venv/scripts/common/Activate.ps1'
specified in the package manifest cannot be found.

CondaVerificationError: The package for python located at /local/scratch/autoafids/.pixi/envs/default/pkgs/python-3.9.23-hc30ae73_0_cpython
appears to be corrupted. The path 'lib/python3.9/venv/scripts/common/activate'
specified in the package manifest cannot be found.

CondaVerificationError: The package for python located at /local/scratch/autoafids/.pixi/envs/default/pkgs/python-3.9.23-hc30ae73_0_cpython
appears to be corrupted. The path 'lib/python3.9/venv/scripts/posix/activate.csh'
specified in the package manifest cannot be found.

CondaVerificationError: The package for python located at /local/scratch/autoafids/.pixi/envs/default/pkgs/python-3.9.23-hc30ae73_0_cpython
appears to be corrupted. The path 'lib/python3.9/venv/scripts/posix/activate.fish'
specified in the package manifest cannot be found.

CondaVerificationError: The package for python located at /local/scratch/autoafids/.pixi/envs/default/pkgs/python-3.9.23-hc30ae73_0_cpython
appears to be corrupted. The path 'lib/python3.9/warnings.py'
specified in the package manifest cannot be found.

CondaVerificationError: The package for python located at /local/scratch/autoafids/.pixi/envs/default/pkgs/python-3.9.23-hc30ae73_0_cpython
appears to be corrupted. The path 'lib/python3.9/wave.py'
specified in the package manifest cannot be found.

CondaVerificationError: The package for python located at /local/scratch/autoafids/.pixi/envs/default/pkgs/python-3.9.23-hc30ae73_0_cpython
appears to be corrupted. The path 'lib/python3.9/weakref.py'
specified in the package manifest cannot be found.

CondaVerificationError: The package for python located at /local/scratch/autoafids/.pixi/envs/default/pkgs/python-3.9.23-hc30ae73_0_cpython
appears to be corrupted. The path 'lib/python3.9/webbrowser.py'
specified in the package manifest cannot be found.

CondaVerificationError: The package for python located at /local/scratch/autoafids/.pixi/envs/default/pkgs/python-3.9.23-hc30ae73_0_cpython
appears to be corrupted. The path 'lib/python3.9/wsgiref/__init__.py'
specified in the package manifest cannot be found.

CondaVerificationError: The package for python located at /local/scratch/autoafids/.pixi/envs/default/pkgs/python-3.9.23-hc30ae73_0_cpython
appears to be corrupted. The path 'lib/python3.9/wsgiref/__pycache__/__init__.cpython-39.pyc'
specified in the package manifest cannot be found.

CondaVerificationError: The package for python located at /local/scratch/autoafids/.pixi/envs/default/pkgs/python-3.9.23-hc30ae73_0_cpython
appears to be corrupted. The path 'lib/python3.9/wsgiref/__pycache__/handlers.cpython-39.pyc'
specified in the package manifest cannot be found.

CondaVerificationError: The package for python located at /local/scratch/autoafids/.pixi/envs/default/pkgs/python-3.9.23-hc30ae73_0_cpython
appears to be corrupted. The path 'lib/python3.9/wsgiref/__pycache__/simple_server.cpython-39.pyc'
specified in the package manifest cannot be found.

CondaVerificationError: The package for python located at /local/scratch/autoafids/.pixi/envs/default/pkgs/python-3.9.23-hc30ae73_0_cpython
appears to be corrupted. The path 'lib/python3.9/wsgiref/__pycache__/validate.cpython-39.pyc'
specified in the package manifest cannot be found.

CondaVerificationError: The package for python located at /local/scratch/autoafids/.pixi/envs/default/pkgs/python-3.9.23-hc30ae73_0_cpython
appears to be corrupted. The path 'lib/python3.9/wsgiref/handlers.py'
specified in the package manifest cannot be found.

CondaVerificationError: The package for python located at /local/scratch/autoafids/.pixi/envs/default/pkgs/python-3.9.23-hc30ae73_0_cpython
appears to be corrupted. The path 'lib/python3.9/wsgiref/headers.py'
specified in the package manifest cannot be found.

CondaVerificationError: The package for python located at /local/scratch/autoafids/.pixi/envs/default/pkgs/python-3.9.23-hc30ae73_0_cpython
appears to be corrupted. The path 'lib/python3.9/wsgiref/util.py'
specified in the package manifest cannot be found.

CondaVerificationError: The package for python located at /local/scratch/autoafids/.pixi/envs/default/pkgs/python-3.9.23-hc30ae73_0_cpython
appears to be corrupted. The path 'lib/python3.9/wsgiref/validate.py'
specified in the package manifest cannot be found.

CondaVerificationError: The package for python located at /local/scratch/autoafids/.pixi/envs/default/pkgs/python-3.9.23-hc30ae73_0_cpython
appears to be corrupted. The path 'lib/python3.9/xml/__init__.py'
specified in the package manifest cannot be found.

CondaVerificationError: The package for python located at /local/scratch/autoafids/.pixi/envs/default/pkgs/python-3.9.23-hc30ae73_0_cpython
appears to be corrupted. The path 'lib/python3.9/xml/__pycache__/__init__.cpython-39.pyc'
specified in the package manifest cannot be found.

CondaVerificationError: The package for python located at /local/scratch/autoafids/.pixi/envs/default/pkgs/python-3.9.23-hc30ae73_0_cpython
appears to be corrupted. The path 'lib/python3.9/xml/dom/NodeFilter.py'
specified in the package manifest cannot be found.

CondaVerificationError: The package for python located at /local/scratch/autoafids/.pixi/envs/default/pkgs/python-3.9.23-hc30ae73_0_cpython
appears to be corrupted. The path 'lib/python3.9/xml/dom/__init__.py'
specified in the package manifest cannot be found.

CondaVerificationError: The package for python located at /local/scratch/autoafids/.pixi/envs/default/pkgs/python-3.9.23-hc30ae73_0_cpython
appears to be corrupted. The path 'lib/python3.9/xml/dom/__pycache__/domreg.cpython-39.pyc'
specified in the package manifest cannot be found.

CondaVerificationError: The package for python located at /local/scratch/autoafids/.pixi/envs/default/pkgs/python-3.9.23-hc30ae73_0_cpython
appears to be corrupted. The path 'lib/python3.9/xml/dom/__pycache__/expatbuilder.cpython-39.pyc'
specified in the package manifest cannot be found.

CondaVerificationError: The package for python located at /local/scratch/autoafids/.pixi/envs/default/pkgs/python-3.9.23-hc30ae73_0_cpython
appears to be corrupted. The path 'lib/python3.9/xml/dom/__pycache__/minicompat.cpython-39.pyc'
specified in the package manifest cannot be found.

CondaVerificationError: The package for python located at /local/scratch/autoafids/.pixi/envs/default/pkgs/python-3.9.23-hc30ae73_0_cpython
appears to be corrupted. The path 'lib/python3.9/xml/dom/__pycache__/pulldom.cpython-39.pyc'
specified in the package manifest cannot be found.

CondaVerificationError: The package for python located at /local/scratch/autoafids/.pixi/envs/default/pkgs/python-3.9.23-hc30ae73_0_cpython
appears to be corrupted. The path 'lib/python3.9/xml/dom/__pycache__/xmlbuilder.cpython-39.pyc'
specified in the package manifest cannot be found.

CondaVerificationError: The package for python located at /local/scratch/autoafids/.pixi/envs/default/pkgs/python-3.9.23-hc30ae73_0_cpython
appears to be corrupted. The path 'lib/python3.9/xml/dom/minidom.py'
specified in the package manifest cannot be found.

CondaVerificationError: The package for python located at /local/scratch/autoafids/.pixi/envs/default/pkgs/python-3.9.23-hc30ae73_0_cpython
appears to be corrupted. The path 'lib/python3.9/xml/dom/xmlbuilder.py'
specified in the package manifest cannot be found.

CondaVerificationError: The package for python located at /local/scratch/autoafids/.pixi/envs/default/pkgs/python-3.9.23-hc30ae73_0_cpython
appears to be corrupted. The path 'lib/python3.9/xml/etree/ElementInclude.py'
specified in the package manifest cannot be found.

CondaVerificationError: The package for python located at /local/scratch/autoafids/.pixi/envs/default/pkgs/python-3.9.23-hc30ae73_0_cpython
appears to be corrupted. The path 'lib/python3.9/xml/etree/ElementPath.py'
specified in the package manifest cannot be found.

CondaVerificationError: The package for python located at /local/scratch/autoafids/.pixi/envs/default/pkgs/python-3.9.23-hc30ae73_0_cpython
appears to be corrupted. The path 'lib/python3.9/xml/etree/ElementTree.py'
specified in the package manifest cannot be found.

CondaVerificationError: The package for python located at /local/scratch/autoafids/.pixi/envs/default/pkgs/python-3.9.23-hc30ae73_0_cpython
appears to be corrupted. The path 'lib/python3.9/xml/etree/__init__.py'
specified in the package manifest cannot be found.

CondaVerificationError: The package for python located at /local/scratch/autoafids/.pixi/envs/default/pkgs/python-3.9.23-hc30ae73_0_cpython
appears to be corrupted. The path 'lib/python3.9/xml/etree/__pycache__/ElementInclude.cpython-39.pyc'
specified in the package manifest cannot be found.

CondaVerificationError: The package for python located at /local/scratch/autoafids/.pixi/envs/default/pkgs/python-3.9.23-hc30ae73_0_cpython
appears to be corrupted. The path 'lib/python3.9/xml/etree/__pycache__/ElementPath.cpython-39.pyc'
specified in the package manifest cannot be found.

CondaVerificationError: The package for python located at /local/scratch/autoafids/.pixi/envs/default/pkgs/python-3.9.23-hc30ae73_0_cpython
appears to be corrupted. The path 'lib/python3.9/xml/etree/__pycache__/ElementTree.cpython-39.pyc'
specified in the package manifest cannot be found.

CondaVerificationError: The package for python located at /local/scratch/autoafids/.pixi/envs/default/pkgs/python-3.9.23-hc30ae73_0_cpython
appears to be corrupted. The path 'lib/python3.9/xml/etree/__pycache__/cElementTree.cpython-39.pyc'
specified in the package manifest cannot be found.

CondaVerificationError: The package for python located at /local/scratch/autoafids/.pixi/envs/default/pkgs/python-3.9.23-hc30ae73_0_cpython
appears to be corrupted. The path 'lib/python3.9/xml/parsers/__init__.py'
specified in the package manifest cannot be found.

CondaVerificationError: The package for python located at /local/scratch/autoafids/.pixi/envs/default/pkgs/python-3.9.23-hc30ae73_0_cpython
appears to be corrupted. The path 'lib/python3.9/xml/parsers/__pycache__/expat.cpython-39.pyc'
specified in the package manifest cannot be found.

CondaVerificationError: The package for python located at /local/scratch/autoafids/.pixi/envs/default/pkgs/python-3.9.23-hc30ae73_0_cpython
appears to be corrupted. The path 'lib/python3.9/xml/parsers/expat.py'
specified in the package manifest cannot be found.

CondaVerificationError: The package for python located at /local/scratch/autoafids/.pixi/envs/default/pkgs/python-3.9.23-hc30ae73_0_cpython
appears to be corrupted. The path 'lib/python3.9/xml/sax/__init__.py'
specified in the package manifest cannot be found.

CondaVerificationError: The package for python located at /local/scratch/autoafids/.pixi/envs/default/pkgs/python-3.9.23-hc30ae73_0_cpython
appears to be corrupted. The path 'lib/python3.9/xml/sax/__pycache__/__init__.cpython-39.pyc'
specified in the package manifest cannot be found.

CondaVerificationError: The package for python located at /local/scratch/autoafids/.pixi/envs/default/pkgs/python-3.9.23-hc30ae73_0_cpython
appears to be corrupted. The path 'lib/python3.9/xml/sax/__pycache__/_exceptions.cpython-39.pyc'
specified in the package manifest cannot be found.

CondaVerificationError: The package for python located at /local/scratch/autoafids/.pixi/envs/default/pkgs/python-3.9.23-hc30ae73_0_cpython
appears to be corrupted. The path 'lib/python3.9/xml/sax/__pycache__/expatreader.cpython-39.pyc'
specified in the package manifest cannot be found.

CondaVerificationError: The package for python located at /local/scratch/autoafids/.pixi/envs/default/pkgs/python-3.9.23-hc30ae73_0_cpython
appears to be corrupted. The path 'lib/python3.9/xml/sax/__pycache__/handler.cpython-39.pyc'
specified in the package manifest cannot be found.

CondaVerificationError: The package for python located at /local/scratch/autoafids/.pixi/envs/default/pkgs/python-3.9.23-hc30ae73_0_cpython
appears to be corrupted. The path 'lib/python3.9/xml/sax/__pycache__/xmlreader.cpython-39.pyc'
specified in the package manifest cannot be found.

CondaVerificationError: The package for python located at /local/scratch/autoafids/.pixi/envs/default/pkgs/python-3.9.23-hc30ae73_0_cpython
appears to be corrupted. The path 'lib/python3.9/xml/sax/_exceptions.py'
specified in the package manifest cannot be found.

CondaVerificationError: The package for python located at /local/scratch/autoafids/.pixi/envs/default/pkgs/python-3.9.23-hc30ae73_0_cpython
appears to be corrupted. The path 'lib/python3.9/xml/sax/handler.py'
specified in the package manifest cannot be found.

CondaVerificationError: The package for python located at /local/scratch/autoafids/.pixi/envs/default/pkgs/python-3.9.23-hc30ae73_0_cpython
appears to be corrupted. The path 'lib/python3.9/xmlrpc/__init__.py'
specified in the package manifest cannot be found.

CondaVerificationError: The package for python located at /local/scratch/autoafids/.pixi/envs/default/pkgs/python-3.9.23-hc30ae73_0_cpython
appears to be corrupted. The path 'lib/python3.9/xmlrpc/__pycache__/client.cpython-39.pyc'
specified in the package manifest cannot be found.

CondaVerificationError: The package for python located at /local/scratch/autoafids/.pixi/envs/default/pkgs/python-3.9.23-hc30ae73_0_cpython
appears to be corrupted. The path 'lib/python3.9/xmlrpc/__pycache__/server.cpython-39.pyc'
specified in the package manifest cannot be found.

CondaVerificationError: The package for python located at /local/scratch/autoafids/.pixi/envs/default/pkgs/python-3.9.23-hc30ae73_0_cpython
appears to be corrupted. The path 'lib/python3.9/xmlrpc/server.py'
specified in the package manifest cannot be found.

CondaVerificationError: The package for python located at /local/scratch/autoafids/.pixi/envs/default/pkgs/python-3.9.23-hc30ae73_0_cpython
appears to be corrupted. The path 'lib/python3.9/zipimport.py'
specified in the package manifest cannot be found.

CondaVerificationError: The package for python located at /local/scratch/autoafids/.pixi/envs/default/pkgs/python-3.9.23-hc30ae73_0_cpython
appears to be corrupted. The path 'lib/python3.9/zoneinfo/__pycache__/__init__.cpython-39.pyc'
specified in the package manifest cannot be found.

CondaVerificationError: The package for python located at /local/scratch/autoafids/.pixi/envs/default/pkgs/python-3.9.23-hc30ae73_0_cpython
appears to be corrupted. The path 'lib/python3.9/zoneinfo/__pycache__/_tzpath.cpython-39.pyc'
specified in the package manifest cannot be found.

CondaVerificationError: The package for python located at /local/scratch/autoafids/.pixi/envs/default/pkgs/python-3.9.23-hc30ae73_0_cpython
appears to be corrupted. The path 'lib/python3.9/zoneinfo/__pycache__/_zoneinfo.cpython-39.pyc'
specified in the package manifest cannot be found.

CondaVerificationError: The package for python located at /local/scratch/autoafids/.pixi/envs/default/pkgs/python-3.9.23-hc30ae73_0_cpython
appears to be corrupted. The path 'lib/python3.9/zoneinfo/_common.py'
specified in the package manifest cannot be found.

CondaVerificationError: The package for python located at /local/scratch/autoafids/.pixi/envs/default/pkgs/python-3.9.23-hc30ae73_0_cpython
appears to be corrupted. The path 'lib/python3.9/zoneinfo/_tzpath.py'
specified in the package manifest cannot be found.

CondaVerificationError: The package for python located at /local/scratch/autoafids/.pixi/envs/default/pkgs/python-3.9.23-hc30ae73_0_cpython
appears to be corrupted. The path 'lib/python3.9/zoneinfo/_zoneinfo.py'
specified in the package manifest cannot be found.

CondaVerificationError: The package for python located at /local/scratch/autoafids/.pixi/envs/default/pkgs/python-3.9.23-hc30ae73_0_cpython
appears to be corrupted. The path 'share/man/man1/python3.1'
specified in the package manifest cannot be found.

CondaVerificationError: The package for python located at /local/scratch/autoafids/.pixi/envs/default/pkgs/python-3.9.23-hc30ae73_0_cpython
appears to be corrupted. The path 'share/man/man1/python3.9.1'
specified in the package manifest cannot be found.

CondaVerificationError: The package for pip located at /local/scratch/autoafids/.pixi/envs/default/pkgs/pip-25.2-pyh8b19718_0
appears to be corrupted. The path 'site-packages/pip-25.2.dist-info/licenses/src/pip/_vendor/certifi/LICENSE'
specified in the package manifest cannot be found.

CondaVerificationError: The package for pip located at /local/scratch/autoafids/.pixi/envs/default/pkgs/pip-25.2-pyh8b19718_0
appears to be corrupted. The path 'site-packages/pip-25.2.dist-info/licenses/src/pip/_vendor/distro/LICENSE'
specified in the package manifest cannot be found.

CondaVerificationError: The package for pip located at /local/scratch/autoafids/.pixi/envs/default/pkgs/pip-25.2-pyh8b19718_0
appears to be corrupted. The path 'site-packages/pip-25.2.dist-info/licenses/src/pip/_vendor/msgpack/COPYING'
specified in the package manifest cannot be found.

CondaVerificationError: The package for pip located at /local/scratch/autoafids/.pixi/envs/default/pkgs/pip-25.2-pyh8b19718_0
appears to be corrupted. The path 'site-packages/pip-25.2.dist-info/licenses/src/pip/_vendor/pyproject_hooks/LICENSE'
specified in the package manifest cannot be found.

CondaVerificationError: The package for pip located at /local/scratch/autoafids/.pixi/envs/default/pkgs/pip-25.2-pyh8b19718_0
appears to be corrupted. The path 'site-packages/pip-25.2.dist-info/licenses/src/pip/_vendor/resolvelib/LICENSE'
specified in the package manifest cannot be found.

CondaVerificationError: The package for pip located at /local/scratch/autoafids/.pixi/envs/default/pkgs/pip-25.2-pyh8b19718_0
appears to be corrupted. The path 'site-packages/pip-25.2.dist-info/licenses/src/pip/_vendor/truststore/LICENSE'
specified in the package manifest cannot be found.

CondaVerificationError: The package for pip located at /local/scratch/autoafids/.pixi/envs/default/pkgs/pip-25.2-pyh8b19718_0
appears to be corrupted. The path 'site-packages/pip-25.2.dist-info/top_level.txt'
specified in the package manifest cannot be found.

CondaVerificationError: The package for pip located at /local/scratch/autoafids/.pixi/envs/default/pkgs/pip-25.2-pyh8b19718_0
appears to be corrupted. The path 'site-packages/pip/__init__.py'
specified in the package manifest cannot be found.

CondaVerificationError: The package for pip located at /local/scratch/autoafids/.pixi/envs/default/pkgs/pip-25.2-pyh8b19718_0
appears to be corrupted. The path 'site-packages/pip/__main__.py'
specified in the package manifest cannot be found.

CondaVerificationError: The package for pip located at /local/scratch/autoafids/.pixi/envs/default/pkgs/pip-25.2-pyh8b19718_0
appears to be corrupted. The path 'site-packages/pip/_internal/__init__.py'
specified in the package manifest cannot be found.

CondaVerificationError: The package for pip located at /local/scratch/autoafids/.pixi/envs/default/pkgs/pip-25.2-pyh8b19718_0
appears to be corrupted. The path 'site-packages/pip/_internal/cache.py'
specified in the package manifest cannot be found.

CondaVerificationError: The package for pip located at /local/scratch/autoafids/.pixi/envs/default/pkgs/pip-25.2-pyh8b19718_0
appears to be corrupted. The path 'site-packages/pip/_internal/cli/base_command.py'
specified in the package manifest cannot be found.

CondaVerificationError: The package for pip located at /local/scratch/autoafids/.pixi/envs/default/pkgs/pip-25.2-pyh8b19718_0
appears to be corrupted. The path 'site-packages/pip/_internal/cli/command_context.py'
specified in the package manifest cannot be found.

CondaVerificationError: The package for pip located at /local/scratch/autoafids/.pixi/envs/default/pkgs/pip-25.2-pyh8b19718_0
appears to be corrupted. The path 'site-packages/pip/_internal/cli/index_command.py'
specified in the package manifest cannot be found.

CondaVerificationError: The package for pip located at /local/scratch/autoafids/.pixi/envs/default/pkgs/pip-25.2-pyh8b19718_0
appears to be corrupted. The path 'site-packages/pip/_internal/cli/main.py'
specified in the package manifest cannot be found.

CondaVerificationError: The package for pip located at /local/scratch/autoafids/.pixi/envs/default/pkgs/pip-25.2-pyh8b19718_0
appears to be corrupted. The path 'site-packages/pip/_internal/cli/progress_bars.py'
specified in the package manifest cannot be found.

CondaVerificationError: The package for pip located at /local/scratch/autoafids/.pixi/envs/default/pkgs/pip-25.2-pyh8b19718_0
appears to be corrupted. The path 'site-packages/pip/_internal/cli/req_command.py'
specified in the package manifest cannot be found.

CondaVerificationError: The package for pip located at /local/scratch/autoafids/.pixi/envs/default/pkgs/pip-25.2-pyh8b19718_0
appears to be corrupted. The path 'site-packages/pip/_internal/commands/__init__.py'
specified in the package manifest cannot be found.

CondaVerificationError: The package for pip located at /local/scratch/autoafids/.pixi/envs/default/pkgs/pip-25.2-pyh8b19718_0
appears to be corrupted. The path 'site-packages/pip/_internal/commands/download.py'
specified in the package manifest cannot be found.

CondaVerificationError: The package for pip located at /local/scratch/autoafids/.pixi/envs/default/pkgs/pip-25.2-pyh8b19718_0
appears to be corrupted. The path 'site-packages/pip/_internal/commands/freeze.py'
specified in the package manifest cannot be found.

CondaVerificationError: The package for pip located at /local/scratch/autoafids/.pixi/envs/default/pkgs/pip-25.2-pyh8b19718_0
appears to be corrupted. The path 'site-packages/pip/_internal/commands/hash.py'
specified in the package manifest cannot be found.

CondaVerificationError: The package for pip located at /local/scratch/autoafids/.pixi/envs/default/pkgs/pip-25.2-pyh8b19718_0
appears to be corrupted. The path 'site-packages/pip/_internal/commands/index.py'
specified in the package manifest cannot be found.

CondaVerificationError: The package for pip located at /local/scratch/autoafids/.pixi/envs/default/pkgs/pip-25.2-pyh8b19718_0
appears to be corrupted. The path 'site-packages/pip/_internal/commands/install.py'
specified in the package manifest cannot be found.

CondaVerificationError: The package for pip located at /local/scratch/autoafids/.pixi/envs/default/pkgs/pip-25.2-pyh8b19718_0
appears to be corrupted. The path 'site-packages/pip/_internal/commands/list.py'
specified in the package manifest cannot be found.

CondaVerificationError: The package for pip located at /local/scratch/autoafids/.pixi/envs/default/pkgs/pip-25.2-pyh8b19718_0
appears to be corrupted. The path 'site-packages/pip/_internal/commands/show.py'
specified in the package manifest cannot be found.

CondaVerificationError: The package for pip located at /local/scratch/autoafids/.pixi/envs/default/pkgs/pip-25.2-pyh8b19718_0
appears to be corrupted. The path 'site-packages/pip/_internal/distributions/installed.py'
specified in the package manifest cannot be found.

CondaVerificationError: The package for pip located at /local/scratch/autoafids/.pixi/envs/default/pkgs/pip-25.2-pyh8b19718_0
appears to be corrupted. The path 'site-packages/pip/_internal/distributions/sdist.py'
specified in the package manifest cannot be found.

CondaVerificationError: The package for pip located at /local/scratch/autoafids/.pixi/envs/default/pkgs/pip-25.2-pyh8b19718_0
appears to be corrupted. The path 'site-packages/pip/_internal/exceptions.py'
specified in the package manifest cannot be found.

CondaVerificationError: The package for pip located at /local/scratch/autoafids/.pixi/envs/default/pkgs/pip-25.2-pyh8b19718_0
appears to be corrupted. The path 'site-packages/pip/_internal/index/collector.py'
specified in the package manifest cannot be found.

CondaVerificationError: The package for pip located at /local/scratch/autoafids/.pixi/envs/default/pkgs/pip-25.2-pyh8b19718_0
appears to be corrupted. The path 'site-packages/pip/_internal/index/package_finder.py'
specified in the package manifest cannot be found.

CondaVerificationError: The package for pip located at /local/scratch/autoafids/.pixi/envs/default/pkgs/pip-25.2-pyh8b19718_0
appears to be corrupted. The path 'site-packages/pip/_internal/main.py'
specified in the package manifest cannot be found.

CondaVerificationError: The package for pip located at /local/scratch/autoafids/.pixi/envs/default/pkgs/pip-25.2-pyh8b19718_0
appears to be corrupted. The path 'site-packages/pip/_internal/models/candidate.py'
specified in the package manifest cannot be found.

CondaVerificationError: The package for pip located at /local/scratch/autoafids/.pixi/envs/default/pkgs/pip-25.2-pyh8b19718_0
appears to be corrupted. The path 'site-packages/pip/_internal/models/index.py'
specified in the package manifest cannot be found.

CondaVerificationError: The package for pip located at /local/scratch/autoafids/.pixi/envs/default/pkgs/pip-25.2-pyh8b19718_0
appears to be corrupted. The path 'site-packages/pip/_internal/models/search_scope.py'
specified in the package manifest cannot be found.

CondaVerificationError: The package for pip located at /local/scratch/autoafids/.pixi/envs/default/pkgs/pip-25.2-pyh8b19718_0
appears to be corrupted. The path 'site-packages/pip/_internal/models/selection_prefs.py'
specified in the package manifest cannot be found.

CondaVerificationError: The package for pip located at /local/scratch/autoafids/.pixi/envs/default/pkgs/pip-25.2-pyh8b19718_0
appears to be corrupted. The path 'site-packages/pip/_internal/network/download.py'
specified in the package manifest cannot be found.

CondaVerificationError: The package for pip located at /local/scratch/autoafids/.pixi/envs/default/pkgs/pip-25.2-pyh8b19718_0
appears to be corrupted. The path 'site-packages/pip/_internal/network/lazy_wheel.py'
specified in the package manifest cannot be found.

CondaVerificationError: The package for pip located at /local/scratch/autoafids/.pixi/envs/default/pkgs/pip-25.2-pyh8b19718_0
appears to be corrupted. The path 'site-packages/pip/_internal/network/xmlrpc.py'
specified in the package manifest cannot be found.

CondaVerificationError: The package for pip located at /local/scratch/autoafids/.pixi/envs/default/pkgs/pip-25.2-pyh8b19718_0
appears to be corrupted. The path 'site-packages/pip/_internal/operations/__init__.py'
specified in the package manifest cannot be found.

CondaVerificationError: The package for pip located at /local/scratch/autoafids/.pixi/envs/default/pkgs/pip-25.2-pyh8b19718_0
appears to be corrupted. The path 'site-packages/pip/_internal/operations/build/__init__.py'
specified in the package manifest cannot be found.

CondaVerificationError: The package for pip located at /local/scratch/autoafids/.pixi/envs/default/pkgs/pip-25.2-pyh8b19718_0
appears to be corrupted. The path 'site-packages/pip/_internal/operations/build/metadata_legacy.py'
specified in the package manifest cannot be found.

CondaVerificationError: The package for pip located at /local/scratch/autoafids/.pixi/envs/default/pkgs/pip-25.2-pyh8b19718_0
appears to be corrupted. The path 'site-packages/pip/_internal/operations/build/wheel.py'
specified in the package manifest cannot be found.

CondaVerificationError: The package for pip located at /local/scratch/autoafids/.pixi/envs/default/pkgs/pip-25.2-pyh8b19718_0
appears to be corrupted. The path 'site-packages/pip/_internal/operations/build/wheel_legacy.py'
specified in the package manifest cannot be found.

CondaVerificationError: The package for pip located at /local/scratch/autoafids/.pixi/envs/default/pkgs/pip-25.2-pyh8b19718_0
appears to be corrupted. The path 'site-packages/pip/_internal/operations/install/__init__.py'
specified in the package manifest cannot be found.

CondaVerificationError: The package for pip located at /local/scratch/autoafids/.pixi/envs/default/pkgs/pip-25.2-pyh8b19718_0
appears to be corrupted. The path 'site-packages/pip/_internal/operations/install/editable_legacy.py'
specified in the package manifest cannot be found.

CondaVerificationError: The package for pip located at /local/scratch/autoafids/.pixi/envs/default/pkgs/pip-25.2-pyh8b19718_0
appears to be corrupted. The path 'site-packages/pip/_internal/operations/install/wheel.py'
specified in the package manifest cannot be found.

CondaVerificationError: The package for pip located at /local/scratch/autoafids/.pixi/envs/default/pkgs/pip-25.2-pyh8b19718_0
appears to be corrupted. The path 'site-packages/pip/_internal/pyproject.py'
specified in the package manifest cannot be found.

CondaVerificationError: The package for pip located at /local/scratch/autoafids/.pixi/envs/default/pkgs/pip-25.2-pyh8b19718_0
appears to be corrupted. The path 'site-packages/pip/_internal/req/req_dependency_group.py'
specified in the package manifest cannot be found.

CondaVerificationError: The package for pip located at /local/scratch/autoafids/.pixi/envs/default/pkgs/pip-25.2-pyh8b19718_0
appears to be corrupted. The path 'site-packages/pip/_internal/req/req_file.py'
specified in the package manifest cannot be found.

CondaVerificationError: The package for pip located at /local/scratch/autoafids/.pixi/envs/default/pkgs/pip-25.2-pyh8b19718_0
appears to be corrupted. The path 'site-packages/pip/_internal/req/req_set.py'
specified in the package manifest cannot be found.

CondaVerificationError: The package for pip located at /local/scratch/autoafids/.pixi/envs/default/pkgs/pip-25.2-pyh8b19718_0
appears to be corrupted. The path 'site-packages/pip/_internal/resolution/resolvelib/__init__.py'
specified in the package manifest cannot be found.

CondaVerificationError: The package for pip located at /local/scratch/autoafids/.pixi/envs/default/pkgs/pip-25.2-pyh8b19718_0
appears to be corrupted. The path 'site-packages/pip/_internal/resolution/resolvelib/factory.py'
specified in the package manifest cannot be found.

CondaVerificationError: The package for pip located at /local/scratch/autoafids/.pixi/envs/default/pkgs/pip-25.2-pyh8b19718_0
appears to be corrupted. The path 'site-packages/pip/_internal/resolution/resolvelib/found_candidates.py'
specified in the package manifest cannot be found.

CondaVerificationError: The package for pip located at /local/scratch/autoafids/.pixi/envs/default/pkgs/pip-25.2-pyh8b19718_0
appears to be corrupted. The path 'site-packages/pip/_internal/resolution/resolvelib/provider.py'
specified in the package manifest cannot be found.

CondaVerificationError: The package for pip located at /local/scratch/autoafids/.pixi/envs/default/pkgs/pip-25.2-pyh8b19718_0
appears to be corrupted. The path 'site-packages/pip/_internal/resolution/resolvelib/requirements.py'
specified in the package manifest cannot be found.

CondaVerificationError: The package for pip located at /local/scratch/autoafids/.pixi/envs/default/pkgs/pip-25.2-pyh8b19718_0
appears to be corrupted. The path 'site-packages/pip/_internal/resolution/resolvelib/resolver.py'
specified in the package manifest cannot be found.

CondaVerificationError: The package for pip located at /local/scratch/autoafids/.pixi/envs/default/pkgs/pip-25.2-pyh8b19718_0
appears to be corrupted. The path 'site-packages/pip/_internal/utils/__init__.py'
specified in the package manifest cannot be found.

CondaVerificationError: The package for pip located at /local/scratch/autoafids/.pixi/envs/default/pkgs/pip-25.2-pyh8b19718_0
appears to be corrupted. The path 'site-packages/pip/_internal/utils/compat.py'
specified in the package manifest cannot be found.

CondaVerificationError: The package for pip located at /local/scratch/autoafids/.pixi/envs/default/pkgs/pip-25.2-pyh8b19718_0
appears to be corrupted. The path 'site-packages/pip/_internal/utils/filesystem.py'
specified in the package manifest cannot be found.

CondaVerificationError: The package for pip located at /local/scratch/autoafids/.pixi/envs/default/pkgs/pip-25.2-pyh8b19718_0
appears to be corrupted. The path 'site-packages/pip/_internal/utils/glibc.py'
specified in the package manifest cannot be found.

CondaVerificationError: The package for pip located at /local/scratch/autoafids/.pixi/envs/default/pkgs/pip-25.2-pyh8b19718_0
appears to be corrupted. The path 'site-packages/pip/_internal/utils/packaging.py'
specified in the package manifest cannot be found.

CondaVerificationError: The package for pip located at /local/scratch/autoafids/.pixi/envs/default/pkgs/pip-25.2-pyh8b19718_0
appears to be corrupted. The path 'site-packages/pip/_internal/utils/retry.py'
specified in the package manifest cannot be found.

CondaVerificationError: The package for pip located at /local/scratch/autoafids/.pixi/envs/default/pkgs/pip-25.2-pyh8b19718_0
appears to be corrupted. The path 'site-packages/pip/_internal/vcs/subversion.py'
specified in the package manifest cannot be found.

CondaVerificationError: The package for pip located at /local/scratch/autoafids/.pixi/envs/default/pkgs/pip-25.2-pyh8b19718_0
appears to be corrupted. The path 'site-packages/pip/_internal/wheel_builder.py'
specified in the package manifest cannot be found.

CondaVerificationError: The package for pip located at /local/scratch/autoafids/.pixi/envs/default/pkgs/pip-25.2-pyh8b19718_0
appears to be corrupted. The path 'site-packages/pip/_vendor/__init__.py'
specified in the package manifest cannot be found.

CondaVerificationError: The package for pip located at /local/scratch/autoafids/.pixi/envs/default/pkgs/pip-25.2-pyh8b19718_0
appears to be corrupted. The path 'site-packages/pip/_vendor/cachecontrol/cache.py'
specified in the package manifest cannot be found.

CondaVerificationError: The package for pip located at /local/scratch/autoafids/.pixi/envs/default/pkgs/pip-25.2-pyh8b19718_0
appears to be corrupted. The path 'site-packages/pip/_vendor/cachecontrol/caches/__init__.py'
specified in the package manifest cannot be found.

CondaVerificationError: The package for pip located at /local/scratch/autoafids/.pixi/envs/default/pkgs/pip-25.2-pyh8b19718_0
appears to be corrupted. The path 'site-packages/pip/_vendor/cachecontrol/caches/file_cache.py'
specified in the package manifest cannot be found.

CondaVerificationError: The package for pip located at /local/scratch/autoafids/.pixi/envs/default/pkgs/pip-25.2-pyh8b19718_0
appears to be corrupted. The path 'site-packages/pip/_vendor/cachecontrol/controller.py'
specified in the package manifest cannot be found.

CondaVerificationError: The package for pip located at /local/scratch/autoafids/.pixi/envs/default/pkgs/pip-25.2-pyh8b19718_0
appears to be corrupted. The path 'site-packages/pip/_vendor/cachecontrol/py.typed'
specified in the package manifest cannot be found.

CondaVerificationError: The package for pip located at /local/scratch/autoafids/.pixi/envs/default/pkgs/pip-25.2-pyh8b19718_0
appears to be corrupted. The path 'site-packages/pip/_vendor/cachecontrol/serialize.py'
specified in the package manifest cannot be found.

CondaVerificationError: The package for pip located at /local/scratch/autoafids/.pixi/envs/default/pkgs/pip-25.2-pyh8b19718_0
appears to be corrupted. The path 'site-packages/pip/_vendor/certifi/__init__.py'
specified in the package manifest cannot be found.

CondaVerificationError: The package for pip located at /local/scratch/autoafids/.pixi/envs/default/pkgs/pip-25.2-pyh8b19718_0
appears to be corrupted. The path 'site-packages/pip/_vendor/dependency_groups/_lint_dependency_groups.py'
specified in the package manifest cannot be found.

CondaVerificationError: The package for pip located at /local/scratch/autoafids/.pixi/envs/default/pkgs/pip-25.2-pyh8b19718_0
appears to be corrupted. The path 'site-packages/pip/_vendor/dependency_groups/_pip_wrapper.py'
specified in the package manifest cannot be found.

CondaVerificationError: The package for pip located at /local/scratch/autoafids/.pixi/envs/default/pkgs/pip-25.2-pyh8b19718_0
appears to be corrupted. The path 'site-packages/pip/_vendor/dependency_groups/_toml_compat.py'
specified in the package manifest cannot be found.

CondaVerificationError: The package for pip located at /local/scratch/autoafids/.pixi/envs/default/pkgs/pip-25.2-pyh8b19718_0
appears to be corrupted. The path 'site-packages/pip/_vendor/distlib/compat.py'
specified in the package manifest cannot be found.

CondaVerificationError: The package for pip located at /local/scratch/autoafids/.pixi/envs/default/pkgs/pip-25.2-pyh8b19718_0
appears to be corrupted. The path 'site-packages/pip/_vendor/distlib/util.py'
specified in the package manifest cannot be found.

CondaVerificationError: The package for pip located at /local/scratch/autoafids/.pixi/envs/default/pkgs/pip-25.2-pyh8b19718_0
appears to be corrupted. The path 'site-packages/pip/_vendor/distlib/w64.exe'
specified in the package manifest cannot be found.

CondaVerificationError: The package for pip located at /local/scratch/autoafids/.pixi/envs/default/pkgs/pip-25.2-pyh8b19718_0
appears to be corrupted. The path 'site-packages/pip/_vendor/distro/__main__.py'
specified in the package manifest cannot be found.

CondaVerificationError: The package for pip located at /local/scratch/autoafids/.pixi/envs/default/pkgs/pip-25.2-pyh8b19718_0
appears to be corrupted. The path 'site-packages/pip/_vendor/idna/__init__.py'
specified in the package manifest cannot be found.

CondaVerificationError: The package for pip located at /local/scratch/autoafids/.pixi/envs/default/pkgs/pip-25.2-pyh8b19718_0
appears to be corrupted. The path 'site-packages/pip/_vendor/idna/codec.py'
specified in the package manifest cannot be found.

CondaVerificationError: The package for pip located at /local/scratch/autoafids/.pixi/envs/default/pkgs/pip-25.2-pyh8b19718_0
appears to be corrupted. The path 'site-packages/pip/_vendor/idna/core.py'
specified in the package manifest cannot be found.

CondaVerificationError: The package for pip located at /local/scratch/autoafids/.pixi/envs/default/pkgs/pip-25.2-pyh8b19718_0
appears to be corrupted. The path 'site-packages/pip/_vendor/idna/idnadata.py'
specified in the package manifest cannot be found.

CondaVerificationError: The package for pip located at /local/scratch/autoafids/.pixi/envs/default/pkgs/pip-25.2-pyh8b19718_0
appears to be corrupted. The path 'site-packages/pip/_vendor/idna/intranges.py'
specified in the package manifest cannot be found.

CondaVerificationError: The package for pip located at /local/scratch/autoafids/.pixi/envs/default/pkgs/pip-25.2-pyh8b19718_0
appears to be corrupted. The path 'site-packages/pip/_vendor/idna/uts46data.py'
specified in the package manifest cannot be found.

CondaVerificationError: The package for pip located at /local/scratch/autoafids/.pixi/envs/default/pkgs/pip-25.2-pyh8b19718_0
appears to be corrupted. The path 'site-packages/pip/_vendor/msgpack/fallback.py'
specified in the package manifest cannot be found.

CondaVerificationError: The package for pip located at /local/scratch/autoafids/.pixi/envs/default/pkgs/pip-25.2-pyh8b19718_0
appears to be corrupted. The path 'site-packages/pip/_vendor/packaging/_manylinux.py'
specified in the package manifest cannot be found.

CondaVerificationError: The package for pip located at /local/scratch/autoafids/.pixi/envs/default/pkgs/pip-25.2-pyh8b19718_0
appears to be corrupted. The path 'site-packages/pip/_vendor/packaging/_musllinux.py'
specified in the package manifest cannot be found.

CondaVerificationError: The package for pip located at /local/scratch/autoafids/.pixi/envs/default/pkgs/pip-25.2-pyh8b19718_0
appears to be corrupted. The path 'site-packages/pip/_vendor/packaging/licenses/_spdx.py'
specified in the package manifest cannot be found.

CondaVerificationError: The package for pip located at /local/scratch/autoafids/.pixi/envs/default/pkgs/pip-25.2-pyh8b19718_0
appears to be corrupted. The path 'site-packages/pip/_vendor/packaging/markers.py'
specified in the package manifest cannot be found.

CondaVerificationError: The package for pip located at /local/scratch/autoafids/.pixi/envs/default/pkgs/pip-25.2-pyh8b19718_0
appears to be corrupted. The path 'site-packages/pip/_vendor/packaging/metadata.py'
specified in the package manifest cannot be found.

CondaVerificationError: The package for pip located at /local/scratch/autoafids/.pixi/envs/default/pkgs/pip-25.2-pyh8b19718_0
appears to be corrupted. The path 'site-packages/pip/_vendor/packaging/specifiers.py'
specified in the package manifest cannot be found.

CondaVerificationError: The package for pip located at /local/scratch/autoafids/.pixi/envs/default/pkgs/pip-25.2-pyh8b19718_0
appears to be corrupted. The path 'site-packages/pip/_vendor/packaging/utils.py'
specified in the package manifest cannot be found.

CondaVerificationError: The package for pip located at /local/scratch/autoafids/.pixi/envs/default/pkgs/pip-25.2-pyh8b19718_0
appears to be corrupted. The path 'site-packages/pip/_vendor/packaging/version.py'
specified in the package manifest cannot be found.

CondaVerificationError: The package for pip located at /local/scratch/autoafids/.pixi/envs/default/pkgs/pip-25.2-pyh8b19718_0
appears to be corrupted. The path 'site-packages/pip/_vendor/platformdirs/__init__.py'
specified in the package manifest cannot be found.

CondaVerificationError: The package for pip located at /local/scratch/autoafids/.pixi/envs/default/pkgs/pip-25.2-pyh8b19718_0
appears to be corrupted. The path 'site-packages/pip/_vendor/platformdirs/__main__.py'
specified in the package manifest cannot be found.

CondaVerificationError: The package for pip located at /local/scratch/autoafids/.pixi/envs/default/pkgs/pip-25.2-pyh8b19718_0
appears to be corrupted. The path 'site-packages/pip/_vendor/platformdirs/android.py'
specified in the package manifest cannot be found.

CondaVerificationError: The package for pip located at /local/scratch/autoafids/.pixi/envs/default/pkgs/pip-25.2-pyh8b19718_0
appears to be corrupted. The path 'site-packages/pip/_vendor/platformdirs/macos.py'
specified in the package manifest cannot be found.

CondaVerificationError: The package for pip located at /local/scratch/autoafids/.pixi/envs/default/pkgs/pip-25.2-pyh8b19718_0
appears to be corrupted. The path 'site-packages/pip/_vendor/platformdirs/windows.py'
specified in the package manifest cannot be found.

CondaVerificationError: The package for pip located at /local/scratch/autoafids/.pixi/envs/default/pkgs/pip-25.2-pyh8b19718_0
appears to be corrupted. The path 'site-packages/pip/_vendor/pygments/console.py'
specified in the package manifest cannot be found.

CondaVerificationError: The package for pip located at /local/scratch/autoafids/.pixi/envs/default/pkgs/pip-25.2-pyh8b19718_0
appears to be corrupted. The path 'site-packages/pip/_vendor/pygments/formatter.py'
specified in the package manifest cannot be found.

CondaVerificationError: The package for pip located at /local/scratch/autoafids/.pixi/envs/default/pkgs/pip-25.2-pyh8b19718_0
appears to be corrupted. The path 'site-packages/pip/_vendor/pygments/lexers/_mapping.py'
specified in the package manifest cannot be found.

CondaVerificationError: The package for pip located at /local/scratch/autoafids/.pixi/envs/default/pkgs/pip-25.2-pyh8b19718_0
appears to be corrupted. The path 'site-packages/pip/_vendor/pygments/lexers/python.py'
specified in the package manifest cannot be found.

CondaVerificationError: The package for pip located at /local/scratch/autoafids/.pixi/envs/default/pkgs/pip-25.2-pyh8b19718_0
appears to be corrupted. The path 'site-packages/pip/_vendor/pygments/scanner.py'
specified in the package manifest cannot be found.

CondaVerificationError: The package for pip located at /local/scratch/autoafids/.pixi/envs/default/pkgs/pip-25.2-pyh8b19718_0
appears to be corrupted. The path 'site-packages/pip/_vendor/pygments/sphinxext.py'
specified in the package manifest cannot be found.

CondaVerificationError: The package for pip located at /local/scratch/autoafids/.pixi/envs/default/pkgs/pip-25.2-pyh8b19718_0
appears to be corrupted. The path 'site-packages/pip/_vendor/pygments/styles/__init__.py'
specified in the package manifest cannot be found.

CondaVerificationError: The package for pip located at /local/scratch/autoafids/.pixi/envs/default/pkgs/pip-25.2-pyh8b19718_0
appears to be corrupted. The path 'site-packages/pip/_vendor/pyproject_hooks/__init__.py'
specified in the package manifest cannot be found.

CondaVerificationError: The package for pip located at /local/scratch/autoafids/.pixi/envs/default/pkgs/pip-25.2-pyh8b19718_0
appears to be corrupted. The path 'site-packages/pip/_vendor/pyproject_hooks/_in_process/_in_process.py'
specified in the package manifest cannot be found.

CondaVerificationError: The package for pip located at /local/scratch/autoafids/.pixi/envs/default/pkgs/pip-25.2-pyh8b19718_0
appears to be corrupted. The path 'site-packages/pip/_vendor/pyproject_hooks/py.typed'
specified in the package manifest cannot be found.

CondaVerificationError: The package for pip located at /local/scratch/autoafids/.pixi/envs/default/pkgs/pip-25.2-pyh8b19718_0
appears to be corrupted. The path 'site-packages/pip/_vendor/requests/__init__.py'
specified in the package manifest cannot be found.

CondaVerificationError: The package for pip located at /local/scratch/autoafids/.pixi/envs/default/pkgs/pip-25.2-pyh8b19718_0
appears to be corrupted. The path 'site-packages/pip/_vendor/requests/help.py'
specified in the package manifest cannot be found.

CondaVerificationError: The package for pip located at /local/scratch/autoafids/.pixi/envs/default/pkgs/pip-25.2-pyh8b19718_0
appears to be corrupted. The path 'site-packages/pip/_vendor/requests/hooks.py'
specified in the package manifest cannot be found.

CondaVerificationError: The package for pip located at /local/scratch/autoafids/.pixi/envs/default/pkgs/pip-25.2-pyh8b19718_0
appears to be corrupted. The path 'site-packages/pip/_vendor/resolvelib/resolvers/__init__.py'
specified in the package manifest cannot be found.

CondaVerificationError: The package for pip located at /local/scratch/autoafids/.pixi/envs/default/pkgs/pip-25.2-pyh8b19718_0
appears to be corrupted. The path 'site-packages/pip/_vendor/resolvelib/resolvers/abstract.py'
specified in the package manifest cannot be found.

CondaVerificationError: The package for pip located at /local/scratch/autoafids/.pixi/envs/default/pkgs/pip-25.2-pyh8b19718_0
appears to be corrupted. The path 'site-packages/pip/_vendor/resolvelib/resolvers/resolution.py'
specified in the package manifest cannot be found.

CondaVerificationError: The package for pip located at /local/scratch/autoafids/.pixi/envs/default/pkgs/pip-25.2-pyh8b19718_0
appears to be corrupted. The path 'site-packages/pip/_vendor/resolvelib/structs.py'
specified in the package manifest cannot be found.

CondaVerificationError: The package for pip located at /local/scratch/autoafids/.pixi/envs/default/pkgs/pip-25.2-pyh8b19718_0
appears to be corrupted. The path 'site-packages/pip/_vendor/rich/_emoji_codes.py'
specified in the package manifest cannot be found.

CondaVerificationError: The package for pip located at /local/scratch/autoafids/.pixi/envs/default/pkgs/pip-25.2-pyh8b19718_0
appears to be corrupted. The path 'site-packages/pip/_vendor/rich/_export_format.py'
specified in the package manifest cannot be found.

CondaVerificationError: The package for pip located at /local/scratch/autoafids/.pixi/envs/default/pkgs/pip-25.2-pyh8b19718_0
appears to be corrupted. The path 'site-packages/pip/_vendor/rich/_fileno.py'
specified in the package manifest cannot be found.

CondaVerificationError: The package for pip located at /local/scratch/autoafids/.pixi/envs/default/pkgs/pip-25.2-pyh8b19718_0
appears to be corrupted. The path 'site-packages/pip/_vendor/rich/_inspect.py'
specified in the package manifest cannot be found.

CondaVerificationError: The package for pip located at /local/scratch/autoafids/.pixi/envs/default/pkgs/pip-25.2-pyh8b19718_0
appears to be corrupted. The path 'site-packages/pip/_vendor/rich/_null_file.py'
specified in the package manifest cannot be found.

CondaVerificationError: The package for pip located at /local/scratch/autoafids/.pixi/envs/default/pkgs/pip-25.2-pyh8b19718_0
appears to be corrupted. The path 'site-packages/pip/_vendor/rich/_pick.py'
specified in the package manifest cannot be found.

CondaVerificationError: The package for pip located at /local/scratch/autoafids/.pixi/envs/default/pkgs/pip-25.2-pyh8b19718_0
appears to be corrupted. The path 'site-packages/pip/_vendor/rich/_stack.py'
specified in the package manifest cannot be found.

CondaVerificationError: The package for pip located at /local/scratch/autoafids/.pixi/envs/default/pkgs/pip-25.2-pyh8b19718_0
appears to be corrupted. The path 'site-packages/pip/_vendor/rich/_win32_console.py'
specified in the package manifest cannot be found.

CondaVerificationError: The package for pip located at /local/scratch/autoafids/.pixi/envs/default/pkgs/pip-25.2-pyh8b19718_0
appears to be corrupted. The path 'site-packages/pip/_vendor/rich/_windows.py'
specified in the package manifest cannot be found.

CondaVerificationError: The package for pip located at /local/scratch/autoafids/.pixi/envs/default/pkgs/pip-25.2-pyh8b19718_0
appears to be corrupted. The path 'site-packages/pip/_vendor/rich/_windows_renderer.py'
specified in the package manifest cannot be found.

CondaVerificationError: The package for pip located at /local/scratch/autoafids/.pixi/envs/default/pkgs/pip-25.2-pyh8b19718_0
appears to be corrupted. The path 'site-packages/pip/_vendor/rich/abc.py'
specified in the package manifest cannot be found.

CondaVerificationError: The package for pip located at /local/scratch/autoafids/.pixi/envs/default/pkgs/pip-25.2-pyh8b19718_0
appears to be corrupted. The path 'site-packages/pip/_vendor/rich/cells.py'
specified in the package manifest cannot be found.

CondaVerificationError: The package for pip located at /local/scratch/autoafids/.pixi/envs/default/pkgs/pip-25.2-pyh8b19718_0
appears to be corrupted. The path 'site-packages/pip/_vendor/rich/color_triplet.py'
specified in the package manifest cannot be found.

CondaVerificationError: The package for pip located at /local/scratch/autoafids/.pixi/envs/default/pkgs/pip-25.2-pyh8b19718_0
appears to be corrupted. The path 'site-packages/pip/_vendor/rich/console.py'
specified in the package manifest cannot be found.

CondaVerificationError: The package for pip located at /local/scratch/autoafids/.pixi/envs/default/pkgs/pip-25.2-pyh8b19718_0
appears to be corrupted. The path 'site-packages/pip/_vendor/rich/emoji.py'
specified in the package manifest cannot be found.

CondaVerificationError: The package for pip located at /local/scratch/autoafids/.pixi/envs/default/pkgs/pip-25.2-pyh8b19718_0
appears to be corrupted. The path 'site-packages/pip/_vendor/rich/file_proxy.py'
specified in the package manifest cannot be found.

CondaVerificationError: The package for pip located at /local/scratch/autoafids/.pixi/envs/default/pkgs/pip-25.2-pyh8b19718_0
appears to be corrupted. The path 'site-packages/pip/_vendor/rich/live.py'
specified in the package manifest cannot be found.

CondaVerificationError: The package for pip located at /local/scratch/autoafids/.pixi/envs/default/pkgs/pip-25.2-pyh8b19718_0
appears to be corrupted. The path 'site-packages/pip/_vendor/rich/pager.py'
specified in the package manifest cannot be found.

CondaVerificationError: The package for pip located at /local/scratch/autoafids/.pixi/envs/default/pkgs/pip-25.2-pyh8b19718_0
appears to be corrupted. The path 'site-packages/pip/_vendor/rich/palette.py'
specified in the package manifest cannot be found.

CondaVerificationError: The package for pip located at /local/scratch/autoafids/.pixi/envs/default/pkgs/pip-25.2-pyh8b19718_0
appears to be corrupted. The path 'site-packages/pip/_vendor/rich/panel.py'
specified in the package manifest cannot be found.

CondaVerificationError: The package for pip located at /local/scratch/autoafids/.pixi/envs/default/pkgs/pip-25.2-pyh8b19718_0
appears to be corrupted. The path 'site-packages/pip/_vendor/rich/py.typed'
specified in the package manifest cannot be found.

CondaVerificationError: The package for pip located at /local/scratch/autoafids/.pixi/envs/default/pkgs/pip-25.2-pyh8b19718_0
appears to be corrupted. The path 'site-packages/pip/_vendor/rich/scope.py'
specified in the package manifest cannot be found.

CondaVerificationError: The package for pip located at /local/scratch/autoafids/.pixi/envs/default/pkgs/pip-25.2-pyh8b19718_0
appears to be corrupted. The path 'site-packages/pip/_vendor/rich/segment.py'
specified in the package manifest cannot be found.

CondaVerificationError: The package for pip located at /local/scratch/autoafids/.pixi/envs/default/pkgs/pip-25.2-pyh8b19718_0
appears to be corrupted. The path 'site-packages/pip/_vendor/rich/spinner.py'
specified in the package manifest cannot be found.

CondaVerificationError: The package for pip located at /local/scratch/autoafids/.pixi/envs/default/pkgs/pip-25.2-pyh8b19718_0
appears to be corrupted. The path 'site-packages/pip/_vendor/rich/themes.py'
specified in the package manifest cannot be found.

CondaVerificationError: The package for pip located at /local/scratch/autoafids/.pixi/envs/default/pkgs/pip-25.2-pyh8b19718_0
appears to be corrupted. The path 'site-packages/pip/_vendor/rich/tree.py'
specified in the package manifest cannot be found.

CondaVerificationError: The package for pip located at /local/scratch/autoafids/.pixi/envs/default/pkgs/pip-25.2-pyh8b19718_0
appears to be corrupted. The path 'site-packages/pip/_vendor/tomli/_types.py'
specified in the package manifest cannot be found.

CondaVerificationError: The package for pip located at /local/scratch/autoafids/.pixi/envs/default/pkgs/pip-25.2-pyh8b19718_0
appears to be corrupted. The path 'site-packages/pip/_vendor/tomli_w/__init__.py'
specified in the package manifest cannot be found.

CondaVerificationError: The package for pip located at /local/scratch/autoafids/.pixi/envs/default/pkgs/pip-25.2-pyh8b19718_0
appears to be corrupted. The path 'site-packages/pip/_vendor/tomli_w/py.typed'
specified in the package manifest cannot be found.

CondaVerificationError: The package for pip located at /local/scratch/autoafids/.pixi/envs/default/pkgs/pip-25.2-pyh8b19718_0
appears to be corrupted. The path 'site-packages/pip/_vendor/urllib3/contrib/_securetransport/low_level.py'
specified in the package manifest cannot be found.

CondaVerificationError: The package for pip located at /local/scratch/autoafids/.pixi/envs/default/pkgs/pip-25.2-pyh8b19718_0
appears to be corrupted. The path 'site-packages/pip/_vendor/urllib3/contrib/pyopenssl.py'
specified in the package manifest cannot be found.

CondaVerificationError: The package for pip located at /local/scratch/autoafids/.pixi/envs/default/pkgs/pip-25.2-pyh8b19718_0
appears to be corrupted. The path 'site-packages/pip/_vendor/urllib3/exceptions.py'
specified in the package manifest cannot be found.

CondaVerificationError: The package for pip located at /local/scratch/autoafids/.pixi/envs/default/pkgs/pip-25.2-pyh8b19718_0
appears to be corrupted. The path 'site-packages/pip/_vendor/urllib3/fields.py'
specified in the package manifest cannot be found.

SafetyError: The package for pip located at /local/scratch/autoafids/.pixi/envs/default/pkgs/pip-25.2-pyh8b19718_0
appears to be corrupted. The path 'site-packages/pip/_vendor/urllib3/filepost.py'
has an incorrect size.
  reported size: 2440 bytes
  actual size: 0 bytes

CondaVerificationError: The package for pip located at /local/scratch/autoafids/.pixi/envs/default/pkgs/pip-25.2-pyh8b19718_0
appears to be corrupted. The path 'site-packages/pip/_vendor/urllib3/packages/six.py'
specified in the package manifest cannot be found.

CondaVerificationError: The package for pip located at /local/scratch/autoafids/.pixi/envs/default/pkgs/pip-25.2-pyh8b19718_0
appears to be corrupted. The path 'site-packages/pip/_vendor/urllib3/util/__init__.py'
specified in the package manifest cannot be found.

CondaVerificationError: The package for pip located at /local/scratch/autoafids/.pixi/envs/default/pkgs/pip-25.2-pyh8b19718_0
appears to be corrupted. The path 'site-packages/pip/_vendor/urllib3/util/queue.py'
specified in the package manifest cannot be found.

CondaVerificationError: The package for pip located at /local/scratch/autoafids/.pixi/envs/default/pkgs/pip-25.2-pyh8b19718_0
appears to be corrupted. The path 'site-packages/pip/_vendor/urllib3/util/response.py'
specified in the package manifest cannot be found.

CondaVerificationError: The package for pip located at /local/scratch/autoafids/.pixi/envs/default/pkgs/pip-25.2-pyh8b19718_0
appears to be corrupted. The path 'site-packages/pip/_vendor/urllib3/util/ssl_.py'
specified in the package manifest cannot be found.

CondaVerificationError: The package for pip located at /local/scratch/autoafids/.pixi/envs/default/pkgs/pip-25.2-pyh8b19718_0
appears to be corrupted. The path 'site-packages/pip/_vendor/urllib3/util/ssl_match_hostname.py'
specified in the package manifest cannot be found.

CondaVerificationError: The package for pip located at /local/scratch/autoafids/.pixi/envs/default/pkgs/pip-25.2-pyh8b19718_0
appears to be corrupted. The path 'site-packages/pip/_vendor/urllib3/util/timeout.py'
specified in the package manifest cannot be found.



